source,archive_member,sha256,bytes,run,path_date
historical/outputs/atlas_only_modified/atlas_only_codec_eval.json,raw/atlas_only_modified/atlas_only_codec_eval.json,75e98ca9bc5a99dfed596af01608ccaa9e9d080b7d1fee0a37b570d9687395dc,6207,atlas_only_modified/overview,未记录
historical/outputs/atlas_only_modified/atlas_only_codec_eval.md,raw/atlas_only_modified/atlas_only_codec_eval.md,6e9b2be4c9777784b0d501aec70cb6bc1977f47797194400575d8f9a72dbd281,1125,atlas_only_modified/overview,未记录
historical/outputs/atlas_only_modified/plots/eval_dynamics.png,raw/atlas_only_modified/plots__eval_dynamics.png,4c0f9bf3d4bf15eba224dd2250bcfac8ce9c95d350bf886a01a02e525adebdca,260652,atlas_only_modified/plots,未记录
historical/outputs/atlas_only_modified/plots/eval_loss.png,raw/atlas_only_modified/plots__eval_loss.png,1e7ce726fe8c0879761bac994c6fe901c4fa6bafeeb9d23ec36765039b81940b,284285,atlas_only_modified/plots,未记录
historical/outputs/atlas_only_modified/plots/eval_metrics.csv,raw/atlas_only_modified/plots__eval_metrics.csv,bdcd552d30b47149ba6ca7da312fbc73b4087d67f55ae2de4e9ed26535265954,1631,atlas_only_modified/plots,未记录
historical/outputs/atlas_only_modified/plots/eval_reconstruction.png,raw/atlas_only_modified/plots__eval_reconstruction.png,a5e4b5d37d9146e22e29cac5264b22564ee6ea15eadbec8f3dc25be5b5b09c94,205993,atlas_only_modified/plots,未记录
historical/outputs/atlas_only_modified/plots/loss_curves.png,raw/atlas_only_modified/plots__loss_curves.png,5a4191d599d60dc79b3400635dcf12f3f3808f6f0fd3261a23ec7746ae3636d2,1134965,atlas_only_modified/plots,未记录
historical/outputs/atlas_only_modified/ratio1_no_temporal/train_metrics.jsonl,raw/atlas_only_modified/ratio1_no_temporal__train_metrics.jsonl,540bec8d284b5c8241aafbd12c6e070de08a2107a7d0e4d9020eb449ba8c88ce,654632,atlas_only_modified/ratio1_no_temporal,未记录
historical/outputs/atlas_only_modified/ratio1_temporal/train_metrics.jsonl,raw/atlas_only_modified/ratio1_temporal__train_metrics.jsonl,9124383372c95119a1f7458ad650ca4ae93b7782b8c4c6b5ec6ac2ddc6bd587b,654787,atlas_only_modified/ratio1_temporal,未记录
historical/outputs/atlas_only_modified/ratio4_temporal/train_metrics.jsonl,raw/atlas_only_modified/ratio4_temporal__train_metrics.jsonl,f6513de47fd597d854c78fbda330d5a1b1e60c3fcda48cc1bf2643b99b9b806d,654668,atlas_only_modified/ratio4_temporal,未记录
historical/outputs/atlas_quarter_50epoch/ratio1_no_temporal/train_metrics.jsonl,raw/atlas_quarter_50epoch/ratio1_no_temporal__train_metrics.jsonl,2a9ec6b16bb6cd40a30171b0425898798ace70df83bfa461dd682bf2e8129fdc,4571,atlas_quarter_50epoch/ratio1_no_temporal,未记录
historical/outputs/atlas_selected_trajectories/candidate_metrics.json,raw/atlas_selected_trajectories/candidate_metrics.json,486f992e77990acf9fd60b06be91dbdf9db51813c80037ea1b9d3a75b388b48e,36558,atlas_selected_trajectories/overview,未记录
historical/outputs/atlas_selected_trajectories/candidate_metrics.systems.csv,raw/atlas_selected_trajectories/candidate_metrics.systems.csv,92ab9acb35915dd138607b96a62592289ce71793ca6c4db482c7cbdadc09e6ad,1448,atlas_selected_trajectories/overview,未记录
historical/outputs/atlas_selected_trajectories/candidate_metrics.trajectories.csv,raw/atlas_selected_trajectories/candidate_metrics.trajectories.csv,a0bf75477f7b65add7f5bd8b0670ae015b83a320466819490fecb020a5824e09,4463,atlas_selected_trajectories/overview,未记录
historical/outputs/atlas_selected_trajectories/evaluation/codec_eval.json,raw/atlas_selected_trajectories/evaluation__codec_eval.json,9f62d8e3c001ab048997e1a1ce4cbcbaaafba2255a4920307dd45db93b8738ce,6374,atlas_selected_trajectories/evaluation,未记录
historical/outputs/atlas_selected_trajectories/evaluation/codec_eval.md,raw/atlas_selected_trajectories/evaluation__codec_eval.md,6798684e7544490f707befd0fc8e90c17b21b781ca5a309d4ce6cca6f7f662f4,1134,atlas_selected_trajectories/evaluation,未记录
historical/outputs/atlas_selected_trajectories/evaluation/codec_eval_partial_114.json,raw/atlas_selected_trajectories/evaluation__codec_eval_partial_114.json,f49ecd94271f6ac79ca9d01daab1b10e2a36a41b0cdd8f570f92eae1be18b7fe,6375,atlas_selected_trajectories/evaluation,未记录
historical/outputs/atlas_selected_trajectories/evaluation/codec_eval_partial_114.md,raw/atlas_selected_trajectories/evaluation__codec_eval_partial_114.md,b256c77e47476e2ef97882b405492619791eb71cd29f917bbf5c83abf082a690,1135,atlas_selected_trajectories/evaluation,未记录
historical/outputs/atlas_selected_trajectories/evaluation/plots/eval_dynamics.png,raw/atlas_selected_trajectories/evaluation__plots__eval_dynamics.png,65e1ed1dfa2254ea51ef15553f8c07a36e35187d1b136b31d7a7a59c195da246,217559,atlas_selected_trajectories/evaluation,未记录
historical/outputs/atlas_selected_trajectories/evaluation/plots/eval_loss.png,raw/atlas_selected_trajectories/evaluation__plots__eval_loss.png,d92827f350857fd090e000da87cff417ea8cc428ea739af9a8db5f361e72322c,294882,atlas_selected_trajectories/evaluation,未记录
historical/outputs/atlas_selected_trajectories/evaluation/plots/eval_metrics.csv,raw/atlas_selected_trajectories/evaluation__plots__eval_metrics.csv,5810ffb440ca16979cd33244e329b7dd4433fbbef1462f588d0feab61bbe1519,1625,atlas_selected_trajectories/evaluation,未记录
historical/outputs/atlas_selected_trajectories/evaluation/plots/eval_reconstruction.png,raw/atlas_selected_trajectories/evaluation__plots__eval_reconstruction.png,ea32696efa412b0b79aa987c27546c831ca8d7790e014e4af370f819b967f873,203415,atlas_selected_trajectories/evaluation,未记录
historical/outputs/atlas_selected_trajectories/evaluation/plots/loss_curves.png,raw/atlas_selected_trajectories/evaluation__plots__loss_curves.png,4d396f9da9f69ad11116fcadac1a6fde97a5b366462753626221220b2fc96f99,1206299,atlas_selected_trajectories/evaluation,未记录
historical/outputs/atlas_selected_trajectories/overfit_three_systems/run_20260826T094444/codec_eval.json,raw/atlas_selected_trajectories/overfit_three_systems__run_20260826T094444__codec_eval.json,42cd43edddcf374fa0192aec0bb1fc795cca1272bf9e5f134c04ddaa17b3c926,6995,atlas_selected_trajectories/overfit_three_systems/run_20260826T094444,2026-08-26 09:44:44
historical/outputs/atlas_selected_trajectories/overfit_three_systems/run_20260826T094444/codec_eval.md,raw/atlas_selected_trajectories/overfit_three_systems__run_20260826T094444__codec_eval.md,51503ff44bb181962881b765244042e71dc8a8f63202de5c717296363f28181c,1135,atlas_selected_trajectories/overfit_three_systems/run_20260826T094444,2026-08-26 09:44:44
historical/outputs/atlas_selected_trajectories/overfit_three_systems/run_20260826T094444/plots/eval_dynamics.png,raw/atlas_selected_trajectories/overfit_three_systems__run_20260826T094444__plots__eval_dynamics.png,9d2ee019ca8fe192c3be4efdeb731adbbf04143b7cf6e0d06c76c7b1c14c57bf,220618,atlas_selected_trajectories/overfit_three_systems/run_20260826T094444,2026-08-26 09:44:44
historical/outputs/atlas_selected_trajectories/overfit_three_systems/run_20260826T094444/plots/eval_loss.png,raw/atlas_selected_trajectories/overfit_three_systems__run_20260826T094444__plots__eval_loss.png,856c7e71aaaba39d7f8071b300ae704809359170f359cfd4db6b5d8875dd89b5,277563,atlas_selected_trajectories/overfit_three_systems/run_20260826T094444,2026-08-26 09:44:44
historical/outputs/atlas_selected_trajectories/overfit_three_systems/run_20260826T094444/plots/eval_metrics.csv,raw/atlas_selected_trajectories/overfit_three_systems__run_20260826T094444__plots__eval_metrics.csv,f9d68d178e2fdad38de021855a2a67e2496b6e7ee14c69cf15b4409de99dee7c,1615,atlas_selected_trajectories/overfit_three_systems/run_20260826T094444,2026-08-26 09:44:44
historical/outputs/atlas_selected_trajectories/overfit_three_systems/run_20260826T094444/plots/eval_reconstruction.png,raw/atlas_selected_trajectories/overfit_three_systems__run_20260826T094444__plots__eval_reconstruction.png,ff7ff3f90055c283f1ac2477ea606cb0489ff1b1217eadb78c485281c38941d9,201459,atlas_selected_trajectories/overfit_three_systems/run_20260826T094444,2026-08-26 09:44:44
historical/outputs/atlas_selected_trajectories/overfit_three_systems/run_20260826T094444/plots/loss_curves.png,raw/atlas_selected_trajectories/overfit_three_systems__run_20260826T094444__plots__loss_curves.png,3fade386019f07ae8b8c44e0cb7499e2584cbf8aaeb1892d5826f3ccb3a28810,441029,atlas_selected_trajectories/overfit_three_systems/run_20260826T094444,2026-08-26 09:44:44
historical/outputs/atlas_selected_trajectories/overfit_three_systems/run_20260826T094444/protocol.json,raw/atlas_selected_trajectories/overfit_three_systems__run_20260826T094444__protocol.json,cdefd1232f5740990d1e403bfa634261ab43ba776c9d39b185dbba15c8b10a3b,1153,atlas_selected_trajectories/overfit_three_systems/run_20260826T094444,2026-08-26 09:44:44
historical/outputs/atlas_selected_trajectories/overfit_three_systems/run_20260826T094444/ratio1_no_temporal/result.json,raw/atlas_selected_trajectories/overfit_three_systems__run_20260826T094444__ratio1_no_temporal__result.json,fbb6d7911f61050d764c92bb3568ae94ba4385a68af7e653d15ec6b820d681cc,6760,atlas_selected_trajectories/overfit_three_systems/run_20260826T094444,2026-08-26 09:44:44
historical/outputs/atlas_selected_trajectories/overfit_three_systems/run_20260826T094444/ratio1_no_temporal/train_metrics.jsonl,raw/atlas_selected_trajectories/overfit_three_systems__run_20260826T094444__ratio1_no_temporal__train_metrics.jsonl,03279ee451d2e5ded575b88e3fa06ae31713ee7eca11dde9fa05b16004ef7e88,33812,atlas_selected_trajectories/overfit_three_systems/run_20260826T094444,2026-08-26 09:44:44
historical/outputs/atlas_selected_trajectories/overfit_three_systems/run_20260826T094444/ratio1_temporal/result.json,raw/atlas_selected_trajectories/overfit_three_systems__run_20260826T094444__ratio1_temporal__result.json,3a13b8e15c09b7a15225caef4fa3f43e0e262cd36d9bf56843d562c3c4e3cdb3,6767,atlas_selected_trajectories/overfit_three_systems/run_20260826T094444,2026-08-26 09:44:44
historical/outputs/atlas_selected_trajectories/overfit_three_systems/run_20260826T094444/ratio1_temporal/train_metrics.jsonl,raw/atlas_selected_trajectories/overfit_three_systems__run_20260826T094444__ratio1_temporal__train_metrics.jsonl,31741bd6d3d8c82bda46943d97dcdfc5eff132a5a59ea11be3e680c5135a8ab7,33826,atlas_selected_trajectories/overfit_three_systems/run_20260826T094444,2026-08-26 09:44:44
historical/outputs/atlas_selected_trajectories/overfit_three_systems/run_20260826T094444/ratio4_temporal/result.json,raw/atlas_selected_trajectories/overfit_three_systems__run_20260826T094444__ratio4_temporal__result.json,4def2ebe5ac9650038d9bc70dce93fd9a4fad729e73de175b203f6b40c7ad485,6776,atlas_selected_trajectories/overfit_three_systems/run_20260826T094444,2026-08-26 09:44:44
historical/outputs/atlas_selected_trajectories/overfit_three_systems/run_20260826T094444/ratio4_temporal/train_metrics.jsonl,raw/atlas_selected_trajectories/overfit_three_systems__run_20260826T094444__ratio4_temporal__train_metrics.jsonl,2e25ba94ca131ba104dc85d70d11826696ed876c317d3da7c2203185e51fe70e,33897,atlas_selected_trajectories/overfit_three_systems/run_20260826T094444,2026-08-26 09:44:44
historical/outputs/atlas_selected_trajectories/overfit_three_systems/run_20260826T094444/summary.json,raw/atlas_selected_trajectories/overfit_three_systems__run_20260826T094444__summary.json,fb83d558501422e6e94788ae4ed32d6f015cd80c79950eda83f564532626fb92,23665,atlas_selected_trajectories/overfit_three_systems/run_20260826T094444,2026-08-26 09:44:44
historical/outputs/atlas_selected_trajectories/overfit_three_systems_distance_only/run_20260826T105636/codec_eval.json,raw/atlas_selected_trajectories/overfit_three_systems_distance_only__run_20260826T105636__codec_eval.json,a711db79975a882cdea61585baf6a3b02de22b9a1d7e5637488657c29570dac9,7118,atlas_selected_trajectories/overfit_three_systems_distance_only/run_20260826T105636,2026-08-26 10:56:36
historical/outputs/atlas_selected_trajectories/overfit_three_systems_distance_only/run_20260826T105636/codec_eval.md,raw/atlas_selected_trajectories/overfit_three_systems_distance_only__run_20260826T105636__codec_eval.md,ca4e314009ff69a39c061a19394d6467df2724b4cefe6703960018017c163c5e,1133,atlas_selected_trajectories/overfit_three_systems_distance_only/run_20260826T105636,2026-08-26 10:56:36
historical/outputs/atlas_selected_trajectories/overfit_three_systems_distance_only/run_20260826T105636/plots/eval_dynamics.png,raw/atlas_selected_trajectories/overfit_three_systems_distance_only__run_20260826T105636__plots__eval_dynamics.png,c1d7d227fa13a1b18cb371a91bbfb9392b3dacfbb7a5794b13c88181476ad9f6,225007,atlas_selected_trajectories/overfit_three_systems_distance_only/run_20260826T105636,2026-08-26 10:56:36
historical/outputs/atlas_selected_trajectories/overfit_three_systems_distance_only/run_20260826T105636/plots/eval_loss.png,raw/atlas_selected_trajectories/overfit_three_systems_distance_only__run_20260826T105636__plots__eval_loss.png,198124e8847a738c6e4443188cde6defdaba52be7c8a931bd6157ccc89269c2c,278552,atlas_selected_trajectories/overfit_three_systems_distance_only/run_20260826T105636,2026-08-26 10:56:36
historical/outputs/atlas_selected_trajectories/overfit_three_systems_distance_only/run_20260826T105636/plots/eval_metrics.csv,raw/atlas_selected_trajectories/overfit_three_systems_distance_only__run_20260826T105636__plots__eval_metrics.csv,e0aa3b51e452c8b4510e322096a3b7fbc320ca3d38195842461dbf7b950ffdea,1632,atlas_selected_trajectories/overfit_three_systems_distance_only/run_20260826T105636,2026-08-26 10:56:36
historical/outputs/atlas_selected_trajectories/overfit_three_systems_distance_only/run_20260826T105636/plots/eval_reconstruction.png,raw/atlas_selected_trajectories/overfit_three_systems_distance_only__run_20260826T105636__plots__eval_reconstruction.png,4bea2eacfdd051b65fcd55ff1a78d0c1ef65e3e3cacdbf969b86ace810c94dd9,202854,atlas_selected_trajectories/overfit_three_systems_distance_only/run_20260826T105636,2026-08-26 10:56:36
historical/outputs/atlas_selected_trajectories/overfit_three_systems_distance_only/run_20260826T105636/plots/loss_curves.png,raw/atlas_selected_trajectories/overfit_three_systems_distance_only__run_20260826T105636__plots__loss_curves.png,e623ddca8403e02a1b68f799c60ae916a0d4b40b908af214945ae6bfa06b9d4d,442618,atlas_selected_trajectories/overfit_three_systems_distance_only/run_20260826T105636,2026-08-26 10:56:36
historical/outputs/atlas_selected_trajectories/overfit_three_systems_distance_only/run_20260826T105636/protocol.json,raw/atlas_selected_trajectories/overfit_three_systems_distance_only__run_20260826T105636__protocol.json,f38fa73bf94f273ef54e5e239b0b0dfe14939a9b68d65e923c42066e7d4a692b,1466,atlas_selected_trajectories/overfit_three_systems_distance_only/run_20260826T105636,2026-08-26 10:56:36
historical/outputs/atlas_selected_trajectories/overfit_three_systems_distance_only/run_20260826T105636/ratio1_no_temporal/result.json,raw/atlas_selected_trajectories/overfit_three_systems_distance_only__run_20260826T105636__ratio1_no_temporal__result.json,d25295cb28c3d55e8ef4b2130795603476bf35fe731bae2fadbc9e469254c89c,6807,atlas_selected_trajectories/overfit_three_systems_distance_only/run_20260826T105636,2026-08-26 10:56:36
historical/outputs/atlas_selected_trajectories/overfit_three_systems_distance_only/run_20260826T105636/ratio1_no_temporal/train_metrics.jsonl,raw/atlas_selected_trajectories/overfit_three_systems_distance_only__run_20260826T105636__ratio1_no_temporal__train_metrics.jsonl,fc29b9a278fe5094017a88d130a43ab82c36884ea6a4fe751aacc8c046196047,33832,atlas_selected_trajectories/overfit_three_systems_distance_only/run_20260826T105636,2026-08-26 10:56:36
historical/outputs/atlas_selected_trajectories/overfit_three_systems_distance_only/run_20260826T105636/ratio1_temporal/result.json,raw/atlas_selected_trajectories/overfit_three_systems_distance_only__run_20260826T105636__ratio1_temporal__result.json,5e4ef96dfaa63a45c47c37ed33fb0a69273cde644b450dead79344ac4a7a3b87,6791,atlas_selected_trajectories/overfit_three_systems_distance_only/run_20260826T105636,2026-08-26 10:56:36
historical/outputs/atlas_selected_trajectories/overfit_three_systems_distance_only/run_20260826T105636/ratio1_temporal/train_metrics.jsonl,raw/atlas_selected_trajectories/overfit_three_systems_distance_only__run_20260826T105636__ratio1_temporal__train_metrics.jsonl,cb10be139b78a2b5f8d84ad02b3ce6a57869a01de1f77645b93f1f55c2f13813,33823,atlas_selected_trajectories/overfit_three_systems_distance_only/run_20260826T105636,2026-08-26 10:56:36
historical/outputs/atlas_selected_trajectories/overfit_three_systems_distance_only/run_20260826T105636/ratio4_temporal/result.json,raw/atlas_selected_trajectories/overfit_three_systems_distance_only__run_20260826T105636__ratio4_temporal__result.json,989c61e74704cd6967d4a59ac49001232eb85841c47649f85c6cd64a0bfb9c64,6807,atlas_selected_trajectories/overfit_three_systems_distance_only/run_20260826T105636,2026-08-26 10:56:36
historical/outputs/atlas_selected_trajectories/overfit_three_systems_distance_only/run_20260826T105636/ratio4_temporal/train_metrics.jsonl,raw/atlas_selected_trajectories/overfit_three_systems_distance_only__run_20260826T105636__ratio4_temporal__train_metrics.jsonl,325f9bda79c123d01b147be8b21f38366a692bd76a45280ec2b91cc1aaa6649a,33878,atlas_selected_trajectories/overfit_three_systems_distance_only/run_20260826T105636,2026-08-26 10:56:36
historical/outputs/atlas_selected_trajectories/overfit_three_systems_distance_only/run_20260826T105636/summary.json,raw/atlas_selected_trajectories/overfit_three_systems_distance_only__run_20260826T105636__summary.json,0e63c3372f5eae9e07f7f21d0526371a77e4b25dd69d253ef637bfeb4e487612,24094,atlas_selected_trajectories/overfit_three_systems_distance_only/run_20260826T105636,2026-08-26 10:56:36
historical/outputs/atlas_selected_trajectories/ratio1_no_temporal/train_metrics.jsonl,raw/atlas_selected_trajectories/ratio1_no_temporal__train_metrics.jsonl,6fca3c69e2b437db47bb217b65e7013a0096613b6b802cad6151a50a15d274cc,472176,atlas_selected_trajectories/ratio1_no_temporal,未记录
historical/outputs/atlas_selected_trajectories/ratio1_no_temporal_aborted_log100/train_metrics.jsonl,raw/atlas_selected_trajectories/ratio1_no_temporal_aborted_log100__train_metrics.jsonl,7aae9b1fd22228a2b5142eae53da5ad19a4e965a71e4f03e0af07369fc72eea9,1965,atlas_selected_trajectories/ratio1_no_temporal_aborted_log100,未记录
historical/outputs/atlas_selected_trajectories/ratio1_temporal/train_metrics.jsonl,raw/atlas_selected_trajectories/ratio1_temporal__train_metrics.jsonl,00e982315b29fb00e61dc602424f7e014885437d7dfeef94f17a5b01650405b2,474495,atlas_selected_trajectories/ratio1_temporal,未记录
historical/outputs/atlas_selected_trajectories/ratio4_temporal/train_metrics.jsonl,raw/atlas_selected_trajectories/ratio4_temporal__train_metrics.jsonl,c60ea7328309cca0ac27312d4b4e4413b0df3d8916c74e929e00c4b783f691b5,473017,atlas_selected_trajectories/ratio4_temporal,未记录
historical/outputs/atlas_selected_trajectories/summary.json,raw/atlas_selected_trajectories/summary.json,9ef67d271f35ba5aed5740d975ba1dab27730d5200c30cd45a3949db608c99ec,14403,atlas_selected_trajectories/overview,未记录
historical/outputs/dit_architecture_sequential_v1/20260914_r4_architecture_sequential_v1/baseline/evaluation_quick/baseline/summary.json,raw/dit_architecture_sequential_v1/20260914_r4_architecture_sequential_v1__baseline__evaluation_quick__baseline__summary.json,0f77a6e1c040f20cc4666d43da5f98b0e564130e3fda9a78661385e485779862,2306042,dit_architecture_sequential_v1/20260914_r4_architecture_sequential_v1/baseline,2026-09-14
historical/outputs/dit_architecture_sequential_v1/20260914_r4_architecture_sequential_v1/baseline/summary.json,raw/dit_architecture_sequential_v1/20260914_r4_architecture_sequential_v1__baseline__summary.json,ab9cc52d72676eafda141fb8b1f3f0a66f0e9b873445f10490eb07c3e2a686a3,3795,dit_architecture_sequential_v1/20260914_r4_architecture_sequential_v1/baseline,2026-09-14
historical/outputs/dit_architecture_sequential_v1/20260914_r4_architecture_sequential_v1/motion_recheck_v1/recheck_summary.json,raw/dit_architecture_sequential_v1/20260914_r4_architecture_sequential_v1__motion_recheck_v1__recheck_summary.json,9a3dcf7b28162fcb739b891c7eb8f9fe51533bdb285c03b5ff79eca9ef9cbcf7,2496,dit_architecture_sequential_v1/20260914_r4_architecture_sequential_v1/overview,2026-09-14
historical/outputs/dit_architecture_sequential_v1/20260914_r4_architecture_sequential_v1/motion_recheck_v1/report.md,raw/dit_architecture_sequential_v1/20260914_r4_architecture_sequential_v1__motion_recheck_v1__report.md,5e99c69d65a6adf02fe0855d89a3bf8f36cb7e710f11442da3297376fc48a478,16146,dit_architecture_sequential_v1/20260914_r4_architecture_sequential_v1/overview,2026-09-14
historical/outputs/dit_architecture_sequential_v1/20260914_r4_architecture_sequential_v1/motion_recheck_v1/round2_decision_recheck.json,raw/dit_architecture_sequential_v1/20260914_r4_architecture_sequential_v1__motion_recheck_v1__round2_decision_recheck.json,6a387aa691249c78427255c60d789df1a5b6164ecfcf437db4b1630f3599bf83,671,dit_architecture_sequential_v1/20260914_r4_architecture_sequential_v1/overview,2026-09-14
historical/outputs/dit_architecture_sequential_v1/20260914_r4_architecture_sequential_v1/motion_recheck_v1/round2_motion.json,raw/dit_architecture_sequential_v1/20260914_r4_architecture_sequential_v1__motion_recheck_v1__round2_motion.json,53926bceadf25754ca89a269fc8fd06f429c7f414f789abaa4ffab3289e7331e,56796,dit_architecture_sequential_v1/20260914_r4_architecture_sequential_v1/overview,2026-09-14
historical/outputs/dit_architecture_sequential_v1/20260914_r4_architecture_sequential_v1/motion_recheck_v1/round3_decision_recheck.json,raw/dit_architecture_sequential_v1/20260914_r4_architecture_sequential_v1__motion_recheck_v1__round3_decision_recheck.json,576aba480bcaba09910ef25e0072cf2e47717858952371fc523b6a6e42a3b6f5,977,dit_architecture_sequential_v1/20260914_r4_architecture_sequential_v1/overview,2026-09-14
historical/outputs/dit_architecture_sequential_v1/20260914_r4_architecture_sequential_v1/motion_recheck_v1/round3_motion.json,raw/dit_architecture_sequential_v1/20260914_r4_architecture_sequential_v1__motion_recheck_v1__round3_motion.json,b9775c57cbb5966389b2fc01318a4edb879c80cb171f97d13845086850772d99,89611,dit_architecture_sequential_v1/20260914_r4_architecture_sequential_v1/overview,2026-09-14
historical/outputs/dit_architecture_sequential_v1/20260914_r4_architecture_sequential_v1/motion_recheck_v1/source_manifest.json,raw/dit_architecture_sequential_v1/20260914_r4_architecture_sequential_v1__motion_recheck_v1__source_manifest.json,c5af77757e8f3f771aa99efc32aac76596ff42c22c6aed601e7ab93bd1563fca,5482,dit_architecture_sequential_v1/20260914_r4_architecture_sequential_v1/overview,2026-09-14
historical/outputs/dit_architecture_sequential_v1/20260914_r4_architecture_sequential_v1/preflight.json,raw/dit_architecture_sequential_v1/20260914_r4_architecture_sequential_v1__preflight.json,5866d4d342cbe4aa1b13cf4eef01f102e3f8d8f6727f4e668ecd33fec03dc0a3,2850,dit_architecture_sequential_v1/20260914_r4_architecture_sequential_v1/overview,2026-09-14
historical/outputs/dit_architecture_sequential_v1/20260914_r4_architecture_sequential_v1/report.md,raw/dit_architecture_sequential_v1/20260914_r4_architecture_sequential_v1__report.md,4cba4a024548aa4dc7240d41d51bbb485dc8537c3201cfce318f087c923851dc,7548,dit_architecture_sequential_v1/20260914_r4_architecture_sequential_v1/overview,2026-09-14
historical/outputs/dit_architecture_sequential_v1/20260914_r4_architecture_sequential_v1/round1/decision.json,raw/dit_architecture_sequential_v1/20260914_r4_architecture_sequential_v1__round1__decision.json,4e22a1f8e7bd65338417d9f95bd4ec8b79428ca2c0b1ff34c02d75d0e44f7b84,11374,dit_architecture_sequential_v1/20260914_r4_architecture_sequential_v1/round1,2026-09-14
historical/outputs/dit_architecture_sequential_v1/20260914_r4_architecture_sequential_v1/round1/report.md,raw/dit_architecture_sequential_v1/20260914_r4_architecture_sequential_v1__round1__report.md,d84ae6a0e6fcabda9307e86ee84df717e37236d4099262855c44c12b932d99b5,663,dit_architecture_sequential_v1/20260914_r4_architecture_sequential_v1/round1,2026-09-14
historical/outputs/dit_architecture_sequential_v1/20260914_r4_architecture_sequential_v1/round2/budget.json,raw/dit_architecture_sequential_v1/20260914_r4_architecture_sequential_v1__round2__budget.json,cc7bcbbcd6e1d090bacf3b92f00d0bd9b60a7d98765480083ab8661721b3a4ff,6078,dit_architecture_sequential_v1/20260914_r4_architecture_sequential_v1/round2,2026-09-14
historical/outputs/dit_architecture_sequential_v1/20260914_r4_architecture_sequential_v1/round2/calibration.json,raw/dit_architecture_sequential_v1/20260914_r4_architecture_sequential_v1__round2__calibration.json,b45469cfe0f1fc605d6f53e1ed8729a4decc2c2b1c6119c6bfa33b622c5bbc3f,3990,dit_architecture_sequential_v1/20260914_r4_architecture_sequential_v1/round2,2026-09-14
historical/outputs/dit_architecture_sequential_v1/20260914_r4_architecture_sequential_v1/round2/decision.json,raw/dit_architecture_sequential_v1/20260914_r4_architecture_sequential_v1__round2__decision.json,fe6db95b43135295e711024cbd82450eccaef1dd3035cabc5282a9e130123eea,8843,dit_architecture_sequential_v1/20260914_r4_architecture_sequential_v1/round2,2026-09-14
historical/outputs/dit_architecture_sequential_v1/20260914_r4_architecture_sequential_v1/round2/evaluation_final/candidate/summary.json,raw/dit_architecture_sequential_v1/20260914_r4_architecture_sequential_v1__round2__evaluation_final__candidate__summary.json,394c50a1dec9692df61ae1681362a86eb1e630c47f936d67df0fba3c5f5f36d3,1825661,dit_architecture_sequential_v1/20260914_r4_architecture_sequential_v1/round2,2026-09-14
historical/outputs/dit_architecture_sequential_v1/20260914_r4_architecture_sequential_v1/round2/evaluation_final/control/summary.json,raw/dit_architecture_sequential_v1/20260914_r4_architecture_sequential_v1__round2__evaluation_final__control__summary.json,011de26ff55c0a18aa395e09a15878fc5d745c61ab16edb9048542803f8e421f,1823845,dit_architecture_sequential_v1/20260914_r4_architecture_sequential_v1/round2,2026-09-14
historical/outputs/dit_architecture_sequential_v1/20260914_r4_architecture_sequential_v1/round2/profile.json,raw/dit_architecture_sequential_v1/20260914_r4_architecture_sequential_v1__round2__profile.json,cc7bcbbcd6e1d090bacf3b92f00d0bd9b60a7d98765480083ab8661721b3a4ff,6078,dit_architecture_sequential_v1/20260914_r4_architecture_sequential_v1/round2,2026-09-14
historical/outputs/dit_architecture_sequential_v1/20260914_r4_architecture_sequential_v1/round2/report.md,raw/dit_architecture_sequential_v1/20260914_r4_architecture_sequential_v1__round2__report.md,81fd26237e68c84b8c88948e8b56c2259d0565a3c88b3aaf944de03ec51908b0,702,dit_architecture_sequential_v1/20260914_r4_architecture_sequential_v1/round2,2026-09-14
historical/outputs/dit_architecture_sequential_v1/20260914_r4_architecture_sequential_v1/round2/smoke.json,raw/dit_architecture_sequential_v1/20260914_r4_architecture_sequential_v1__round2__smoke.json,ec8622fe9d7782bd4571666f13737f2d87bddeb94ee40e75a51461229b0f1447,23313,dit_architecture_sequential_v1/20260914_r4_architecture_sequential_v1/round2,2026-09-14
historical/outputs/dit_architecture_sequential_v1/20260914_r4_architecture_sequential_v1/round2/train_summary.json,raw/dit_architecture_sequential_v1/20260914_r4_architecture_sequential_v1__round2__train_summary.json,1420d615ce53d6b650195d0bd17d2310f91e2d30a27c51255591e26304c57cd9,8415,dit_architecture_sequential_v1/20260914_r4_architecture_sequential_v1/round2,2026-09-14
historical/outputs/dit_architecture_sequential_v1/20260914_r4_architecture_sequential_v1/round3/budget.json,raw/dit_architecture_sequential_v1/20260914_r4_architecture_sequential_v1__round3__budget.json,68a8f27a567ca9c513442f37b17ee043cf52b50913764d197f9092878a0fb26b,4780,dit_architecture_sequential_v1/20260914_r4_architecture_sequential_v1/round3,2026-09-14
historical/outputs/dit_architecture_sequential_v1/20260914_r4_architecture_sequential_v1/round3/decision.json,raw/dit_architecture_sequential_v1/20260914_r4_architecture_sequential_v1__round3__decision.json,3e3bece3b8ddbe5bb0ee201c5f14c45f5dd9a562e3821b8ca89b8768c7a6c991,5981,dit_architecture_sequential_v1/20260914_r4_architecture_sequential_v1/round3,2026-09-14
historical/outputs/dit_architecture_sequential_v1/20260914_r4_architecture_sequential_v1/round3/evaluation_quick/cross_block/summary.json,raw/dit_architecture_sequential_v1/20260914_r4_architecture_sequential_v1__round3__evaluation_quick__cross_block__summary.json,0aa5747b045dd8b5ebb7665fd48aae80d3129f9f9e3be4b89dae42f1a7183a37,1529030,dit_architecture_sequential_v1/20260914_r4_architecture_sequential_v1/round3,2026-09-14
historical/outputs/dit_architecture_sequential_v1/20260914_r4_architecture_sequential_v1/round3/evaluation_quick/local/summary.json,raw/dit_architecture_sequential_v1/20260914_r4_architecture_sequential_v1__round3__evaluation_quick__local__summary.json,2c84eb46436e761734911dd22e3018e00c21e95a41b24bf4aad9aa389d1667fc,1529024,dit_architecture_sequential_v1/20260914_r4_architecture_sequential_v1/round3,2026-09-14
historical/outputs/dit_architecture_sequential_v1/20260914_r4_architecture_sequential_v1/round3/evaluation_quick/parent/summary.json,raw/dit_architecture_sequential_v1/20260914_r4_architecture_sequential_v1__round3__evaluation_quick__parent__summary.json,35153e8299d5e16f58d7c08b0f936a4f4e70cf9c9560a69e8ec8dc16268f901c,1528402,dit_architecture_sequential_v1/20260914_r4_architecture_sequential_v1/round3,2026-09-14
historical/outputs/dit_architecture_sequential_v1/20260914_r4_architecture_sequential_v1/round3/profile.json,raw/dit_architecture_sequential_v1/20260914_r4_architecture_sequential_v1__round3__profile.json,68a8f27a567ca9c513442f37b17ee043cf52b50913764d197f9092878a0fb26b,4780,dit_architecture_sequential_v1/20260914_r4_architecture_sequential_v1/round3,2026-09-14
historical/outputs/dit_architecture_sequential_v1/20260914_r4_architecture_sequential_v1/round3/report.md,raw/dit_architecture_sequential_v1/20260914_r4_architecture_sequential_v1__round3__report.md,5a9d4f0160f3b66765ebd48a2ab757fe0d6bc52d6434f669ce9cb2e40b4571d3,656,dit_architecture_sequential_v1/20260914_r4_architecture_sequential_v1/round3,2026-09-14
historical/outputs/dit_architecture_sequential_v1/20260914_r4_architecture_sequential_v1/round3/smoke.json,raw/dit_architecture_sequential_v1/20260914_r4_architecture_sequential_v1__round3__smoke.json,27a3d60f3e43e1e6bc6294911e7daebf922adb440ca5d821e977c6e6c3239b9f,26897,dit_architecture_sequential_v1/20260914_r4_architecture_sequential_v1/round3,2026-09-14
historical/outputs/dit_architecture_sequential_v1/20260914_r4_architecture_sequential_v1/round3/train_summary.json,raw/dit_architecture_sequential_v1/20260914_r4_architecture_sequential_v1__round3__train_summary.json,a48a2f69bc9494df51020481c6901c3312dfcdcdd11abff2095ebbddf7d70fff,4755,dit_architecture_sequential_v1/20260914_r4_architecture_sequential_v1/round3,2026-09-14
historical/outputs/dit_architecture_sequential_v1/20260914_r4_architecture_sequential_v1/round4/attempt_001_validation_oom/budget_pre_recovery.json,raw/dit_architecture_sequential_v1/20260914_r4_architecture_sequential_v1__round4__attempt_001_validation_oom__budget_pre_recovery.json,104437889e3e7460fab2bb5ac7eb90dc034e33d1286a1504d8303f7919e33847,14823,dit_architecture_sequential_v1/20260914_r4_architecture_sequential_v1/round4,2026-09-14
historical/outputs/dit_architecture_sequential_v1/20260914_r4_architecture_sequential_v1/round4/attempt_001_validation_oom/profile_pre_recovery.json,raw/dit_architecture_sequential_v1/20260914_r4_architecture_sequential_v1__round4__attempt_001_validation_oom__profile_pre_recovery.json,104437889e3e7460fab2bb5ac7eb90dc034e33d1286a1504d8303f7919e33847,14823,dit_architecture_sequential_v1/20260914_r4_architecture_sequential_v1/round4,2026-09-14
historical/outputs/dit_architecture_sequential_v1/20260914_r4_architecture_sequential_v1/round4/attempt_001_validation_oom/smoke_pre_recovery.json,raw/dit_architecture_sequential_v1/20260914_r4_architecture_sequential_v1__round4__attempt_001_validation_oom__smoke_pre_recovery.json,2a876da0bd69423d38383511b8b25d68097ec3af45f89508ebcb80946c30aa34,18587,dit_architecture_sequential_v1/20260914_r4_architecture_sequential_v1/round4,2026-09-14
historical/outputs/dit_architecture_sequential_v1/20260914_r4_architecture_sequential_v1/round4/budget.json,raw/dit_architecture_sequential_v1/20260914_r4_architecture_sequential_v1__round4__budget.json,4be7f112fc4447bd921e9e9719f3c7f3dd86541d3e7aee1dbe446f14fa714499,14869,dit_architecture_sequential_v1/20260914_r4_architecture_sequential_v1/round4,2026-09-14
historical/outputs/dit_architecture_sequential_v1/20260914_r4_architecture_sequential_v1/round4/decision.json,raw/dit_architecture_sequential_v1/20260914_r4_architecture_sequential_v1__round4__decision.json,2f46f5efb27f768d76bf44c9d4a25cf1ffff52664925bb812e6443a8d1b88011,5415,dit_architecture_sequential_v1/20260914_r4_architecture_sequential_v1/round4,2026-09-14
historical/outputs/dit_architecture_sequential_v1/20260914_r4_architecture_sequential_v1/round4/evaluation_quick/candidate/diversity.json,raw/dit_architecture_sequential_v1/20260914_r4_architecture_sequential_v1__round4__evaluation_quick__candidate__diversity.json,bef1ce1fedb7056498436f0f4344f01d9aecdc0963febb410f87c79d318794fa,17103,dit_architecture_sequential_v1/20260914_r4_architecture_sequential_v1/round4,2026-09-14
historical/outputs/dit_architecture_sequential_v1/20260914_r4_architecture_sequential_v1/round4/evaluation_quick/candidate/generation_rows.jsonl,raw/dit_architecture_sequential_v1/20260914_r4_architecture_sequential_v1__round4__evaluation_quick__candidate__generation_rows.jsonl,beea7b30544509073dccbedc945d1d5380c270108463e3255d0efa9fd24e28f5,45703587,dit_architecture_sequential_v1/20260914_r4_architecture_sequential_v1/round4,2026-09-14
historical/outputs/dit_architecture_sequential_v1/20260914_r4_architecture_sequential_v1/round4/evaluation_quick/candidate/summary.json,raw/dit_architecture_sequential_v1/20260914_r4_architecture_sequential_v1__round4__evaluation_quick__candidate__summary.json,05c214bb372a6bb6de7b669734c2b8dc73a7198f95b5ec9ef13c813f5e557a96,764743,dit_architecture_sequential_v1/20260914_r4_architecture_sequential_v1/round4,2026-09-14
historical/outputs/dit_architecture_sequential_v1/20260914_r4_architecture_sequential_v1/round4/evaluation_quick/control/diversity.json,raw/dit_architecture_sequential_v1/20260914_r4_architecture_sequential_v1__round4__evaluation_quick__control__diversity.json,7d7a046e7d0b25817dd01a872a487b001f1bf488fe859058b3e68247e162a8ff,17093,dit_architecture_sequential_v1/20260914_r4_architecture_sequential_v1/round4,2026-09-14
historical/outputs/dit_architecture_sequential_v1/20260914_r4_architecture_sequential_v1/round4/evaluation_quick/control/generation_rows.jsonl,raw/dit_architecture_sequential_v1/20260914_r4_architecture_sequential_v1__round4__evaluation_quick__control__generation_rows.jsonl,d7238d12b61b45cfc42dc92ec335eda575693f2e2b29e122949adb327b550682,45704919,dit_architecture_sequential_v1/20260914_r4_architecture_sequential_v1/round4,2026-09-14
historical/outputs/dit_architecture_sequential_v1/20260914_r4_architecture_sequential_v1/round4/evaluation_quick/control/summary.json,raw/dit_architecture_sequential_v1/20260914_r4_architecture_sequential_v1__round4__evaluation_quick__control__summary.json,f0e944bee517798d1a51e64cb79cd79644eee6430af16acb2c337441008a57e2,764647,dit_architecture_sequential_v1/20260914_r4_architecture_sequential_v1/round4,2026-09-14
historical/outputs/dit_architecture_sequential_v1/20260914_r4_architecture_sequential_v1/round4/evaluation_quick/rollout/segment_rows.jsonl,raw/dit_architecture_sequential_v1/20260914_r4_architecture_sequential_v1__round4__evaluation_quick__rollout__segment_rows.jsonl,48c7e9cba5775f82931bd407a5235de53517652cfc988a527cf1038210c8e1c8,66192379,dit_architecture_sequential_v1/20260914_r4_architecture_sequential_v1/round4,2026-09-14
historical/outputs/dit_architecture_sequential_v1/20260914_r4_architecture_sequential_v1/round4/evaluation_quick/rollout/summary.json,raw/dit_architecture_sequential_v1/20260914_r4_architecture_sequential_v1__round4__evaluation_quick__rollout__summary.json,fb74c4ff9c9157a1cde737d15ffbac403d3c5bd47bcb29c5c8adbef05f2275d0,9237,dit_architecture_sequential_v1/20260914_r4_architecture_sequential_v1/round4,2026-09-14
historical/outputs/dit_architecture_sequential_v1/20260914_r4_architecture_sequential_v1/round4/profile.json,raw/dit_architecture_sequential_v1/20260914_r4_architecture_sequential_v1__round4__profile.json,4be7f112fc4447bd921e9e9719f3c7f3dd86541d3e7aee1dbe446f14fa714499,14869,dit_architecture_sequential_v1/20260914_r4_architecture_sequential_v1/round4,2026-09-14
historical/outputs/dit_architecture_sequential_v1/20260914_r4_architecture_sequential_v1/round4/report.md,raw/dit_architecture_sequential_v1/20260914_r4_architecture_sequential_v1__round4__report.md,771cbd0c0ca17a1d603124eb691ec6a5ff1475fede81aaa08102fe584886b271,774,dit_architecture_sequential_v1/20260914_r4_architecture_sequential_v1/round4,2026-09-14
historical/outputs/dit_architecture_sequential_v1/20260914_r4_architecture_sequential_v1/round4/smoke.json,raw/dit_architecture_sequential_v1/20260914_r4_architecture_sequential_v1__round4__smoke.json,2a876da0bd69423d38383511b8b25d68097ec3af45f89508ebcb80946c30aa34,18587,dit_architecture_sequential_v1/20260914_r4_architecture_sequential_v1/round4,2026-09-14
historical/outputs/dit_architecture_sequential_v1/20260914_r4_architecture_sequential_v1/round4/train_summary.json,raw/dit_architecture_sequential_v1/20260914_r4_architecture_sequential_v1__round4__train_summary.json,dd0014844d46bdfe25068ae099a31a5b04ec81cee2bf994d0c11989552f6d051,4809,dit_architecture_sequential_v1/20260914_r4_architecture_sequential_v1/round4,2026-09-14
historical/outputs/dit_architecture_sequential_v1/20260914_r4_architecture_sequential_v1/round4/validation_recovery.json,raw/dit_architecture_sequential_v1/20260914_r4_architecture_sequential_v1__round4__validation_recovery.json,152ef953f0ff3c2ef34d2724d4fa8a426f1264c460bf568c5a66fb8097a0b7fb,1193,dit_architecture_sequential_v1/20260914_r4_architecture_sequential_v1/round4,2026-09-14
historical/outputs/dit_architecture_sequential_v1/20260914_r4_architecture_sequential_v1/selection.json,raw/dit_architecture_sequential_v1/20260914_r4_architecture_sequential_v1__selection.json,713ba3f8282784f6abc1d57300b9c6f958425d09ef533322d1b48267da21ef9e,16211,dit_architecture_sequential_v1/20260914_r4_architecture_sequential_v1/overview,2026-09-14
historical/outputs/dit_architecture_sequential_v1/20260914_r4_architecture_sequential_v1/status.json,raw/dit_architecture_sequential_v1/20260914_r4_architecture_sequential_v1__status.json,2269bc00e246511826493a05053062b258c893b19216fedfeb38b6c30846752a,1504,dit_architecture_sequential_v1/20260914_r4_architecture_sequential_v1/overview,2026-09-14
historical/outputs/dit_source_ab_v1/20260910_r4_source_ab_v1/backend_profile.json,raw/dit_source_ab_v1/20260910_r4_source_ab_v1__backend_profile.json,43f0adef2d645d1e4c09d2909de4cc289984c653361865732c6a5a833fc207bd,4299,dit_source_ab_v1/20260910_r4_source_ab_v1/overview,2026-09-10
historical/outputs/dit_source_ab_v1/20260910_r4_source_ab_v1/budget.json,raw/dit_source_ab_v1/20260910_r4_source_ab_v1__budget.json,97439cb00c6101753c4cb188b4032427c1beff87ce6945f340df8803f695edc3,5001,dit_source_ab_v1/20260910_r4_source_ab_v1/overview,2026-09-10
historical/outputs/dit_source_ab_v1/20260910_r4_source_ab_v1/comparison.json,raw/dit_source_ab_v1/20260910_r4_source_ab_v1__comparison.json,af39d4625f0e26234dfc80f8084527b4543015e6dcf54ffd2e78640f9b623b97,8112,dit_source_ab_v1/20260910_r4_source_ab_v1/overview,2026-09-10
historical/outputs/dit_source_ab_v1/20260910_r4_source_ab_v1/conditional/evaluation.json,raw/dit_source_ab_v1/20260910_r4_source_ab_v1__conditional__evaluation.json,48c04d80c0335eb26923b145a4f2b40ca2b78bd22f7346a1db47efd931b2554d,3533,dit_source_ab_v1/20260910_r4_source_ab_v1/conditional,2026-09-10
historical/outputs/dit_source_ab_v1/20260910_r4_source_ab_v1/conditional/generation_metrics.jsonl,raw/dit_source_ab_v1/20260910_r4_source_ab_v1__conditional__generation_metrics.jsonl,6cf75b20920648721da1c1e59ba2fb461cd5ceca0c1fb7760657c748bd8c28eb,2847606,dit_source_ab_v1/20260910_r4_source_ab_v1/conditional,2026-09-10
historical/outputs/dit_source_ab_v1/20260910_r4_source_ab_v1/conditional/train_history.jsonl,raw/dit_source_ab_v1/20260910_r4_source_ab_v1__conditional__train_history.jsonl,e1c68767968acb7b8f49905410c971bf63f547570f9ec63454b780b2de133371,11747630,dit_source_ab_v1/20260910_r4_source_ab_v1/conditional,2026-09-10
historical/outputs/dit_source_ab_v1/20260910_r4_source_ab_v1/conditional/validation_history.jsonl,raw/dit_source_ab_v1/20260910_r4_source_ab_v1__conditional__validation_history.jsonl,97b462a7ddb90b86060f3ab8218289e92b088f858e8713f21b72c9da8d70b372,14386,dit_source_ab_v1/20260910_r4_source_ab_v1/conditional,2026-09-10
historical/outputs/dit_source_ab_v1/20260910_r4_source_ab_v1/evaluation_plot.png,raw/dit_source_ab_v1/20260910_r4_source_ab_v1__evaluation_plot.png,42634bcc423f14b0074cfe457683223d9431aa08220629cf01ca4341aed1ded3,141854,dit_source_ab_v1/20260910_r4_source_ab_v1/overview,2026-09-10
historical/outputs/dit_source_ab_v1/20260910_r4_source_ab_v1/experiment_contract.json,raw/dit_source_ab_v1/20260910_r4_source_ab_v1__experiment_contract.json,6b72802a4ddd4ce1d51ed6a90006549313e0450dd449a2d4bcc195897e2b3ac6,2480,dit_source_ab_v1/20260910_r4_source_ab_v1/overview,2026-09-10
historical/outputs/dit_source_ab_v1/20260910_r4_source_ab_v1/gaussian/evaluation.json,raw/dit_source_ab_v1/20260910_r4_source_ab_v1__gaussian__evaluation.json,73825ec302bab6c12888bb200b4913fc99eef5e394f1f71e30915548b93c7aa3,3529,dit_source_ab_v1/20260910_r4_source_ab_v1/gaussian,2026-09-10
historical/outputs/dit_source_ab_v1/20260910_r4_source_ab_v1/gaussian/generation_metrics.jsonl,raw/dit_source_ab_v1/20260910_r4_source_ab_v1__gaussian__generation_metrics.jsonl,bc36b5b93cf619a6d8fb47151b1d68acb6899e215e6bed217cb128f679e80fd9,2846741,dit_source_ab_v1/20260910_r4_source_ab_v1/gaussian,2026-09-10
historical/outputs/dit_source_ab_v1/20260910_r4_source_ab_v1/gaussian/train_history.jsonl,raw/dit_source_ab_v1/20260910_r4_source_ab_v1__gaussian__train_history.jsonl,59cc46332d06f0412d578183eb714c6a665d1a2e09f3eff8ccce9e63b6d69cbe,11626788,dit_source_ab_v1/20260910_r4_source_ab_v1/gaussian,2026-09-10
historical/outputs/dit_source_ab_v1/20260910_r4_source_ab_v1/gaussian/validation_history.jsonl,raw/dit_source_ab_v1/20260910_r4_source_ab_v1__gaussian__validation_history.jsonl,6d1a32e17923d8ab7fafb3d2b5c589f21165decd05892031b14a276068065950,14277,dit_source_ab_v1/20260910_r4_source_ab_v1/gaussian,2026-09-10
historical/outputs/dit_source_ab_v1/20260910_r4_source_ab_v1/monitor/step001000.json,raw/dit_source_ab_v1/20260910_r4_source_ab_v1__monitor__step001000.json,8e59bcc8eee9f945d73e5c1718e459cab95ae83451a608605dae92829c624e2e,171,dit_source_ab_v1/20260910_r4_source_ab_v1/overview,2026-09-10
historical/outputs/dit_source_ab_v1/20260910_r4_source_ab_v1/monitor/step002000.json,raw/dit_source_ab_v1/20260910_r4_source_ab_v1__monitor__step002000.json,d509545b7762fa6b63535458590edf0d9231e7af67dd773d27eef54af9f4a55b,171,dit_source_ab_v1/20260910_r4_source_ab_v1/overview,2026-09-10
historical/outputs/dit_source_ab_v1/20260910_r4_source_ab_v1/monitor/step003000.json,raw/dit_source_ab_v1/20260910_r4_source_ab_v1__monitor__step003000.json,088e2f60ba27e5552321ed975f5b43818315c089b903cf53344cc044132c8d76,171,dit_source_ab_v1/20260910_r4_source_ab_v1/overview,2026-09-10
historical/outputs/dit_source_ab_v1/20260910_r4_source_ab_v1/monitor/step004000.json,raw/dit_source_ab_v1/20260910_r4_source_ab_v1__monitor__step004000.json,2c45ba8ff04977e63552255c987363a9f11f95fb1240989d947bf419b31d14e1,171,dit_source_ab_v1/20260910_r4_source_ab_v1/overview,2026-09-10
historical/outputs/dit_source_ab_v1/20260910_r4_source_ab_v1/monitor/step005000.json,raw/dit_source_ab_v1/20260910_r4_source_ab_v1__monitor__step005000.json,fa43de37df1b6e063b8447e95e0d6b64817cd3571fb7c771d25eec98175618d2,171,dit_source_ab_v1/20260910_r4_source_ab_v1/overview,2026-09-10
historical/outputs/dit_source_ab_v1/20260910_r4_source_ab_v1/monitor/step006000.json,raw/dit_source_ab_v1/20260910_r4_source_ab_v1__monitor__step006000.json,fce677b759f0803df3232e460c8597598dc8be9f83c11bc7287ecd7341373d2f,171,dit_source_ab_v1/20260910_r4_source_ab_v1/overview,2026-09-10
historical/outputs/dit_source_ab_v1/20260910_r4_source_ab_v1/monitor/step007000.json,raw/dit_source_ab_v1/20260910_r4_source_ab_v1__monitor__step007000.json,6204a6faff0ccd18feab7d4f04d5fe60e7224999e10c0e646b0e8ba08d8b0cf1,171,dit_source_ab_v1/20260910_r4_source_ab_v1/overview,2026-09-10
historical/outputs/dit_source_ab_v1/20260910_r4_source_ab_v1/monitor/step008000.json,raw/dit_source_ab_v1/20260910_r4_source_ab_v1__monitor__step008000.json,923ad549f0d5406b813752b8a7f0b9870347aba4d620e04629ee7b77c7289fab,171,dit_source_ab_v1/20260910_r4_source_ab_v1/overview,2026-09-10
historical/outputs/dit_source_ab_v1/20260910_r4_source_ab_v1/monitor/step009000.json,raw/dit_source_ab_v1/20260910_r4_source_ab_v1__monitor__step009000.json,f8f6297f3d241e7f8ae750e330df3e876efcbccac0d9cb3ef1669bacc642558c,171,dit_source_ab_v1/20260910_r4_source_ab_v1/overview,2026-09-10
historical/outputs/dit_source_ab_v1/20260910_r4_source_ab_v1/monitor/step010000.json,raw/dit_source_ab_v1/20260910_r4_source_ab_v1__monitor__step010000.json,efc99f553952c3b00f8373638642d8187c56230f95c817ff54cd1c5181a16be5,172,dit_source_ab_v1/20260910_r4_source_ab_v1/overview,2026-09-10
historical/outputs/dit_source_ab_v1/20260910_r4_source_ab_v1/monitor/step011000.json,raw/dit_source_ab_v1/20260910_r4_source_ab_v1__monitor__step011000.json,d3eef22ccf37c68465b21baada2ec7fd0c624766b37772fdb143623d63b9c9f9,172,dit_source_ab_v1/20260910_r4_source_ab_v1/overview,2026-09-10
historical/outputs/dit_source_ab_v1/20260910_r4_source_ab_v1/monitor/step012000.json,raw/dit_source_ab_v1/20260910_r4_source_ab_v1__monitor__step012000.json,84081896fe7a0fdc058a102014f4871635c0d4c4c01e67f5622623babad0b1c5,172,dit_source_ab_v1/20260910_r4_source_ab_v1/overview,2026-09-10
historical/outputs/dit_source_ab_v1/20260910_r4_source_ab_v1/monitor/step013000.json,raw/dit_source_ab_v1/20260910_r4_source_ab_v1__monitor__step013000.json,6ac2d4d28a58a347b6f423d15a5fa638e9cf7620382f990f3a0b031af59bc5b5,172,dit_source_ab_v1/20260910_r4_source_ab_v1/overview,2026-09-10
historical/outputs/dit_source_ab_v1/20260910_r4_source_ab_v1/monitor/step014000.json,raw/dit_source_ab_v1/20260910_r4_source_ab_v1__monitor__step014000.json,49064db219dc2ac44f4c7dfe3e35c1710802db7c5124aa5f87f683f6b5056177,172,dit_source_ab_v1/20260910_r4_source_ab_v1/overview,2026-09-10
historical/outputs/dit_source_ab_v1/20260910_r4_source_ab_v1/monitor/step015000.json,raw/dit_source_ab_v1/20260910_r4_source_ab_v1__monitor__step015000.json,8d9a6eab5e433eeb5b0313fa042642fbfa2de292219803bc414476ff3cf5f058,172,dit_source_ab_v1/20260910_r4_source_ab_v1/overview,2026-09-10
historical/outputs/dit_source_ab_v1/20260910_r4_source_ab_v1/monitor/step016000.json,raw/dit_source_ab_v1/20260910_r4_source_ab_v1__monitor__step016000.json,be3279bd605239eda4a495d60e84b892583fa25e004f3cf11cdb8e444d74166e,172,dit_source_ab_v1/20260910_r4_source_ab_v1/overview,2026-09-10
historical/outputs/dit_source_ab_v1/20260910_r4_source_ab_v1/monitor/step017000.json,raw/dit_source_ab_v1/20260910_r4_source_ab_v1__monitor__step017000.json,d7ed58f85ba3ecb664c95cc580e043cdf7be095c69dc8d2e52a96e57396209bf,172,dit_source_ab_v1/20260910_r4_source_ab_v1/overview,2026-09-10
historical/outputs/dit_source_ab_v1/20260910_r4_source_ab_v1/monitor/step018000.json,raw/dit_source_ab_v1/20260910_r4_source_ab_v1__monitor__step018000.json,6d119ce8fb4bf748a0e871a57e0c4714d4765de826c82b4824a08b0dab274b37,172,dit_source_ab_v1/20260910_r4_source_ab_v1/overview,2026-09-10
historical/outputs/dit_source_ab_v1/20260910_r4_source_ab_v1/monitor/step019000.json,raw/dit_source_ab_v1/20260910_r4_source_ab_v1__monitor__step019000.json,3de80f0e6e0de30c431bcb3b357028bf19fdc7b6cb12b7eec47faa31eb26eee6,172,dit_source_ab_v1/20260910_r4_source_ab_v1/overview,2026-09-10
historical/outputs/dit_source_ab_v1/20260910_r4_source_ab_v1/monitor/step020000.json,raw/dit_source_ab_v1/20260910_r4_source_ab_v1__monitor__step020000.json,7f931182b597a3bd4b127da8742dd7fd58ff6cbba5deecc1579bcbec98812c6f,172,dit_source_ab_v1/20260910_r4_source_ab_v1/overview,2026-09-10
historical/outputs/dit_source_ab_v1/20260910_r4_source_ab_v1/preflight.json,raw/dit_source_ab_v1/20260910_r4_source_ab_v1__preflight.json,47857b56295a6ad825ec00188335db66f05e3f0ca12a77d36fee0aaeab10791c,1738,dit_source_ab_v1/20260910_r4_source_ab_v1/overview,2026-09-10
historical/outputs/dit_source_ab_v1/20260910_r4_source_ab_v1/report.md,raw/dit_source_ab_v1/20260910_r4_source_ab_v1__report.md,546966bbf3e80ab554d9702af0432e618dde51e526718cf3281fc8b67c75c0f7,560,dit_source_ab_v1/20260910_r4_source_ab_v1/overview,2026-09-10
historical/outputs/dit_source_ab_v1/20260910_r4_source_ab_v1/shared_initialization.json,raw/dit_source_ab_v1/20260910_r4_source_ab_v1__shared_initialization.json,ea59e9a75320e607d0969f7b40a26041c34886f25bae613c9fdd74558741beaa,178,dit_source_ab_v1/20260910_r4_source_ab_v1/overview,2026-09-10
historical/outputs/dit_source_ab_v1/20260910_r4_source_ab_v1/source_check.json,raw/dit_source_ab_v1/20260910_r4_source_ab_v1__source_check.json,46eaa0c9789a62869dcc15d05bba39687499afe0b302290eeefff4f740a61dd7,22095,dit_source_ab_v1/20260910_r4_source_ab_v1/overview,2026-09-10
historical/outputs/dit_source_ab_v1/20260910_r4_source_ab_v1/summary.json,raw/dit_source_ab_v1/20260910_r4_source_ab_v1__summary.json,0b5cc49b3ff26f27e384975873b3815e8dc641418874d5c2e99fe19cefb955de,9118,dit_source_ab_v1/20260910_r4_source_ab_v1/overview,2026-09-10
historical/outputs/dit_source_ab_v1/20260910_r4_source_ab_v1/train_summary.json,raw/dit_source_ab_v1/20260910_r4_source_ab_v1__train_summary.json,7f9a30a37453e8b02f8e17373c7c17fc6f317edccd1e488a748b9ce96d48a7b9,855,dit_source_ab_v1/20260910_r4_source_ab_v1/overview,2026-09-10
historical/outputs/dit_source_ab_v1/20260910_r4_source_ab_v1/verification.json,raw/dit_source_ab_v1/20260910_r4_source_ab_v1__verification.json,7ede63e8ada715459c96178f422c381da73b663aa31ef5d214697d6b97755a7a,2522,dit_source_ab_v1/20260910_r4_source_ab_v1/overview,2026-09-10
historical/outputs/dit_source_reassessment_v2/20260914_r4_source_reassessment_v2/HANDOFF.md,raw/dit_source_reassessment_v2/20260914_r4_source_reassessment_v2__HANDOFF.md,ca0aea7fadbbc087ad32df9be36391c13a9d1a4236d38fb6ee794426dc8d7264,645,dit_source_reassessment_v2/20260914_r4_source_reassessment_v2,2026-09-14
historical/outputs/dit_source_reassessment_v2/20260914_r4_source_reassessment_v2/legacy_reaggregation.json,raw/dit_source_reassessment_v2/20260914_r4_source_reassessment_v2__legacy_reaggregation.json,a1c359e4e4dbfd1e4790d4a4e20a4d377896a1d3d6fc77ae84fa33e13dfc3ed1,142343,dit_source_reassessment_v2/20260914_r4_source_reassessment_v2,2026-09-14
historical/outputs/dit_source_reassessment_v2/20260914_r4_source_reassessment_v2/plan.json,raw/dit_source_reassessment_v2/20260914_r4_source_reassessment_v2__plan.json,e121a39d0423ba1a41bbcde918006e9ceaebcf9d7123f485a7778a885563aaee,4947,dit_source_reassessment_v2/20260914_r4_source_reassessment_v2,2026-09-14
historical/outputs/dit_source_reassessment_v2/20260914_r4_source_reassessment_v2/preflight.json,raw/dit_source_reassessment_v2/20260914_r4_source_reassessment_v2__preflight.json,72fe8540d26d42c54677ae7b8445dc4053cd3c3f16e69f87c6d939932d97d0ac,5481,dit_source_reassessment_v2/20260914_r4_source_reassessment_v2,2026-09-14
historical/outputs/dit_source_reassessment_v2/20260914_r4_source_reassessment_v2/report.md,raw/dit_source_reassessment_v2/20260914_r4_source_reassessment_v2__report.md,e5530c5bf5cda1a04169196b7794c795cb8c220e09f0c387fd54d516c25ddbc9,2864,dit_source_reassessment_v2/20260914_r4_source_reassessment_v2,2026-09-14
historical/outputs/dit_source_reassessment_v2/20260914_r4_source_reassessment_v2/summary.json,raw/dit_source_reassessment_v2/20260914_r4_source_reassessment_v2__summary.json,d46c43d026b26f39423809fd9b60c36eabc776923b469f6d2d272e94cbd93552,859,dit_source_reassessment_v2/20260914_r4_source_reassessment_v2,2026-09-14
historical/outputs/dit_source_reassessment_v2/20260914_r4_source_reassessment_v2_neibu/HANDOFF.md,raw/dit_source_reassessment_v2/20260914_r4_source_reassessment_v2_neibu__HANDOFF.md,9f23f4c8b518f310e96699d843598cf6b928db6cb7581f769d2a8b66263d55ea,586,dit_source_reassessment_v2/20260914_r4_source_reassessment_v2_neibu,2026-09-14
historical/outputs/dit_source_reassessment_v2/20260914_r4_source_reassessment_v2_neibu/cuda_check.json,raw/dit_source_reassessment_v2/20260914_r4_source_reassessment_v2_neibu__cuda_check.json,8965391d83b783a4b3a39c00db254bd5f33ac3f0e6fc354a1c2aec73acc7e8bc,3549,dit_source_reassessment_v2/20260914_r4_source_reassessment_v2_neibu,2026-09-14
historical/outputs/dit_source_reassessment_v2/20260914_r4_source_reassessment_v2_neibu/interpretation.json,raw/dit_source_reassessment_v2/20260914_r4_source_reassessment_v2_neibu__interpretation.json,8ac7f398a4ca61b6b5b22b79fe7b16d0ef11678ffb17ce086df191cfa7a335d0,22641,dit_source_reassessment_v2/20260914_r4_source_reassessment_v2_neibu,2026-09-14
historical/outputs/dit_source_reassessment_v2/20260914_r4_source_reassessment_v2_neibu/legacy_reaggregation.json,raw/dit_source_reassessment_v2/20260914_r4_source_reassessment_v2_neibu__legacy_reaggregation.json,b4090949d857ea2a9c3cbc391320454ac8368affa364674337a7d635defefad0,142358,dit_source_reassessment_v2/20260914_r4_source_reassessment_v2_neibu,2026-09-14
historical/outputs/dit_source_reassessment_v2/20260914_r4_source_reassessment_v2_neibu/plan.json,raw/dit_source_reassessment_v2/20260914_r4_source_reassessment_v2_neibu__plan.json,e121a39d0423ba1a41bbcde918006e9ceaebcf9d7123f485a7778a885563aaee,4947,dit_source_reassessment_v2/20260914_r4_source_reassessment_v2_neibu,2026-09-14
historical/outputs/dit_source_reassessment_v2/20260914_r4_source_reassessment_v2_neibu/preflight.json,raw/dit_source_reassessment_v2/20260914_r4_source_reassessment_v2_neibu__preflight.json,344ab8c907b22129391fe661d6bde6b64e8a7d34bb24814062ff1d1dee603d7a,5172,dit_source_reassessment_v2/20260914_r4_source_reassessment_v2_neibu,2026-09-14
historical/outputs/dit_source_reassessment_v2/20260914_r4_source_reassessment_v2_neibu/report.md,raw/dit_source_reassessment_v2/20260914_r4_source_reassessment_v2_neibu__report.md,55e88e4a48bbfe6423a392e0e60cd5c757a1e9e7c6913e3de86288c325d07aeb,11143,dit_source_reassessment_v2/20260914_r4_source_reassessment_v2_neibu,2026-09-14
historical/outputs/dit_source_reassessment_v2/20260914_r4_source_reassessment_v2_neibu/rollout/rollout_summary.json,raw/dit_source_reassessment_v2/20260914_r4_source_reassessment_v2_neibu__rollout__rollout_summary.json,ab6e0fdc485b1cbc666ada4faa9596b71c07df13b0e79cdd3eb4c1dd759cef7f,997,dit_source_reassessment_v2/20260914_r4_source_reassessment_v2_neibu,2026-09-14
historical/outputs/dit_source_reassessment_v2/20260914_r4_source_reassessment_v2_neibu/rollout_smoke/rollout_summary.json,raw/dit_source_reassessment_v2/20260914_r4_source_reassessment_v2_neibu__rollout_smoke__rollout_summary.json,82991c373fafec167079d5f896a30c98bc2eb7541829cb7409846be8dab70df6,875,dit_source_reassessment_v2/20260914_r4_source_reassessment_v2_neibu,2026-09-14
historical/outputs/dit_source_reassessment_v2/20260914_r4_source_reassessment_v2_neibu/summary.json,raw/dit_source_reassessment_v2/20260914_r4_source_reassessment_v2_neibu__summary.json,c0a5722decfcaf852248d7080b42254d7629d0d2367c3ea80928b0bf9090b54e,1178,dit_source_reassessment_v2/20260914_r4_source_reassessment_v2_neibu,2026-09-14
historical/outputs/dit_state_detail_pilot_v1/full_20260908_S4500/ratio2_state_detail/seed20260907_S4500/latest_metrics.json,raw/dit_state_detail_pilot_v1/full_20260908_S4500__ratio2_state_detail__seed20260907_S4500__latest_metrics.json,4dc58e77c9b5478bf6a834ef3fc6553aa44c155b3b11fe679fd5ab75a6e228a5,32117,dit_state_detail_pilot_v1/full_20260908_S4500/ratio2_state_detail,2026-09-08
historical/outputs/dit_state_detail_pilot_v1/full_20260908_S4500/ratio2_state_detail/seed20260907_S4500/pilot_summary.json,raw/dit_state_detail_pilot_v1/full_20260908_S4500__ratio2_state_detail__seed20260907_S4500__pilot_summary.json,ef6522ddea73210323b32ac3c0833065e53a08931c7f3872672dce06bcc68184,2234133,dit_state_detail_pilot_v1/full_20260908_S4500/ratio2_state_detail,2026-09-08
historical/outputs/dit_state_detail_pilot_v1/full_20260908_S4500/ratio4_state_detail/seed20260907_S4500/latest_metrics.json,raw/dit_state_detail_pilot_v1/full_20260908_S4500__ratio4_state_detail__seed20260907_S4500__latest_metrics.json,01921cd1284c34d889e733e420d6502a996bc647412b5eccb9d781a3098d3faf,32022,dit_state_detail_pilot_v1/full_20260908_S4500/ratio4_state_detail,2026-09-08
historical/outputs/dit_state_detail_pilot_v1/full_20260908_S4500/ratio4_state_detail/seed20260907_S4500/pilot_summary.json,raw/dit_state_detail_pilot_v1/full_20260908_S4500__ratio4_state_detail__seed20260907_S4500__pilot_summary.json,5a2d747e8274138661da1f06e601077d807daeef1085a0ca82402f07290799cc,2233586,dit_state_detail_pilot_v1/full_20260908_S4500/ratio4_state_detail,2026-09-08
historical/outputs/dit_state_detail_pilot_v1/pilot_budget.json,raw/dit_state_detail_pilot_v1/pilot_budget.json,cc2f729e24fd66b7a1c542193ec725cdb2018dc115d52f823939a91a9207ece3,2071,dit_state_detail_pilot_v1/overview,未记录
historical/outputs/dit_state_detail_pilot_v1/profiles_20260908_fix2/ratio2_state_detail/profile_200_seed20260907/latest_metrics.json,raw/dit_state_detail_pilot_v1/profiles_20260908_fix2__ratio2_state_detail__profile_200_seed20260907__latest_metrics.json,0ad6bda8b992d97b6df9350906c82141d49032d0cf1d49f3ca842966b91b4bb9,2729,dit_state_detail_pilot_v1/profiles_20260908_fix2/ratio2_state_detail,2026-09-08
historical/outputs/dit_state_detail_pilot_v1/profiles_20260908_fix2/ratio2_state_detail/profile_200_seed20260907/pilot_summary.json,raw/dit_state_detail_pilot_v1/profiles_20260908_fix2__ratio2_state_detail__profile_200_seed20260907__pilot_summary.json,d13b61ee9b913eb5a3ea5498a115b2a0e6aefa2995508ddba75e620b77b07141,6919,dit_state_detail_pilot_v1/profiles_20260908_fix2/ratio2_state_detail,2026-09-08
historical/outputs/dit_state_detail_pilot_v1/profiles_20260908_fix2/ratio4_state_detail/profile_200_seed20260907/latest_metrics.json,raw/dit_state_detail_pilot_v1/profiles_20260908_fix2__ratio4_state_detail__profile_200_seed20260907__latest_metrics.json,922d78226f1a0f707dd99c7c48f8e1de00404dedd0aa507bc6f784cebee3ce77,2719,dit_state_detail_pilot_v1/profiles_20260908_fix2/ratio4_state_detail,2026-09-08
historical/outputs/dit_state_detail_pilot_v1/profiles_20260908_fix2/ratio4_state_detail/profile_200_seed20260907/pilot_summary.json,raw/dit_state_detail_pilot_v1/profiles_20260908_fix2__ratio4_state_detail__profile_200_seed20260907__pilot_summary.json,f397a0a7235055c4746454451c35cb7241cce7209816fef8db863708e7271a8e,6918,dit_state_detail_pilot_v1/profiles_20260908_fix2/ratio4_state_detail,2026-09-08
historical/outputs/dit_state_detail_probe_v1/ratio2_state_detail/smoke_report.json,raw/dit_state_detail_probe_v1/ratio2_state_detail__smoke_report.json,24faf932ac4e78840bea43750b1c41e6a11cb7955228e2cd46bfc1607d5f6e87,4749,dit_state_detail_probe_v1/ratio2_state_detail,未记录
historical/outputs/dit_state_detail_probe_v1/ratio4_state_detail/smoke_report.json,raw/dit_state_detail_probe_v1/ratio4_state_detail__smoke_report.json,efb42b34cbb71de0de00d43cba628be8a954dc5ee2e9f3356707567b2c557a19,4736,dit_state_detail_probe_v1/ratio4_state_detail,未记录
historical/outputs/engineering_v1/baseline_contract/metadata.json,raw/engineering_v1/baseline_contract__metadata.json,19ca419a95fbe9fcf16b0d62e86a5fd1709ba08976d5b5c657317c4aae30fdc6,737,engineering_v1/baseline_contract,未记录
historical/outputs/engineering_v1/baseline_contract/repaired_cuda_reference/manifest.json,raw/engineering_v1/baseline_contract__repaired_cuda_reference__manifest.json,a45534a45e75070d2fc9971e148f4e81efaa65f299145bf055d3d1e4142b7744,2504,engineering_v1/baseline_contract,未记录
historical/outputs/engineering_v1/baseline_contract/summary.json,raw/engineering_v1/baseline_contract__summary.json,b4cdde789490546938f8bc9e36de25476792097548c2d63dbb7398c5a0ec6e72,55929,engineering_v1/baseline_contract,未记录
historical/outputs/engineering_v1/ddp_smoke.json,raw/engineering_v1/ddp_smoke.json,cefe1708d5a43707a9f4595c70002279887233fd0ed891aeb9db501f7d8ba471,191,engineering_v1/overview,未记录
historical/outputs/engineering_v1/phase_a/acceptance.json,raw/engineering_v1/phase_a__acceptance.json,72cdc539df19429760ae3645181e41a9499fd3806bc004a2c832fd6e6cfc885d,113293,engineering_v1/phase_a,未记录
historical/outputs/engineering_v1/phase_a/topology_200_steps.jsonl,raw/engineering_v1/phase_a__topology_200_steps.jsonl,6e538be44b7d0a7703fef8d57e9c1dd87303002fb361472836a012e844cc0b20,13967,engineering_v1/phase_a,未记录
historical/outputs/engineering_v1/phase_a/topology_five_epochs.jsonl,raw/engineering_v1/phase_a__topology_five_epochs.jsonl,f37481bcefa56b7941b301f2fd338d9d0baefed0990398c26f594c963f27c25a,6962,engineering_v1/phase_a,未记录
historical/outputs/engineering_v1/phase_b/acceptance.json,raw/engineering_v1/phase_b__acceptance.json,393302a48b5fc29d9bbab2c551ec33bed5b7778c50be27047d04e0a34eb71eaf,13096,engineering_v1/phase_b,未记录
historical/outputs/engineering_v1/phase_b/distance_only_200_steps.jsonl,raw/engineering_v1/phase_b__distance_only_200_steps.jsonl,0da84a5a3ea84001b5c2f33c250a35dc34f75011a6245ec468af4eda1f82cf21,13988,engineering_v1/phase_b,未记录
historical/outputs/engineering_v1/phase_b/distance_only_five_epochs.jsonl,raw/engineering_v1/phase_b__distance_only_five_epochs.jsonl,05e60b17289a66accfdbb7f0ad78a2a823eb94744884895a44b7dbf105a94eb8,6943,engineering_v1/phase_b,未记录
historical/outputs/engineering_v1/phase_b/topology_200_steps.jsonl,raw/engineering_v1/phase_b__topology_200_steps.jsonl,f5e1b17437f5b537b9716bc355813dcfde8295b9ad20a2f604a23b093f8a123d,13975,engineering_v1/phase_b,未记录
historical/outputs/engineering_v1/phase_b/topology_five_epochs.jsonl,raw/engineering_v1/phase_b__topology_five_epochs.jsonl,1e0afb7a53d6d78e0c536a00e8ef735532c3406c36c081d7810234aa329bc09b,6927,engineering_v1/phase_b,未记录
historical/outputs/engineering_v1/profiling/distance_only.json,raw/engineering_v1/profiling__distance_only.json,ec7f85ef48adf1c82bc14e276ec3833c8e573a978d1bde5edfdd01ddd4bc3274,157675,engineering_v1/profiling,未记录
historical/outputs/engineering_v1/profiling/topology.json,raw/engineering_v1/profiling__topology.json,dc1355ce454173384a48cf4195b2041df5df6f7c735a89e7ed69e3bb08d48e6b,158785,engineering_v1/profiling,未记录
historical/outputs/engineering_v1/standard_eval_one_batch.json,raw/engineering_v1/standard_eval_one_batch.json,bbb1d2739f89b54dff74a7932e5aa28ca97cf54140bd0ec730550ae233836d42,5179,engineering_v1/overview,未记录
historical/outputs/engineering_v1/standard_eval_one_batch.md,raw/engineering_v1/standard_eval_one_batch.md,a9663acb18e0c01054650584c1d5cf00ccc18f95bd837d0f240a4af5487f4923,1133,engineering_v1/overview,未记录
historical/outputs/g5/codec_eval.json,raw/g5/codec_eval.json,00d8011401608675d82b3ad9178053f90daedfd4911429bbc3906d9c3dc99fb7,9026,g5/overview,未记录
historical/outputs/g5/codec_eval.md,raw/g5/codec_eval.md,49e2c88defda384229c4c66da3f6d130b7c352f59a8cf45963df26a5a7e200d4,1283,g5/overview,未记录
historical/outputs/g5/codec_eval_probe.json,raw/g5/codec_eval_probe.json,bb219d1f44d9a7f217f251b96abccf207eaf2f1c1acdf83675db2dfbf1c633bf,9001,g5/overview,未记录
historical/outputs/g5/codec_eval_probe.md,raw/g5/codec_eval_probe.md,33d1edb920c7cfdb434843fdd43f72e19bb6c59ebb5f28a1e4906c7b95960c4b,1279,g5/overview,未记录
historical/outputs/g5/codec_eval_probe2.json,raw/g5/codec_eval_probe2.json,6b7f13403f16a854d903572a2f19f3ce395bc968c0afa2ddfc326c3b250fedee,9024,g5/overview,未记录
historical/outputs/g5/codec_eval_probe2.md,raw/g5/codec_eval_probe2.md,33d1edb920c7cfdb434843fdd43f72e19bb6c59ebb5f28a1e4906c7b95960c4b,1279,g5/overview,未记录
historical/outputs/g5/plots/eval_dynamics.png,raw/g5/plots__eval_dynamics.png,dbc37e0ee1f13682044236190d69d0959bcf60b6129c442e684b8e1599ea8251,254167,g5/plots,未记录
historical/outputs/g5/plots/eval_metrics.csv,raw/g5/plots__eval_metrics.csv,a3ea44d8beb42abd50f4d0b0fa9fc105ce0d90694de43b05354afbe4c8746885,1628,g5/plots,未记录
historical/outputs/g5/plots/eval_reconstruction.png,raw/g5/plots__eval_reconstruction.png,a49b5c1374c77b392f04c3da145793427dad79bb26a1451a4aa9c0105539e261,200789,g5/plots,未记录
historical/outputs/g5/plots/loss_curves.png,raw/g5/plots__loss_curves.png,246490dd971049f03ed42053e8d80b6b5eff2518bd0e01938ad36599c27ab905,1103539,g5/plots,未记录
historical/outputs/g5/ratio1_no_temporal/train_metrics.jsonl,raw/g5/ratio1_no_temporal__train_metrics.jsonl,ce1364eb14cc1a780b8a2241f8c5f769513b3b283ef18918ddc085327c8830db,652854,g5/ratio1_no_temporal,未记录
historical/outputs/g5/ratio1_temporal/train_metrics.jsonl,raw/g5/ratio1_temporal__train_metrics.jsonl,b4ac3afc1dd72847669a1297a122771ba3e7ffe41f8366d8b2b878ab286f403e,653547,g5/ratio1_temporal,未记录
historical/outputs/g5/ratio4_temporal/train_metrics.jsonl,raw/g5/ratio4_temporal__train_metrics.jsonl,83f19fef966bf4c4d9fc25c1370b97de6b6c0d4f2b5767b34967c019e3e8b805,652509,g5/ratio4_temporal,未记录
historical/outputs/g5_logged/codec_eval.json,raw/g5_logged/codec_eval.json,6b0e4b898e0c7452267d991be063e16b0c4ec9a5c7783a7064e47430cdbfcd53,9028,g5_logged/overview,未记录
historical/outputs/g5_logged/codec_eval.md,raw/g5_logged/codec_eval.md,0c19e53f066fad025762b2aa3a150548ea9857be6f38aa4f299b44bdc54f6256,1280,g5_logged/overview,未记录
historical/outputs/g5_logged/plots/eval_dynamics.png,raw/g5_logged/plots__eval_dynamics.png,5344153e28f672af490778b8db076aa1c2b2301a20918788b4f578d78f4f3785,256223,g5_logged/plots,未记录
historical/outputs/g5_logged/plots/eval_metrics.csv,raw/g5_logged/plots__eval_metrics.csv,5bcaea106323f011d5a7a735a0bc067887197c8e5fc164bb2cf9cf3ea540ab67,1634,g5_logged/plots,未记录
historical/outputs/g5_logged/plots/eval_reconstruction.png,raw/g5_logged/plots__eval_reconstruction.png,4540d9d8d1dd1babb268457610d5135698ef1f0800cafa2e5998ae0a3bb8854c,199887,g5_logged/plots,未记录
historical/outputs/g5_logged/plots/loss_curves.png,raw/g5_logged/plots__loss_curves.png,246490dd971049f03ed42053e8d80b6b5eff2518bd0e01938ad36599c27ab905,1103539,g5_logged/plots,未记录
historical/outputs/pvb_origin_baselines/atlas_only_dynamic_retrain/checkpoints/version_0/train_config.json,raw/origin_baselines/atlas_only_dynamic_retrain__checkpoints__version_0__train_config.json,20bbbb9f2e46dfdbb53ed8099205bb12efee5f882eb47d8277ce5ed95249d172,287,origin_baselines/atlas_only_dynamic_retrain,未记录
historical/outputs/pvb_origin_baselines/atlas_only_dynamic_retrain_config.yaml,raw/origin_baselines/atlas_only_dynamic_retrain_config.yaml,c34c375c1e02e85b60957d0dfa8b907b244b9cbe98974fd46b97025dbb25f770,1035,origin_baselines/overview,未记录
historical/outputs/pvb_origin_baselines/atlas_only_static_retrain/checkpoints/version_0/train_config.json,raw/origin_baselines/atlas_only_static_retrain__checkpoints__version_0__train_config.json,69e706ed8e6c827baeb2398e0fcc4f0b2b424a9fdaae3b7faab1b244e3d148f0,249,origin_baselines/atlas_only_static_retrain,未记录
historical/outputs/pvb_origin_baselines/atlas_only_static_retrain_config.yaml,raw/origin_baselines/atlas_only_static_retrain_config.yaml,0cdeaa808736f05758fb9cf2683d782b90a136bc8188087d0f55940124e4fcf4,991,origin_baselines/overview,未记录
historical/outputs/pvb_origin_baselines/dynamic_direct/baseline_b_metrics.json,raw/origin_baselines/dynamic_direct__baseline_b_metrics.json,3b2742c5405c58d381f0ddb379697865d0f0aa5a84bac2725372dc60b3996fef,60024,origin_baselines/dynamic_direct,未记录
historical/outputs/pvb_origin_baselines/dynamic_direct/baseline_b_per_sample.csv,raw/origin_baselines/dynamic_direct__baseline_b_per_sample.csv,74b6b2c4005d8fbd91bc2645d17b9fd0a189a9e5e58c628204ad3b76338f556a,14868,origin_baselines/dynamic_direct,未记录
historical/outputs/pvb_origin_baselines/dynamic_direct/run_manifest.json,raw/origin_baselines/dynamic_direct__run_manifest.json,edcfd269fae9971c9cd4573e293cd606fdbdaff7dab46aac79e14e5309815a3c,2521,origin_baselines/dynamic_direct,未记录
historical/outputs/pvb_origin_baselines/dynamic_direct/selection.json,raw/origin_baselines/dynamic_direct__selection.json,750d9baf0ce21a6c9fdb684381708e81afc902198bd8e649a5c7516de119fb93,21051,origin_baselines/dynamic_direct,未记录
historical/outputs/pvb_origin_baselines/dynamic_retrain/GPU4_ABORT_STATUS.md,raw/origin_baselines/dynamic_retrain__GPU4_ABORT_STATUS.md,48e6bc89d065790558339cb34adcfbffb45324bb950af2a02162239781490ce2,1105,origin_baselines/dynamic_retrain,未记录
historical/outputs/pvb_origin_baselines/dynamic_retrain/GPU7_ABORT_STATUS.md,raw/origin_baselines/dynamic_retrain__GPU7_ABORT_STATUS.md,f1f370c4cea3a4554f698a5537dd4c3bb1d3ad8e023007418c21f0a78ad3cbab,657,origin_baselines/dynamic_retrain,未记录
historical/outputs/pvb_origin_baselines/dynamic_retrain/HANDOFF.md,raw/origin_baselines/dynamic_retrain__HANDOFF.md,bbadfb7c0ba5f96585d740968152a47cd40fe106836224ee4c404513a48e3a53,1142,origin_baselines/dynamic_retrain,未记录
historical/outputs/pvb_origin_baselines/dynamic_retrain/HANDOFF_TO_MAIN.md,raw/origin_baselines/dynamic_retrain__HANDOFF_TO_MAIN.md,dc8f9f7c8f91277033a879951b50aec45b61cd466d429f0b4f234fc0484a0c77,1092,origin_baselines/dynamic_retrain,未记录
historical/outputs/pvb_origin_baselines/dynamic_retrain/RUN_STATUS.md,raw/origin_baselines/dynamic_retrain__RUN_STATUS.md,77f3c16e26e2fd5a478fe256cd909d2352dddaba7a4517a9e54292afdffcdc55,806,origin_baselines/dynamic_retrain,未记录
historical/outputs/pvb_origin_baselines/dynamic_retrain/TASKS.md,raw/origin_baselines/dynamic_retrain__TASKS.md,b863b9177d6be0369c0be69aa36d6e31e0cadab131b1d21feec37258b5765245,616,origin_baselines/dynamic_retrain,未记录
historical/outputs/pvb_origin_baselines/dynamic_retrain/baseline_d_train.yaml,raw/origin_baselines/dynamic_retrain__baseline_d_train.yaml,bdf920487c3f7a7d5c8fad8be18e36fe88b4e1bc4155a1ca8d0ffa02391f19ee,1542,origin_baselines/dynamic_retrain,未记录
historical/outputs/pvb_origin_baselines/dynamic_retrain/baseline_d_train_container.yaml,raw/origin_baselines/dynamic_retrain__baseline_d_train_container.yaml,1c42cf38fd995f949f35265dbbb6d66a88bd9efc5c6d29559ac72874d693b091,1217,origin_baselines/dynamic_retrain,未记录
historical/outputs/pvb_origin_baselines/dynamic_retrain/baseline_d_train_gpu4.yaml,raw/origin_baselines/dynamic_retrain__baseline_d_train_gpu4.yaml,0d53e135efbc252f909e05c392c46c6a1c54a94b72135ff0a26df3a5985df705,1222,origin_baselines/dynamic_retrain,未记录
historical/outputs/pvb_origin_baselines/dynamic_retrain/baseline_d_train_gpu7.yaml,raw/origin_baselines/dynamic_retrain__baseline_d_train_gpu7.yaml,0ca02c06307542bdc397d1538a394984c0db465192eee48682cc143b3df583d0,1222,origin_baselines/dynamic_retrain,未记录
historical/outputs/pvb_origin_baselines/dynamic_retrain/checkpoints/version_0/train_config.json,raw/origin_baselines/dynamic_retrain__checkpoints__version_0__train_config.json,1e7e40848305e9b14ac8277a1f81e265fc671c6a02de42bc70b6d51b2e4f826b,276,origin_baselines/dynamic_retrain,未记录
historical/outputs/pvb_origin_baselines/dynamic_retrain/checkpoints/version_1/train_config.json,raw/origin_baselines/dynamic_retrain__checkpoints__version_1__train_config.json,da66628f5aff3c4f75c68d44c2022c4d61fbf1da0daf5ef63ff675b9a7e6eaf7,276,origin_baselines/dynamic_retrain,未记录
historical/outputs/pvb_origin_baselines/dynamic_retrain/checkpoints_gpu4/version_0/train_config.json,raw/origin_baselines/dynamic_retrain__checkpoints_gpu4__version_0__train_config.json,34633e1ec46b0b9cec736488568cf568bc7b56eb2a89dba27619a751074775f6,281,origin_baselines/dynamic_retrain,未记录
historical/outputs/pvb_origin_baselines/dynamic_retrain/checkpoints_gpu7/version_0/train_config.json,raw/origin_baselines/dynamic_retrain__checkpoints_gpu7__version_0__train_config.json,f1ddd025a3b336a9288f35944927921e8c84a4740be1797172af8ff0dbe75fc4,281,origin_baselines/dynamic_retrain,未记录
historical/outputs/pvb_origin_baselines/dynamic_retrain/compatibility_train_smoke.json,raw/origin_baselines/dynamic_retrain__compatibility_train_smoke.json,9965fa850b68560967ed96c2bee9f7addb70c73abab092b679d1fddd1546d51e,362,origin_baselines/dynamic_retrain,未记录
historical/outputs/pvb_origin_baselines/dynamic_retrain/eval_raw/baseline_b_metrics.json,raw/origin_baselines/dynamic_retrain__eval_raw__baseline_b_metrics.json,3755cf53d7fecb5179a67b1e7a91c7b25e3a92d3f2fa3e879442d5389a88ca9e,60088,origin_baselines/dynamic_retrain,未记录
historical/outputs/pvb_origin_baselines/dynamic_retrain/eval_raw/baseline_b_per_sample.csv,raw/origin_baselines/dynamic_retrain__eval_raw__baseline_b_per_sample.csv,79a9f951f6cb8799e0fda8ffa98eb66d46a3ae902960617bb44b5838a55c79e1,14876,origin_baselines/dynamic_retrain,未记录
historical/outputs/pvb_origin_baselines/dynamic_retrain/eval_raw/selection.json,raw/origin_baselines/dynamic_retrain__eval_raw__selection.json,750d9baf0ce21a6c9fdb684381708e81afc902198bd8e649a5c7516de119fb93,21051,origin_baselines/dynamic_retrain,未记录
historical/outputs/pvb_origin_baselines/dynamic_retrain/valid_eval/baseline_d_valid_metrics.json,raw/origin_baselines/dynamic_retrain__valid_eval__baseline_d_valid_metrics.json,40f5d18f65f4d5f988afe86d8749a7026f8550ef82b7f233f624ce54195dfa1a,1365,origin_baselines/dynamic_retrain,未记录
historical/outputs/pvb_origin_baselines/static_direct/baseline_a_audit.json,raw/origin_baselines/static_direct__baseline_a_audit.json,bac1287f759afc8539e38efb915f99d9fb055286c3adf2f7c4838d859410bc89,2492,origin_baselines/static_direct,未记录
historical/outputs/pvb_origin_baselines/static_direct/baseline_a_metrics.json,raw/origin_baselines/static_direct__baseline_a_metrics.json,f72a7871be91578f6aaddcecc8b17f23df46afd33e73bd98108818de294fdf45,66583,origin_baselines/static_direct,未记录
historical/outputs/pvb_origin_baselines/static_direct/baseline_a_per_sample.csv,raw/origin_baselines/static_direct__baseline_a_per_sample.csv,36323532fd81dfeb13af4781bc4b2ceae0c767609f06465909dd28b02ab92b06,14821,origin_baselines/static_direct,未记录
historical/outputs/pvb_origin_baselines/static_direct/baseline_a_status.json,raw/origin_baselines/static_direct__baseline_a_status.json,0969a7947b10afab3fa7e5000fe3510d38c9eb3f5269512eb5241d09303067ac,16839,origin_baselines/static_direct,未记录
historical/outputs/pvb_origin_baselines/static_direct/selection.json,raw/origin_baselines/static_direct__selection.json,a2bba1e9b7b3156dcc59cd92eefb74220560679ddea24e753ff2487ede3f6808,14495,origin_baselines/static_direct,未记录
historical/outputs/pvb_origin_baselines/static_retrain/OLD_RUN_ABORTED.md,raw/origin_baselines/static_retrain__OLD_RUN_ABORTED.md,9d16b245061c3db1a1db213f2c8b46682763b294998e2a0156fd24e3b12e83e4,742,origin_baselines/static_retrain,未记录
historical/outputs/pvb_origin_baselines/static_retrain/PILOT500_RUN.md,raw/origin_baselines/static_retrain__PILOT500_RUN.md,64ef93d5522072b5ff45b0c688e9bc450b7ddddbfd009ed57c52dce7b8a96e98,900,origin_baselines/static_retrain,未记录
historical/outputs/pvb_origin_baselines/static_retrain/RESULTS_PILOT500.md,raw/origin_baselines/static_retrain__RESULTS_PILOT500.md,603b1f6c63de86e9804e1eaaf13849ba4ebf881b634c70b2a11284600d4b547b,3056,origin_baselines/static_retrain,未记录
historical/outputs/pvb_origin_baselines/static_retrain/RETRY_RUN.md,raw/origin_baselines/static_retrain__RETRY_RUN.md,b6f27d86c6460705f5918503214f8efe0eb7b3d84b6f3dede02669e9b50a7d25,1026,origin_baselines/static_retrain,未记录
historical/outputs/pvb_origin_baselines/static_retrain/RUN_MANIFEST.md,raw/origin_baselines/static_retrain__RUN_MANIFEST.md,c3ae4361010fbb8174d186fc516699a22fba0362353b13adb785222d4e3f2f65,3564,origin_baselines/static_retrain,未记录
historical/outputs/pvb_origin_baselines/static_retrain/STATUS.md,raw/origin_baselines/static_retrain__STATUS.md,50c54088481cd998cce3701102055c4ab72aeedd86dc6663103be23ca84a3948,2277,origin_baselines/static_retrain,未记录
historical/outputs/pvb_origin_baselines/static_retrain/checkpoints_full/version_0/train_config.json,raw/origin_baselines/static_retrain__checkpoints_full__version_0__train_config.json,ff4b2668589b9a1acd8a5eadace3ea34b9a44bd1a2aadb46bf468f9f3cee298d,281,origin_baselines/static_retrain,未记录
historical/outputs/pvb_origin_baselines/static_retrain/checkpoints_pilot500/version_0/train_config.json,raw/origin_baselines/static_retrain__checkpoints_pilot500__version_0__train_config.json,129719768d441f4a37c50d8e2b23e523e5463356f88fb0d6dfc33ef3aa56b0b7,247,origin_baselines/static_retrain,未记录
historical/outputs/pvb_origin_baselines/static_retrain/eval_raw/baseline_b_metrics.json,raw/origin_baselines/static_retrain__eval_raw__baseline_b_metrics.json,60c93127540f6bb84bc683fff27f2fc6ec31c21246794e5c7d46bf124012bd1c,61758,origin_baselines/static_retrain,未记录
historical/outputs/pvb_origin_baselines/static_retrain/eval_raw/baseline_b_per_sample.csv,raw/origin_baselines/static_retrain__eval_raw__baseline_b_per_sample.csv,dded27ee6e2ac1c4592609dea7c4c2c3b7db40ca856491903260b0eead22470b,15802,origin_baselines/static_retrain,未记录
historical/outputs/pvb_origin_baselines/static_retrain/eval_raw/selection.json,raw/origin_baselines/static_retrain__eval_raw__selection.json,750d9baf0ce21a6c9fdb684381708e81afc902198bd8e649a5c7516de119fb93,21051,origin_baselines/static_retrain,未记录
historical/outputs/pvb_origin_baselines/static_retrain/origin_train_config.yaml,raw/origin_baselines/static_retrain__origin_train_config.yaml,3e71c4fbd46d69cc79f80105e6c32d90550c62f62bcdc584482685176b593471,1486,origin_baselines/static_retrain,未记录
historical/outputs/pvb_origin_baselines/static_retrain/origin_train_config_full.yaml,raw/origin_baselines/static_retrain__origin_train_config_full.yaml,13fbc02eae4e3608ed919278a61e58b14e1a63155d2755fbad683324b8a63ec4,1434,origin_baselines/static_retrain,未记录
historical/outputs/pvb_origin_baselines/static_retrain/origin_train_config_pilot500.yaml,raw/origin_baselines/static_retrain__origin_train_config_pilot500.yaml,e409571ec15afdf2f0f3e3de8a842a38407ea559440d01b7da3496bdc380befe,1192,origin_baselines/static_retrain,未记录
historical/outputs/pvb_origin_baselines/static_retrain/origin_train_config_retry.yaml,raw/origin_baselines/static_retrain__origin_train_config_retry.yaml,a64cc4f582631aea54af9ab8a33369c71b6e461f8cadbc1d3b484af1845c57ff,1191,origin_baselines/static_retrain,未记录
historical/outputs/pvb_origin_baselines/static_retrain/smoke_pairs/atlas/train/migration_stats.json,raw/origin_baselines/static_retrain__smoke_pairs__atlas__train__migration_stats.json,068c1106df30959442e643de5394ab479b7d549103014f6f0a2cf3046b09f6c3,565,origin_baselines/static_retrain,未记录
historical/outputs/pvb_origin_baselines/static_retrain/smoke_pairs/atlas/valid_block/migration_stats.json,raw/origin_baselines/static_retrain__smoke_pairs__atlas__valid_block__migration_stats.json,375f907753d234b569e5662063104abfb71ec118bf5933a3e95500367d46561d,568,origin_baselines/static_retrain,未记录
historical/outputs/pvb_origin_baselines/static_retrain/smoke_pairs/migration_manifest.json,raw/origin_baselines/static_retrain__smoke_pairs__migration_manifest.json,eceb7bb4d540b7330d36a2242432b2c87c78fcf3ee8ab25a6212c7a807f221a0,2657,origin_baselines/static_retrain,未记录
historical/outputs/pvb_origin_baselines/static_retrain/smoke_pairs/misato/train/migration_stats.json,raw/origin_baselines/static_retrain__smoke_pairs__misato__train__migration_stats.json,651331626d9ee1260b3902b5fc08b9d4ed8835101ae9c5b11e4704670a2ddcc0,564,origin_baselines/static_retrain,未记录
historical/outputs/pvb_origin_baselines/static_retrain/smoke_pairs/misato/valid_block/migration_stats.json,raw/origin_baselines/static_retrain__smoke_pairs__misato__valid_block__migration_stats.json,db40e4fbb7665cda25aa6629e50f3709d613d75be65d871af49a45a42fde9540,570,origin_baselines/static_retrain,未记录
historical/outputs/pvb_origin_baselines/static_retrain/valid_eval/baseline_d_valid_metrics.json,raw/origin_baselines/static_retrain__valid_eval__baseline_d_valid_metrics.json,336aa79ae88e4fe82554f5d5cc5573e9956d096445237a0594618e603c7a58f7,1368,origin_baselines/static_retrain,未记录
historical/outputs/pvb_origin_baselines/summary/eval_dynamics.png,raw/origin_baselines/summary__eval_dynamics.png,e3c3346688429cdbeab3b133f2410e62a1d2231ca755afe7a8818b48dd077ab0,138028,origin_baselines/summary,未记录
historical/outputs/pvb_origin_baselines/summary/eval_metrics.csv,raw/origin_baselines/summary__eval_metrics.csv,4a80924b8d096c5776cb79b07ad77f21ad8b68c027b8a1b34567fc8cf44902ff,18200,origin_baselines/summary,未记录
historical/outputs/pvb_origin_baselines/summary/eval_reconstruction.png,raw/origin_baselines/summary__eval_reconstruction.png,f383ac6de4818c79376771184a0967c3db861535d936c0fa6d475e408cfc90da,117512,origin_baselines/summary,未记录
historical/outputs/pvb_origin_baselines/summary/loss_curves.png,raw/origin_baselines/summary__loss_curves.png,abb7f211fe24bbdc4da69d0ec32bfd31d7c3b3f06ec9e59dc5981a3816a934d3,241420,origin_baselines/summary,未记录
historical/outputs/pvb_origin_baselines/summary/summary.json,raw/origin_baselines/summary__summary.json,c50b20bbc7a880e19214ad4774d9802b8eb08cd9cc3ee8a9d9bdb909f1f88491,12608,origin_baselines/summary,未记录
historical/outputs/pvb_origin_baselines/summary/summary.md,raw/origin_baselines/summary__summary.md,a05a4a0531175687ae354411359f1d5c9635f0edb83d18266acb534c852c501c,2121,origin_baselines/summary,未记录
historical/outputs/pvb_origin_baselines/summary/training_loss.csv,raw/origin_baselines/summary__training_loss.csv,99e0d929b2bdadbe1187bf509eb32c170270b9cdd29240ee900b46b83262f21d,193575,origin_baselines/summary,未记录
historical/outputs/pvb_origin_baselines/summary/validation_loss.csv,raw/origin_baselines/summary__validation_loss.csv,8010dde5a22f840653fad2f3db3108bae304b1ab7d6c247f1682aa87817cc053,388,origin_baselines/summary,未记录
historical/outputs/state_detail_codec_v2/preflight/legacy_audit.json,raw/state_detail_codec_v2/preflight__legacy_audit.json,864a96e10642045371af813ddae76570248a054b07cbdc40622f3f72bb39bbb9,4507,state_detail_codec_v2/preflight,未记录
historical/outputs/state_detail_codec_v2/t0_remote_final/run_20260903T213807/aggregate_comparison.csv,raw/state_detail_codec_v2/t0_remote_final__run_20260903T213807__aggregate_comparison.csv,be40f2824b6f30435b987fc392e7a9a8e20286c8d43d99170852e853be9e17bc,3166,state_detail_codec_v2/t0_remote_final/run_20260903T213807,2026-09-03 21:38:07
historical/outputs/state_detail_codec_v2/t0_remote_final/run_20260903T213807/aggregate_comparison.json,raw/state_detail_codec_v2/t0_remote_final__run_20260903T213807__aggregate_comparison.json,153dff5f3e097bc82078db8f7aeea280ea0affee27b021c37771970fdc77fdab,1745763,state_detail_codec_v2/t0_remote_final/run_20260903T213807,2026-09-03 21:38:07
historical/outputs/state_detail_codec_v2/t0_remote_final/run_20260903T213807/aggregate_comparison.md,raw/state_detail_codec_v2/t0_remote_final__run_20260903T213807__aggregate_comparison.md,3bd78508bb9fddf47589163728eb9b57c7d4e59cb6b0abfc198d2182404b9a88,4655,state_detail_codec_v2/t0_remote_final/run_20260903T213807,2026-09-03 21:38:07
historical/outputs/state_detail_codec_v2/t0_remote_final/run_20260903T213807/block_detail_metrics.png,raw/state_detail_codec_v2/t0_remote_final__run_20260903T213807__block_detail_metrics.png,2aeaafba68f2c11c744d8b921ba14dc38c5d66d74fa442a1ef5787d60961867f,140408,state_detail_codec_v2/t0_remote_final/run_20260903T213807,2026-09-03 21:38:07
historical/outputs/state_detail_codec_v2/t0_remote_final/run_20260903T213807/evaluation_curves.png,raw/state_detail_codec_v2/t0_remote_final__run_20260903T213807__evaluation_curves.png,e5a0d78ce8c160dd94a8d6964243610e353a860d93a0108ed94d0fbb196e5a31,460452,state_detail_codec_v2/t0_remote_final/run_20260903T213807,2026-09-03 21:38:07
historical/outputs/state_detail_codec_v2/t0_remote_final/run_20260903T213807/loss_curve_ratio1_state_detail.png,raw/state_detail_codec_v2/t0_remote_final__run_20260903T213807__loss_curve_ratio1_state_detail.png,6de937477c07b8ed9ac3d84e0e7bc460b1e4b683e1d92c48f047b0edf35f17e8,135664,state_detail_codec_v2/t0_remote_final/run_20260903T213807,2026-09-03 21:38:07
historical/outputs/state_detail_codec_v2/t0_remote_final/run_20260903T213807/loss_curve_ratio2_state_detail.png,raw/state_detail_codec_v2/t0_remote_final__run_20260903T213807__loss_curve_ratio2_state_detail.png,df4dae100fb9a0e3113cf73739722c9355b8bc7977e06d946115444102103630,133389,state_detail_codec_v2/t0_remote_final/run_20260903T213807,2026-09-03 21:38:07
historical/outputs/state_detail_codec_v2/t0_remote_final/run_20260903T213807/loss_curve_ratio4_matched_pooling.png,raw/state_detail_codec_v2/t0_remote_final__run_20260903T213807__loss_curve_ratio4_matched_pooling.png,685383154dc5e0b84371b76b70d18c4fcd37e6e3caae4486824e6018248d4a82,136675,state_detail_codec_v2/t0_remote_final/run_20260903T213807,2026-09-03 21:38:07
historical/outputs/state_detail_codec_v2/t0_remote_final/run_20260903T213807/loss_curve_ratio4_state_detail.png,raw/state_detail_codec_v2/t0_remote_final__run_20260903T213807__loss_curve_ratio4_state_detail.png,ceeaf10d84e707227b42178596b9c37c361113de4ba5ffecfce527c3579b4f16,135658,state_detail_codec_v2/t0_remote_final/run_20260903T213807,2026-09-03 21:38:07
historical/outputs/state_detail_codec_v2/t0_remote_final/run_20260903T213807/loss_curves.png,raw/state_detail_codec_v2/t0_remote_final__run_20260903T213807__loss_curves.png,8abd121fca7c7871b44890e278ab757e091b8c4044bcfc104419292c4677356d,281493,state_detail_codec_v2/t0_remote_final/run_20260903T213807,2026-09-03 21:38:07
historical/outputs/state_detail_codec_v2/t0_remote_final/run_20260903T213807/manifest_contract.json,raw/state_detail_codec_v2/t0_remote_final__run_20260903T213807__manifest_contract.json,e84629d68a2c8bfd3ea1c5ae4a4cad3a8b711dc65a46f2c4dbd831019b9a804b,18858,state_detail_codec_v2/t0_remote_final/run_20260903T213807,2026-09-03 21:38:07
historical/outputs/state_detail_codec_v2/t0_remote_final/run_20260903T213807/micro/ratio1_state_detail/result.json,raw/state_detail_codec_v2/t0_remote_final__run_20260903T213807__micro__ratio1_state_detail__result.json,f5ee6a0bbe72641ba5498b6be4a80e1819897f06320ad0852193cf0e3a36f2ad,51878,state_detail_codec_v2/t0_remote_final/run_20260903T213807,2026-09-03 21:38:07
historical/outputs/state_detail_codec_v2/t0_remote_final/run_20260903T213807/micro/ratio1_state_detail/train_metrics.jsonl,raw/state_detail_codec_v2/t0_remote_final__run_20260903T213807__micro__ratio1_state_detail__train_metrics.jsonl,433cb127a4830e7d400f4563f12f465909f4bff8344d374adc095d5e7981f176,33370,state_detail_codec_v2/t0_remote_final/run_20260903T213807,2026-09-03 21:38:07
historical/outputs/state_detail_codec_v2/t0_remote_final/run_20260903T213807/micro/ratio2_state_detail/result.json,raw/state_detail_codec_v2/t0_remote_final__run_20260903T213807__micro__ratio2_state_detail__result.json,4bdf0605a12e768da14be4f0f0c723a507a51052e5abc81f01b144cc475ece4b,55429,state_detail_codec_v2/t0_remote_final/run_20260903T213807,2026-09-03 21:38:07
historical/outputs/state_detail_codec_v2/t0_remote_final/run_20260903T213807/micro/ratio2_state_detail/train_metrics.jsonl,raw/state_detail_codec_v2/t0_remote_final__run_20260903T213807__micro__ratio2_state_detail__train_metrics.jsonl,3822aec705f0d91c237d29ddb325c1b93a3b7269fccc4f65ec0a910e548cd4c8,33452,state_detail_codec_v2/t0_remote_final/run_20260903T213807,2026-09-03 21:38:07
historical/outputs/state_detail_codec_v2/t0_remote_final/run_20260903T213807/micro/ratio4_matched_pooling/result.json,raw/state_detail_codec_v2/t0_remote_final__run_20260903T213807__micro__ratio4_matched_pooling__result.json,ae49fdc12f102dac72ce5aec0c8822957e2f3e5f8016a2e831b97696f4afbcc9,54907,state_detail_codec_v2/t0_remote_final/run_20260903T213807,2026-09-03 21:38:07
historical/outputs/state_detail_codec_v2/t0_remote_final/run_20260903T213807/micro/ratio4_matched_pooling/train_metrics.jsonl,raw/state_detail_codec_v2/t0_remote_final__run_20260903T213807__micro__ratio4_matched_pooling__train_metrics.jsonl,aa8aff0ff1fff507e1cd744d4ef56ab1f4e8d4185fb25242ef5b23ee696f6186,33453,state_detail_codec_v2/t0_remote_final/run_20260903T213807,2026-09-03 21:38:07
historical/outputs/state_detail_codec_v2/t0_remote_final/run_20260903T213807/micro/ratio4_state_detail/result.json,raw/state_detail_codec_v2/t0_remote_final__run_20260903T213807__micro__ratio4_state_detail__result.json,8bc120da2bf19636e4dcb41ae60dcac73ed0967235389add53ae5695bd7a0431,57346,state_detail_codec_v2/t0_remote_final/run_20260903T213807,2026-09-03 21:38:07
historical/outputs/state_detail_codec_v2/t0_remote_final/run_20260903T213807/micro/ratio4_state_detail/train_metrics.jsonl,raw/state_detail_codec_v2/t0_remote_final__run_20260903T213807__micro__ratio4_state_detail__train_metrics.jsonl,0eca19865728a7e69ed9c917aabb198c7b829aef1ca57f84fe7aade3476c0569,33468,state_detail_codec_v2/t0_remote_final/run_20260903T213807,2026-09-03 21:38:07
historical/outputs/state_detail_codec_v2/t0_remote_final/run_20260903T213807/micro_summary.json,raw/state_detail_codec_v2/t0_remote_final__run_20260903T213807__micro_summary.json,e7a54632c77a0360d4cd80dfa9f9f7f3069fb4e4427b840353ef0c52fe0d9e46,245049,state_detail_codec_v2/t0_remote_final/run_20260903T213807,2026-09-03 21:38:07
historical/outputs/state_detail_codec_v2/t0_remote_final/run_20260903T213807/performance_summary.png,raw/state_detail_codec_v2/t0_remote_final__run_20260903T213807__performance_summary.png,7dc83d834743610bb136f3038beffbc762ee4a4a99f2fa545aa37ef74aad666f,167119,state_detail_codec_v2/t0_remote_final/run_20260903T213807,2026-09-03 21:38:07
historical/outputs/state_detail_codec_v2/t0_remote_final/run_20260903T213807/protocol.json,raw/state_detail_codec_v2/t0_remote_final__run_20260903T213807__protocol.json,c550dc2c0942ab0b8b84cec68103def465d959c48fbd078d9b8677127dfe180b,1421,state_detail_codec_v2/t0_remote_final/run_20260903T213807,2026-09-03 21:38:07
historical/outputs/state_detail_codec_v2/t0_remote_final/run_20260903T213807/ratio1_state_detail/checkpoint_resume.json,raw/state_detail_codec_v2/t0_remote_final__run_20260903T213807__ratio1_state_detail__checkpoint_resume.json,12622803dd0c046b45cba085aabf7a4ac8982a0a38c695cffce8a20155a7d297,72,state_detail_codec_v2/t0_remote_final/run_20260903T213807,2026-09-03 21:38:07
historical/outputs/state_detail_codec_v2/t0_remote_final/run_20260903T213807/ratio1_state_detail/evaluation.json,raw/state_detail_codec_v2/t0_remote_final__run_20260903T213807__ratio1_state_detail__evaluation.json,7158a15fe4a81024677b21dfe188b55e736ddf12f65d3f8f9be1f7e1da8e5e16,298787,state_detail_codec_v2/t0_remote_final/run_20260903T213807,2026-09-03 21:38:07
historical/outputs/state_detail_codec_v2/t0_remote_final/run_20260903T213807/ratio1_state_detail/evaluation_latest.json,raw/state_detail_codec_v2/t0_remote_final__run_20260903T213807__ratio1_state_detail__evaluation_latest.json,696b57819f2e99bc8c7f3399204099479b2d25db937727fc3a802e5ec3d6dc89,24661,state_detail_codec_v2/t0_remote_final/run_20260903T213807,2026-09-03 21:38:07
historical/outputs/state_detail_codec_v2/t0_remote_final/run_20260903T213807/ratio1_state_detail/protocol.json,raw/state_detail_codec_v2/t0_remote_final__run_20260903T213807__ratio1_state_detail__protocol.json,0b85c066236006a83fff194ee510e2d8ab30309759a3744fb3d96d011f86a71e,1799,state_detail_codec_v2/t0_remote_final/run_20260903T213807,2026-09-03 21:38:07
historical/outputs/state_detail_codec_v2/t0_remote_final/run_20260903T213807/ratio1_state_detail/result.json,raw/state_detail_codec_v2/t0_remote_final__run_20260903T213807__ratio1_state_detail__result.json,2870b4502177c72f1b5f2442db15e926f944bb296228ce264b5e22afc65d1ae3,305573,state_detail_codec_v2/t0_remote_final/run_20260903T213807,2026-09-03 21:38:07
historical/outputs/state_detail_codec_v2/t0_remote_final/run_20260903T213807/ratio1_state_detail/runtime.json,raw/state_detail_codec_v2/t0_remote_final__run_20260903T213807__ratio1_state_detail__runtime.json,179176d5d49a9e4ed59fa2034857b4f678847f4018f21361fcc6da754aedf799,987,state_detail_codec_v2/t0_remote_final/run_20260903T213807,2026-09-03 21:38:07
historical/outputs/state_detail_codec_v2/t0_remote_final/run_20260903T213807/ratio1_state_detail/train_metrics.jsonl,raw/state_detail_codec_v2/t0_remote_final__run_20260903T213807__ratio1_state_detail__train_metrics.jsonl,67d8a5bd16f13374dd6167c1d0b65ee41dc467834f71d82af79f6fdc2246cdf3,338902,state_detail_codec_v2/t0_remote_final/run_20260903T213807,2026-09-03 21:38:07
historical/outputs/state_detail_codec_v2/t0_remote_final/run_20260903T213807/ratio2_state_detail/checkpoint_resume.json,raw/state_detail_codec_v2/t0_remote_final__run_20260903T213807__ratio2_state_detail__checkpoint_resume.json,12622803dd0c046b45cba085aabf7a4ac8982a0a38c695cffce8a20155a7d297,72,state_detail_codec_v2/t0_remote_final/run_20260903T213807,2026-09-03 21:38:07
historical/outputs/state_detail_codec_v2/t0_remote_final/run_20260903T213807/ratio2_state_detail/evaluation.json,raw/state_detail_codec_v2/t0_remote_final__run_20260903T213807__ratio2_state_detail__evaluation.json,e787944e9d89f38d6ee09e65ba2d2eafcaf0897c5fa56021927445c11b66cd03,343603,state_detail_codec_v2/t0_remote_final/run_20260903T213807,2026-09-03 21:38:07
historical/outputs/state_detail_codec_v2/t0_remote_final/run_20260903T213807/ratio2_state_detail/evaluation_latest.json,raw/state_detail_codec_v2/t0_remote_final__run_20260903T213807__ratio2_state_detail__evaluation_latest.json,8fb644f177fe283affd956fcac9169bbebcfab042fdefb9409140d58c16853bf,26339,state_detail_codec_v2/t0_remote_final/run_20260903T213807,2026-09-03 21:38:07
historical/outputs/state_detail_codec_v2/t0_remote_final/run_20260903T213807/ratio2_state_detail/protocol.json,raw/state_detail_codec_v2/t0_remote_final__run_20260903T213807__ratio2_state_detail__protocol.json,45e30aedbd5e9bb281e9b1ba9f36ed0567fcdd4064a6ed48518a9a04f98e7bd3,1799,state_detail_codec_v2/t0_remote_final/run_20260903T213807,2026-09-03 21:38:07
historical/outputs/state_detail_codec_v2/t0_remote_final/run_20260903T213807/ratio2_state_detail/result.json,raw/state_detail_codec_v2/t0_remote_final__run_20260903T213807__ratio2_state_detail__result.json,5bd0209f520b8483de23f36c34ff084507b6c4f8a58a219caa8b56b962429428,350411,state_detail_codec_v2/t0_remote_final/run_20260903T213807,2026-09-03 21:38:07
historical/outputs/state_detail_codec_v2/t0_remote_final/run_20260903T213807/ratio2_state_detail/runtime.json,raw/state_detail_codec_v2/t0_remote_final__run_20260903T213807__ratio2_state_detail__runtime.json,3d63fc03a85a684189f9c086cbff6ebef2bf1f557772f240580bd4eb24e67bc5,983,state_detail_codec_v2/t0_remote_final/run_20260903T213807,2026-09-03 21:38:07
historical/outputs/state_detail_codec_v2/t0_remote_final/run_20260903T213807/ratio2_state_detail/train_metrics.jsonl,raw/state_detail_codec_v2/t0_remote_final__run_20260903T213807__ratio2_state_detail__train_metrics.jsonl,32591811d8a703195d00273dcfc5a35f2c75a3d1a7149973e98e359138c3251f,340145,state_detail_codec_v2/t0_remote_final/run_20260903T213807,2026-09-03 21:38:07
historical/outputs/state_detail_codec_v2/t0_remote_final/run_20260903T213807/ratio4_matched_pooling/checkpoint_resume.json,raw/state_detail_codec_v2/t0_remote_final__run_20260903T213807__ratio4_matched_pooling__checkpoint_resume.json,12622803dd0c046b45cba085aabf7a4ac8982a0a38c695cffce8a20155a7d297,72,state_detail_codec_v2/t0_remote_final/run_20260903T213807,2026-09-03 21:38:07
historical/outputs/state_detail_codec_v2/t0_remote_final/run_20260903T213807/ratio4_matched_pooling/evaluation.json,raw/state_detail_codec_v2/t0_remote_final__run_20260903T213807__ratio4_matched_pooling__evaluation.json,87e5c895c90524067e31181ab2476c023f1fbbe6195163804497a6482f6485f9,301459,state_detail_codec_v2/t0_remote_final/run_20260903T213807,2026-09-03 21:38:07
historical/outputs/state_detail_codec_v2/t0_remote_final/run_20260903T213807/ratio4_matched_pooling/evaluation_latest.json,raw/state_detail_codec_v2/t0_remote_final__run_20260903T213807__ratio4_matched_pooling__evaluation_latest.json,80caab63a9a820bb31966a6da9c64e717425791df4d348e89b83c8e276c33692,26104,state_detail_codec_v2/t0_remote_final/run_20260903T213807,2026-09-03 21:38:07
historical/outputs/state_detail_codec_v2/t0_remote_final/run_20260903T213807/ratio4_matched_pooling/protocol.json,raw/state_detail_codec_v2/t0_remote_final__run_20260903T213807__ratio4_matched_pooling__protocol.json,e6e9fb583cb26288c974569d51cf7c1b4cb331b5a6ede3a1be15f7cb1dfdb60c,1802,state_detail_codec_v2/t0_remote_final/run_20260903T213807,2026-09-03 21:38:07
historical/outputs/state_detail_codec_v2/t0_remote_final/run_20260903T213807/ratio4_matched_pooling/result.json,raw/state_detail_codec_v2/t0_remote_final__run_20260903T213807__ratio4_matched_pooling__result.json,f7e0b277885ed47eaaf4588bafd691d693ab8bb669dea9be86829bdecde6ad56,308340,state_detail_codec_v2/t0_remote_final/run_20260903T213807,2026-09-03 21:38:07
historical/outputs/state_detail_codec_v2/t0_remote_final/run_20260903T213807/ratio4_matched_pooling/runtime.json,raw/state_detail_codec_v2/t0_remote_final__run_20260903T213807__ratio4_matched_pooling__runtime.json,64ae1f8fe65db29c62bf46bc908aa61b482222357713eebcdbddad1226567e25,990,state_detail_codec_v2/t0_remote_final/run_20260903T213807,2026-09-03 21:38:07
historical/outputs/state_detail_codec_v2/t0_remote_final/run_20260903T213807/ratio4_matched_pooling/train_metrics.jsonl,raw/state_detail_codec_v2/t0_remote_final__run_20260903T213807__ratio4_matched_pooling__train_metrics.jsonl,c1ebc2f2f3fb82335f46653283ce03af9c1515947e3e003ef36cc8f368fbe346,341930,state_detail_codec_v2/t0_remote_final/run_20260903T213807,2026-09-03 21:38:07
historical/outputs/state_detail_codec_v2/t0_remote_final/run_20260903T213807/ratio4_state_detail/checkpoint_resume.json,raw/state_detail_codec_v2/t0_remote_final__run_20260903T213807__ratio4_state_detail__checkpoint_resume.json,12622803dd0c046b45cba085aabf7a4ac8982a0a38c695cffce8a20155a7d297,72,state_detail_codec_v2/t0_remote_final/run_20260903T213807,2026-09-03 21:38:07
historical/outputs/state_detail_codec_v2/t0_remote_final/run_20260903T213807/ratio4_state_detail/evaluation.json,raw/state_detail_codec_v2/t0_remote_final__run_20260903T213807__ratio4_state_detail__evaluation.json,40927bd004e266e7075b6cac86cd60937881f9a095622140e8700e478883901b,345981,state_detail_codec_v2/t0_remote_final/run_20260903T213807,2026-09-03 21:38:07
historical/outputs/state_detail_codec_v2/t0_remote_final/run_20260903T213807/ratio4_state_detail/evaluation_latest.json,raw/state_detail_codec_v2/t0_remote_final__run_20260903T213807__ratio4_state_detail__evaluation_latest.json,29c37e3e784d15e868c952642f3a05e9bf6ed8899751c1d423ab15be8cd8cfbf,27298,state_detail_codec_v2/t0_remote_final/run_20260903T213807,2026-09-03 21:38:07
historical/outputs/state_detail_codec_v2/t0_remote_final/run_20260903T213807/ratio4_state_detail/protocol.json,raw/state_detail_codec_v2/t0_remote_final__run_20260903T213807__ratio4_state_detail__protocol.json,aede7e5b646875b2f0b64655c218705b2a450b658d3b9ea645e405c271d94541,1799,state_detail_codec_v2/t0_remote_final/run_20260903T213807,2026-09-03 21:38:07
historical/outputs/state_detail_codec_v2/t0_remote_final/run_20260903T213807/ratio4_state_detail/result.json,raw/state_detail_codec_v2/t0_remote_final__run_20260903T213807__ratio4_state_detail__result.json,170729c537722c4897fcd61e214394007e84dc904d1c880c9042d57b00eaecd4,352828,state_detail_codec_v2/t0_remote_final/run_20260903T213807,2026-09-03 21:38:07
historical/outputs/state_detail_codec_v2/t0_remote_final/run_20260903T213807/ratio4_state_detail/runtime.json,raw/state_detail_codec_v2/t0_remote_final__run_20260903T213807__ratio4_state_detail__runtime.json,3bb54adf2f6090980e68c0165d9a6ac0526e6c0c02c5e0527b6c3ea505eae977,987,state_detail_codec_v2/t0_remote_final/run_20260903T213807,2026-09-03 21:38:07
historical/outputs/state_detail_codec_v2/t0_remote_final/run_20260903T213807/ratio4_state_detail/train_metrics.jsonl,raw/state_detail_codec_v2/t0_remote_final__run_20260903T213807__ratio4_state_detail__train_metrics.jsonl,23a54efede56f8f2fc71ee549b6754e23259faa1e293272e5c4778457cce9bbc,340484,state_detail_codec_v2/t0_remote_final/run_20260903T213807,2026-09-03 21:38:07
historical/outputs/state_detail_codec_v2/t0_remote_final/run_20260903T213807/unfreeze_smoke.json,raw/state_detail_codec_v2/t0_remote_final__run_20260903T213807__unfreeze_smoke.json,b7cb4c76618891d4c7d923938d27c951064c0dceffc3b124a49c3879db9fe00e,804,state_detail_codec_v2/t0_remote_final/run_20260903T213807,2026-09-03 21:38:07
historical/outputs/visnet_spatial_v1/implementation_evidence.json,raw/visnet_spatial_v1/implementation_evidence.json,a62eff27cb832d0c2aa8ecc6457626fb3eb4d3be6ec1acab1576545266f56547,1062,visnet_spatial_v1/overview,未记录
historical/outputs/visnet_spatial_v1/micro_overfit/run_20260901T181240/protocol.json,raw/visnet_spatial_v1/micro_overfit__run_20260901T181240__protocol.json,d1a02881b439f965b753da42fa7356a8c06524eb0429eaac14fcf030baed40d9,1476,visnet_spatial_v1/micro_overfit/run_20260901T181240,2026-09-01 18:12:40
historical/outputs/visnet_spatial_v1/micro_overfit/run_20260901T181240/summary.json,raw/visnet_spatial_v1/micro_overfit__run_20260901T181240__summary.json,e3a2fba133f7fdcb76826b7cce75572d48b10b11b7e1b61528c041e9f4137211,1640,visnet_spatial_v1/micro_overfit/run_20260901T181240,2026-09-01 18:12:40
historical/outputs/visnet_spatial_v1/micro_overfit/run_20260901T181240/torchmd_et/train_metrics.jsonl,raw/visnet_spatial_v1/micro_overfit__run_20260901T181240__torchmd_et__train_metrics.jsonl,8c5715f376530325979a6345e140d34c16871ddba5be375109158404a77a5a01,4045,visnet_spatial_v1/micro_overfit/run_20260901T181240,2026-09-01 18:12:40
historical/outputs/visnet_spatial_v1/micro_overfit/run_20260901T190657/protocol.json,raw/visnet_spatial_v1/micro_overfit__run_20260901T190657__protocol.json,79f8588449bbb018a7c21eb8e23eca71998236335b802e289664205f8dba2de9,1527,visnet_spatial_v1/micro_overfit/run_20260901T190657,2026-09-01 19:06:57
historical/outputs/visnet_spatial_v1/micro_overfit/run_20260901T190657/summary.json,raw/visnet_spatial_v1/micro_overfit__run_20260901T190657__summary.json,9ac463360d4d7b77a8b456fc86da0de6422446d47df73e6c38538d81d3e034e9,33650,visnet_spatial_v1/micro_overfit/run_20260901T190657,2026-09-01 19:06:57
historical/outputs/visnet_spatial_v1/micro_overfit/run_20260901T190657/torchmd_et/result.json,raw/visnet_spatial_v1/micro_overfit__run_20260901T190657__torchmd_et__result.json,59d41766302c679105926449b77d93bb090c0be7173f6f6e8f7fab342937ea54,9543,visnet_spatial_v1/micro_overfit/run_20260901T190657,2026-09-01 19:06:57
historical/outputs/visnet_spatial_v1/micro_overfit/run_20260901T190657/torchmd_et/train_metrics.jsonl,raw/visnet_spatial_v1/micro_overfit__run_20260901T190657__torchmd_et__train_metrics.jsonl,0d30df2c0d443a3d1c3dbb089383d941458a30d71f16504321ad1f238b6fe4cf,33831,visnet_spatial_v1/micro_overfit/run_20260901T190657,2026-09-01 19:06:57
historical/outputs/visnet_spatial_v1/micro_overfit/run_20260901T190657/visnet_bonded/result.json,raw/visnet_spatial_v1/micro_overfit__run_20260901T190657__visnet_bonded__result.json,6c8bfdd2607634ca1135b176587ef7c33882aa70e0942c9884fc415f3557eeab,9566,visnet_spatial_v1/micro_overfit/run_20260901T190657,2026-09-01 19:06:57
historical/outputs/visnet_spatial_v1/micro_overfit/run_20260901T190657/visnet_bonded/train_metrics.jsonl,raw/visnet_spatial_v1/micro_overfit__run_20260901T190657__visnet_bonded__train_metrics.jsonl,cb88d9b472481680d0a5fac942fd53a1aee0cad3100fb48b1ee34dcf54109134,33729,visnet_spatial_v1/micro_overfit/run_20260901T190657,2026-09-01 19:06:57
historical/outputs/visnet_spatial_v1/micro_overfit/run_20260901T190657/visnet_radius/result.json,raw/visnet_spatial_v1/micro_overfit__run_20260901T190657__visnet_radius__result.json,332a23330c002215b71e57bad4341aa06bb65afd12ddc7cc241ba4895bbe179f,9537,visnet_spatial_v1/micro_overfit/run_20260901T190657,2026-09-01 19:06:57
historical/outputs/visnet_spatial_v1/micro_overfit/run_20260901T190657/visnet_radius/train_metrics.jsonl,raw/visnet_spatial_v1/micro_overfit__run_20260901T190657__visnet_radius__train_metrics.jsonl,14514bae1565b4aa2ab2bd6ec082311fdbbc829b2452ca02ad2acd19cd449f07,33784,visnet_spatial_v1/micro_overfit/run_20260901T190657,2026-09-01 19:06:57
historical/outputs/visnet_spatial_v1/tiny_overfit/run_20260901T192557/aggregate_comparison.csv,raw/visnet_spatial_v1/tiny_overfit__run_20260901T192557__aggregate_comparison.csv,1e25f2545f91c2739cb4f8dc5bfe6bd9c4cf9fa332befbc2b0ac1435aeedd026,1187,visnet_spatial_v1/tiny_overfit/run_20260901T192557,2026-09-01 19:25:57
historical/outputs/visnet_spatial_v1/tiny_overfit/run_20260901T192557/aggregate_comparison.json,raw/visnet_spatial_v1/tiny_overfit__run_20260901T192557__aggregate_comparison.json,8c1b953214e0c37794496d88523bf4f55e6686003c440ad7f78ae8d7fa3f7cab,779708,visnet_spatial_v1/tiny_overfit/run_20260901T192557,2026-09-01 19:25:57
historical/outputs/visnet_spatial_v1/tiny_overfit/run_20260901T192557/aggregate_comparison.md,raw/visnet_spatial_v1/tiny_overfit__run_20260901T192557__aggregate_comparison.md,75720fc4c6b940ea973358eee5e1124c626e42eea7ac7ecb55ab0054ab952387,2776,visnet_spatial_v1/tiny_overfit/run_20260901T192557,2026-09-01 19:25:57
historical/outputs/visnet_spatial_v1/tiny_overfit/run_20260901T192557/eval_metrics.png,raw/visnet_spatial_v1/tiny_overfit__run_20260901T192557__eval_metrics.png,add835640ee26d7c1be19c714b70de774d1110fd60272e1d963f5f631285a153,255050,visnet_spatial_v1/tiny_overfit/run_20260901T192557,2026-09-01 19:25:57
historical/outputs/visnet_spatial_v1/tiny_overfit/run_20260901T192557/eval_metrics_torchmd_et.png,raw/visnet_spatial_v1/tiny_overfit__run_20260901T192557__eval_metrics_torchmd_et.png,90d94a7ee47f3122186df55b22ea26ba1cb7c31ed265b3466c4ec2bc39d94acf,149431,visnet_spatial_v1/tiny_overfit/run_20260901T192557,2026-09-01 19:25:57
historical/outputs/visnet_spatial_v1/tiny_overfit/run_20260901T192557/eval_metrics_visnet_bonded.png,raw/visnet_spatial_v1/tiny_overfit__run_20260901T192557__eval_metrics_visnet_bonded.png,03506aa26bc448d111a79af12a761af34880c4dd222ab95d68f32c89065e9eff,146231,visnet_spatial_v1/tiny_overfit/run_20260901T192557,2026-09-01 19:25:57
historical/outputs/visnet_spatial_v1/tiny_overfit/run_20260901T192557/eval_metrics_visnet_radius.png,raw/visnet_spatial_v1/tiny_overfit__run_20260901T192557__eval_metrics_visnet_radius.png,5368447c20df05bbae537027a40d0be14193468a314101abf49798c626f96a41,146499,visnet_spatial_v1/tiny_overfit/run_20260901T192557,2026-09-01 19:25:57
historical/outputs/visnet_spatial_v1/tiny_overfit/run_20260901T192557/loss_curves.png,raw/visnet_spatial_v1/tiny_overfit__run_20260901T192557__loss_curves.png,6671d384f6d0dceae88076c46b26853d27bfff358378ce7bdd9750d3cedf2aaa,112891,visnet_spatial_v1/tiny_overfit/run_20260901T192557,2026-09-01 19:25:57
historical/outputs/visnet_spatial_v1/tiny_overfit/run_20260901T192557/manifest_contract.json,raw/visnet_spatial_v1/tiny_overfit__run_20260901T192557__manifest_contract.json,21992d86626eaf3b6d08dea12354b65060ec0be54b64c0adf9dc15b18f315a40,18452,visnet_spatial_v1/tiny_overfit/run_20260901T192557,2026-09-01 19:25:57
historical/outputs/visnet_spatial_v1/tiny_overfit/run_20260901T192557/performance_summary.png,raw/visnet_spatial_v1/tiny_overfit__run_20260901T192557__performance_summary.png,875ce54b55d158c2262ce724d5c87892f4a694c616838e7077f1640c0337bf94,72980,visnet_spatial_v1/tiny_overfit/run_20260901T192557,2026-09-01 19:25:57
historical/outputs/visnet_spatial_v1/tiny_overfit/run_20260901T192557/protocol.json,raw/visnet_spatial_v1/tiny_overfit__run_20260901T192557__protocol.json,d98805fee37c05370bc8fd52fd49c7f28e05532ebdc7366088aa0cc458263564,967,visnet_spatial_v1/tiny_overfit/run_20260901T192557,2026-09-01 19:25:57
historical/outputs/visnet_spatial_v1/tiny_overfit/run_20260901T192557/torchmd_et/epoch_metrics.jsonl,raw/visnet_spatial_v1/tiny_overfit__run_20260901T192557__torchmd_et__epoch_metrics.jsonl,dbc60cf547729cdc3334a244d7a6ee0aef8756a0607c1210f4f1d3130b3a37f0,128931,visnet_spatial_v1/tiny_overfit/run_20260901T192557,2026-09-01 19:25:57
historical/outputs/visnet_spatial_v1/tiny_overfit/run_20260901T192557/torchmd_et/protocol.json,raw/visnet_spatial_v1/tiny_overfit__run_20260901T192557__torchmd_et__protocol.json,40a6ebebdf57a5bd4aac73c105575c7174dd5de10f45409a2d011031c5a5f7be,1003,visnet_spatial_v1/tiny_overfit/run_20260901T192557,2026-09-01 19:25:57
historical/outputs/visnet_spatial_v1/tiny_overfit/run_20260901T192557/torchmd_et/result.json,raw/visnet_spatial_v1/tiny_overfit__run_20260901T192557__torchmd_et__result.json,c7d36b57e1eb663b04b82fb0620e80599e6b8209ff16c2d2fb3e78aed7475067,216596,visnet_spatial_v1/tiny_overfit/run_20260901T192557,2026-09-01 19:25:57
historical/outputs/visnet_spatial_v1/tiny_overfit/run_20260901T192557/torchmd_et/train_metrics.jsonl,raw/visnet_spatial_v1/tiny_overfit__run_20260901T192557__torchmd_et__train_metrics.jsonl,b8cf1048197db3a90e3e4ab3a20d0c82f46ccec18f0963e5a40d232151d4b14b,338517,visnet_spatial_v1/tiny_overfit/run_20260901T192557,2026-09-01 19:25:57
historical/outputs/visnet_spatial_v1/tiny_overfit/run_20260901T192557/visnet_bonded/epoch_metrics.jsonl,raw/visnet_spatial_v1/tiny_overfit__run_20260901T192557__visnet_bonded__epoch_metrics.jsonl,ae9b9ab7d458e79489467bf0d4964795bede3ecb60ce5ce4e7fdd5f4b7e9a1ec,128825,visnet_spatial_v1/tiny_overfit/run_20260901T192557,2026-09-01 19:25:57
historical/outputs/visnet_spatial_v1/tiny_overfit/run_20260901T192557/visnet_bonded/protocol.json,raw/visnet_spatial_v1/tiny_overfit__run_20260901T192557__visnet_bonded__protocol.json,977ab43fe07cae47d6d8183308dc706f4bbb0cfb64c56fc847a348de1e28d3ce,1006,visnet_spatial_v1/tiny_overfit/run_20260901T192557,2026-09-01 19:25:57
historical/outputs/visnet_spatial_v1/tiny_overfit/run_20260901T192557/visnet_bonded/result.json,raw/visnet_spatial_v1/tiny_overfit__run_20260901T192557__visnet_bonded__result.json,2e408514e90c116a066f59ef2e300552daceda3f1b646a632d04cd9ca23df5b0,216087,visnet_spatial_v1/tiny_overfit/run_20260901T192557,2026-09-01 19:25:57
historical/outputs/visnet_spatial_v1/tiny_overfit/run_20260901T192557/visnet_bonded/train_metrics.jsonl,raw/visnet_spatial_v1/tiny_overfit__run_20260901T192557__visnet_bonded__train_metrics.jsonl,2af84dc09f4d809537e41a9771fe22d379e52bf42f5e0d72822d35e7f67a8d20,338116,visnet_spatial_v1/tiny_overfit/run_20260901T192557,2026-09-01 19:25:57
historical/outputs/visnet_spatial_v1/tiny_overfit/run_20260901T192557/visnet_radius/epoch_metrics.jsonl,raw/visnet_spatial_v1/tiny_overfit__run_20260901T192557__visnet_radius__epoch_metrics.jsonl,b671a140dcbe7f4c23577df66c5e03eb3f990e25ec3f3ba3d7b43cdc22493331,128843,visnet_spatial_v1/tiny_overfit/run_20260901T192557,2026-09-01 19:25:57
historical/outputs/visnet_spatial_v1/tiny_overfit/run_20260901T192557/visnet_radius/protocol.json,raw/visnet_spatial_v1/tiny_overfit__run_20260901T192557__visnet_radius__protocol.json,4a61508f93b36c8b61cb837afdf1af057c5bbe3dc240907e58b1023907837337,1006,visnet_spatial_v1/tiny_overfit/run_20260901T192557,2026-09-01 19:25:57
historical/outputs/visnet_spatial_v1/tiny_overfit/run_20260901T192557/visnet_radius/result.json,raw/visnet_spatial_v1/tiny_overfit__run_20260901T192557__visnet_radius__result.json,a76daf6021b13119ac130825e8de9f4741d61877fd31c5ed0a21665716cbd8b3,216054,visnet_spatial_v1/tiny_overfit/run_20260901T192557,2026-09-01 19:25:57
historical/outputs/visnet_spatial_v1/tiny_overfit/run_20260901T192557/visnet_radius/train_metrics.jsonl,raw/visnet_spatial_v1/tiny_overfit__run_20260901T192557__visnet_radius__train_metrics.jsonl,954e82db9d24912b4cf7dd0270d3fbdead898204ad9a1334e567adc079a187c4,338021,visnet_spatial_v1/tiny_overfit/run_20260901T192557,2026-09-01 19:25:57
historical/outputs/visnet_spatial_v2/micro_overfit/neibu_run_20260902T174649/protocol.json,raw/visnet_spatial_v2/micro_overfit__neibu_run_20260902T174649__protocol.json,0cbc097c8a6c184df84adc8d26bc421b83e0b33d99b81cd3062342fde2a9c6e1,1444,visnet_spatial_v2/micro_overfit,2026-09-02 17:46:49
historical/outputs/visnet_spatial_v2/micro_overfit/neibu_run_20260902T174649/summary.json,raw/visnet_spatial_v2/micro_overfit__neibu_run_20260902T174649__summary.json,bd675a7537dca0f94eb9ab59565d269a3953710ac9fccfec54516d3b376f3f0c,16165,visnet_spatial_v2/micro_overfit,2026-09-02 17:46:49
historical/outputs/visnet_spatial_v2/micro_overfit/neibu_run_20260902T174649/visnet_v2_bonded_lmax2/result.json,raw/visnet_spatial_v2/micro_overfit__neibu_run_20260902T174649__visnet_v2_bonded_lmax2__result.json,6cd47e0e3ce84393c2c1cc0f052d2b48c591385358c2eb01594f162fe4dbb487,13242,visnet_spatial_v2/micro_overfit,2026-09-02 17:46:49
historical/outputs/visnet_spatial_v2/micro_overfit/neibu_run_20260902T174649/visnet_v2_bonded_lmax2/train_metrics.jsonl,raw/visnet_spatial_v2/micro_overfit__neibu_run_20260902T174649__visnet_v2_bonded_lmax2__train_metrics.jsonl,5cbbd27125c4147211436fbfa6131e380019c86dbbd013a9a0662863ae04f080,33784,visnet_spatial_v2/micro_overfit,2026-09-02 17:46:49
historical/outputs/visnet_spatial_v2/micro_overfit/run_20260902T170456/protocol.json,raw/visnet_spatial_v2/micro_overfit__run_20260902T170456__protocol.json,4906523d9e75211ea4da6790ccc2d1496f78444100b829580d8800415c7bcef1,1775,visnet_spatial_v2/micro_overfit/run_20260902T170456,2026-09-02 17:04:56
historical/outputs/visnet_spatial_v2/micro_overfit/run_20260902T170456/summary.json,raw/visnet_spatial_v2/micro_overfit__run_20260902T170456__summary.json,ffcce8447fe87ff60bf231e9b0f3c33479d30538d2ae2f2cf15b3a713dcca026,37396,visnet_spatial_v2/micro_overfit/run_20260902T170456,2026-09-02 17:04:56
historical/outputs/visnet_spatial_v2/micro_overfit/run_20260902T170456/torchmd_et/result.json,raw/visnet_spatial_v2/micro_overfit__run_20260902T170456__torchmd_et__result.json,8b3704921dc98bfe410bd15840843a60712fc5c8d0ba11a946f7ddaef6ad3951,9685,visnet_spatial_v2/micro_overfit/run_20260902T170456,2026-09-02 17:04:56
historical/outputs/visnet_spatial_v2/micro_overfit/run_20260902T170456/torchmd_et/train_metrics.jsonl,raw/visnet_spatial_v2/micro_overfit__run_20260902T170456__torchmd_et__train_metrics.jsonl,21acf5b70032719db76fc74c45e77e5589a062eb8dc2eddbf3b72ec190c5eec6,33840,visnet_spatial_v2/micro_overfit/run_20260902T170456,2026-09-02 17:04:56
historical/outputs/visnet_spatial_v2/micro_overfit/run_20260902T170456/visnet_bonded/result.json,raw/visnet_spatial_v2/micro_overfit__run_20260902T170456__visnet_bonded__result.json,fc8ff473fc5b19c8b8a7a3918986a856b5f66159303a3cdc3fe840c5a35b268a,9187,visnet_spatial_v2/micro_overfit/run_20260902T170456,2026-09-02 17:04:56
historical/outputs/visnet_spatial_v2/micro_overfit/run_20260902T170456/visnet_bonded/train_metrics.jsonl,raw/visnet_spatial_v2/micro_overfit__run_20260902T170456__visnet_bonded__train_metrics.jsonl,03322b31a3b9e31b4b806bdd0cd1c12f1b972fa537e74310cfc81591e4ef4c39,33747,visnet_spatial_v2/micro_overfit/run_20260902T170456,2026-09-02 17:04:56
historical/outputs/visnet_spatial_v2/micro_overfit/run_20260902T170456/visnet_v2_bonded_lmax1/result.json,raw/visnet_spatial_v2/micro_overfit__run_20260902T170456__visnet_v2_bonded_lmax1__result.json,5fdfcf46ff82dec18671b9b98473f3e005ff8e31a55e826b285419c517f501f1,13149,visnet_spatial_v2/micro_overfit/run_20260902T170456,2026-09-02 17:04:56
historical/outputs/visnet_spatial_v2/micro_overfit/run_20260902T170456/visnet_v2_bonded_lmax1/train_metrics.jsonl,raw/visnet_spatial_v2/micro_overfit__run_20260902T170456__visnet_v2_bonded_lmax1__train_metrics.jsonl,532866d264bd7b8a32233334d4d17bbc8f9b6b01054c6a482b1b0fa90e78b24f,33785,visnet_spatial_v2/micro_overfit/run_20260902T170456,2026-09-02 17:04:56
historical/outputs/visnet_spatial_v2/micro_overfit_radius/neibu_run_20260902T220253/protocol.json,raw/visnet_spatial_v2/micro_overfit_radius__neibu_run_20260902T220253__protocol.json,cd15ffb9379902942cc6ce37b3b2c144af991b94a076cadcbbda703c4cc47238,1444,visnet_spatial_v2/micro_overfit_radius,2026-09-02 22:02:53
historical/outputs/visnet_spatial_v2/micro_overfit_radius/neibu_run_20260902T220253/summary.json,raw/visnet_spatial_v2/micro_overfit_radius__neibu_run_20260902T220253__summary.json,5300f3070eb7f209a744fe277f55c6978f15ea3a166765cdbd1422918e640120,16229,visnet_spatial_v2/micro_overfit_radius,2026-09-02 22:02:53
historical/outputs/visnet_spatial_v2/micro_overfit_radius/neibu_run_20260902T220253/visnet_v2_radius_lmax1/result.json,raw/visnet_spatial_v2/micro_overfit_radius__neibu_run_20260902T220253__visnet_v2_radius_lmax1__result.json,78add57436dc72c54d55218c113012b1e8c371f6b70720fbba68de5d6eef57e5,13302,visnet_spatial_v2/micro_overfit_radius,2026-09-02 22:02:53
historical/outputs/visnet_spatial_v2/micro_overfit_radius/neibu_run_20260902T220253/visnet_v2_radius_lmax1/resume_metrics.jsonl,raw/visnet_spatial_v2/micro_overfit_radius__neibu_run_20260902T220253__visnet_v2_radius_lmax1__resume_metrics.jsonl,d89a6b5ab91f0dbedb6fe97e8c8a9ca1179114ca2de7970f5ed92cecc2ddb2b7,675,visnet_spatial_v2/micro_overfit_radius,2026-09-02 22:02:53
historical/outputs/visnet_spatial_v2/micro_overfit_radius/neibu_run_20260902T220253/visnet_v2_radius_lmax1/train_metrics.jsonl,raw/visnet_spatial_v2/micro_overfit_radius__neibu_run_20260902T220253__visnet_v2_radius_lmax1__train_metrics.jsonl,159c0d73999661d9126f0942b8e9a58a00abd6914e375446d2875584c7cf0c21,33771,visnet_spatial_v2/micro_overfit_radius,2026-09-02 22:02:53
historical/outputs/visnet_spatial_v2/tiny_overfit/neibu_run_20260902T185930/aggregate_comparison.csv,raw/visnet_spatial_v2/tiny_overfit__neibu_run_20260902T185930__aggregate_comparison.csv,f9236e714c6867e5fba72969c5e3a31ab58623b28c6394670f5f2f0e6a4ebbf3,2303,visnet_spatial_v2/tiny_overfit,2026-09-02 18:59:30
historical/outputs/visnet_spatial_v2/tiny_overfit/neibu_run_20260902T185930/aggregate_comparison.json,raw/visnet_spatial_v2/tiny_overfit__neibu_run_20260902T185930__aggregate_comparison.json,726bc5545d1b49bf1c81b86e810cab21df5e92f20a645093eae2a288d18c8ef8,986626,visnet_spatial_v2/tiny_overfit,2026-09-02 18:59:30
historical/outputs/visnet_spatial_v2/tiny_overfit/neibu_run_20260902T185930/aggregate_comparison.md,raw/visnet_spatial_v2/tiny_overfit__neibu_run_20260902T185930__aggregate_comparison.md,0ccfe546759e6bfe244dc470b08d238ae249dc09f6cf5b860c201dd7db0e6c1d,2536,visnet_spatial_v2/tiny_overfit,2026-09-02 18:59:30
historical/outputs/visnet_spatial_v2/tiny_overfit/neibu_run_20260902T185930/eval_metrics_comparison.png,raw/visnet_spatial_v2/tiny_overfit__neibu_run_20260902T185930__eval_metrics_comparison.png,cdb8712e1cbbc7d2ea8299789ea842c132a0a2215651e6a63907b68c933df528,303786,visnet_spatial_v2/tiny_overfit,2026-09-02 18:59:30
historical/outputs/visnet_spatial_v2/tiny_overfit/neibu_run_20260902T185930/loss_curves_comparison.png,raw/visnet_spatial_v2/tiny_overfit__neibu_run_20260902T185930__loss_curves_comparison.png,028adadb8630b915502ddee58610a4b02a3e6100ed5209e4ee0f63e4bb3ad96b,131833,visnet_spatial_v2/tiny_overfit,2026-09-02 18:59:30
historical/outputs/visnet_spatial_v2/tiny_overfit/neibu_run_20260902T185930/manifest_contract.json,raw/visnet_spatial_v2/tiny_overfit__neibu_run_20260902T185930__manifest_contract.json,f3ee81f99543ea6a4c6701c6fe390d77516635421521bd19ee2c136e6d2f32fc,18503,visnet_spatial_v2/tiny_overfit,2026-09-02 18:59:30
historical/outputs/visnet_spatial_v2/tiny_overfit/neibu_run_20260902T185930/performance_summary_comparison.png,raw/visnet_spatial_v2/tiny_overfit__neibu_run_20260902T185930__performance_summary_comparison.png,13075ad7b8ef859c4f607acdeac228fbd2fe97adfbf6f9dc33a527d2999fa51b,95516,visnet_spatial_v2/tiny_overfit,2026-09-02 18:59:30
historical/outputs/visnet_spatial_v2/tiny_overfit/neibu_run_20260902T185930/protocol.json,raw/visnet_spatial_v2/tiny_overfit__neibu_run_20260902T185930__protocol.json,dcb9c0dc892e95fec5c3510f0f9a4f2428cb834943ff7f9107233a0a16bff418,1260,visnet_spatial_v2/tiny_overfit,2026-09-02 18:59:30
historical/outputs/visnet_spatial_v2/tiny_overfit/neibu_run_20260902T185930/visnet_v2_bonded/epoch_metrics.jsonl,raw/visnet_spatial_v2/tiny_overfit__neibu_run_20260902T185930__visnet_v2_bonded__epoch_metrics.jsonl,7066d909722a6637cf770795f178bda3c240f63d97f852c33630be86dcbd2198,128855,visnet_spatial_v2/tiny_overfit,2026-09-02 18:59:30
historical/outputs/visnet_spatial_v2/tiny_overfit/neibu_run_20260902T185930/visnet_v2_bonded/protocol.json,raw/visnet_spatial_v2/tiny_overfit__neibu_run_20260902T185930__visnet_v2_bonded__protocol.json,8fe0d8c87dcd058f8ec55f912342793d66447e46b183d2d89bbdef6a094f86bd,1302,visnet_spatial_v2/tiny_overfit,2026-09-02 18:59:30
historical/outputs/visnet_spatial_v2/tiny_overfit/neibu_run_20260902T185930/visnet_v2_bonded/result.json,raw/visnet_spatial_v2/tiny_overfit__neibu_run_20260902T185930__visnet_v2_bonded__result.json,9fedb7a53bb366c5a7e9eda708647a136e35644bc0130a4a172ea6df015d75e9,216601,visnet_spatial_v2/tiny_overfit,2026-09-02 18:59:30
historical/outputs/visnet_spatial_v2/tiny_overfit/neibu_run_20260902T185930/visnet_v2_bonded/train_metrics.jsonl,raw/visnet_spatial_v2/tiny_overfit__neibu_run_20260902T185930__visnet_v2_bonded__train_metrics.jsonl,7efdb41f883c0c7d39033a4c41d90decd1556a2169d48a4cdb60a0b50b3d48a4,338573,visnet_spatial_v2/tiny_overfit,2026-09-02 18:59:30
