atlas_5e3e_A_R1_w000000_f00	0	47320	887
atlas_5e3e_A_R1_w000000_f01	47320	104992	887
atlas_5e3e_A_R1_w000000_f02	104992	162576	887
atlas_5e3e_A_R1_w000000_f03	162576	220207	887
atlas_5e3e_A_R1_w000000_f04	220207	277925	887
atlas_5e3e_A_R1_w000000_f05	277925	335618	887
atlas_5e3e_A_R1_w000000_f06	335618	393215	887
atlas_5e3e_A_R1_w000000_f07	393215	450917	887
atlas_5e3e_A_R1_w000000_f08	450917	508729	887
atlas_5e3e_A_R1_w000000_f09	508729	566515	887
atlas_5e3e_A_R1_w000000_f10	566515	624262	887
atlas_5e3e_A_R1_w000000_f11	624262	681964	887
atlas_5e3e_A_R1_w000000_f12	681964	739664	887
atlas_5e3e_A_R1_w000000_f13	739664	797317	887
atlas_5e3e_A_R1_w000000_f14	797317	854944	887
atlas_5e3e_A_R1_w000001_f00	854944	907060	887
atlas_5e3e_A_R1_w000001_f01	907060	964101	887
atlas_5e3e_A_R1_w000001_f02	964101	1021058	887
atlas_5e3e_A_R1_w000001_f03	1021058	1078074	887
atlas_5e3e_A_R1_w000001_f04	1078074	1135231	887
atlas_5e3e_A_R1_w000001_f05	1135231	1192420	887
atlas_5e3e_A_R1_w000001_f06	1192420	1249621	887
atlas_5e3e_A_R1_w000001_f07	1249621	1306806	887
atlas_5e3e_A_R1_w000001_f08	1306806	1363946	887
atlas_5e3e_A_R1_w000001_f09	1363946	1421029	887
atlas_5e3e_A_R1_w000001_f10	1421029	1478117	887
atlas_5e3e_A_R1_w000001_f11	1478117	1535185	887
atlas_5e3e_A_R1_w000001_f12	1535185	1592271	887
atlas_5e3e_A_R1_w000001_f13	1592271	1649447	887
atlas_5e3e_A_R1_w000001_f14	1649447	1706592	887
atlas_5e3e_A_R1_w000002_f00	1706592	1758956	887
atlas_5e3e_A_R1_w000002_f01	1758956	1816511	887
atlas_5e3e_A_R1_w000002_f02	1816511	1874223	887
atlas_5e3e_A_R1_w000002_f03	1874223	1931952	887
atlas_5e3e_A_R1_w000002_f04	1931952	1989568	887
atlas_5e3e_A_R1_w000002_f05	1989568	2047206	887
atlas_5e3e_A_R1_w000002_f06	2047206	2104865	887
atlas_5e3e_A_R1_w000002_f07	2104865	2162566	887
atlas_5e3e_A_R1_w000002_f08	2162566	2220344	887
atlas_5e3e_A_R1_w000002_f09	2220344	2278018	887
atlas_5e3e_A_R1_w000002_f10	2278018	2335688	887
atlas_5e3e_A_R1_w000002_f11	2335688	2393372	887
atlas_5e3e_A_R1_w000002_f12	2393372	2451137	887
atlas_5e3e_A_R1_w000002_f13	2451137	2508891	887
atlas_5e3e_A_R1_w000002_f14	2508891	2566653	887
atlas_5e3e_A_R1_w000003_f00	2566653	2619435	887
atlas_5e3e_A_R1_w000003_f01	2619435	2677470	887
atlas_5e3e_A_R1_w000003_f02	2677470	2735553	887
atlas_5e3e_A_R1_w000003_f03	2735553	2793601	887
atlas_5e3e_A_R1_w000003_f04	2793601	2851605	887
atlas_5e3e_A_R1_w000003_f05	2851605	2909624	887
atlas_5e3e_A_R1_w000003_f06	2909624	2967504	887
atlas_5e3e_A_R1_w000003_f07	2967504	3025461	887
atlas_5e3e_A_R1_w000003_f08	3025461	3083449	887
atlas_5e3e_A_R1_w000003_f09	3083449	3141473	887
atlas_5e3e_A_R1_w000003_f10	3141473	3199442	887
atlas_5e3e_A_R1_w000003_f11	3199442	3257515	887
atlas_5e3e_A_R1_w000003_f12	3257515	3315655	887
atlas_5e3e_A_R1_w000003_f13	3315655	3373746	887
atlas_5e3e_A_R1_w000003_f14	3373746	3431752	887
atlas_5e3e_A_R1_w000004_f00	3431752	3483847	887
atlas_5e3e_A_R1_w000004_f01	3483847	3540955	887
atlas_5e3e_A_R1_w000004_f02	3540955	3598001	887
atlas_5e3e_A_R1_w000004_f03	3598001	3655143	887
atlas_5e3e_A_R1_w000004_f04	3655143	3712318	887
atlas_5e3e_A_R1_w000004_f05	3712318	3769398	887
atlas_5e3e_A_R1_w000004_f06	3769398	3826391	887
atlas_5e3e_A_R1_w000004_f07	3826391	3883429	887
atlas_5e3e_A_R1_w000004_f08	3883429	3940630	887
atlas_5e3e_A_R1_w000004_f09	3940630	3997696	887
atlas_5e3e_A_R1_w000004_f10	3997696	4054652	887
atlas_5e3e_A_R1_w000004_f11	4054652	4111628	887
atlas_5e3e_A_R1_w000004_f12	4111628	4168760	887
atlas_5e3e_A_R1_w000004_f13	4168760	4225883	887
atlas_5e3e_A_R1_w000004_f14	4225883	4283016	887
atlas_5e3e_A_R1_w000005_f00	4283016	4334581	887
atlas_5e3e_A_R1_w000005_f01	4334581	4391200	887
atlas_5e3e_A_R1_w000005_f02	4391200	4447934	887
atlas_5e3e_A_R1_w000005_f03	4447934	4504525	887
atlas_5e3e_A_R1_w000005_f04	4504525	4561122	887
atlas_5e3e_A_R1_w000005_f05	4561122	4617816	887
atlas_5e3e_A_R1_w000005_f06	4617816	4674575	887
atlas_5e3e_A_R1_w000005_f07	4674575	4731153	887
atlas_5e3e_A_R1_w000005_f08	4731153	4787700	887
atlas_5e3e_A_R1_w000005_f09	4787700	4844398	887
atlas_5e3e_A_R1_w000005_f10	4844398	4901153	887
atlas_5e3e_A_R1_w000005_f11	4901153	4957746	887
atlas_5e3e_A_R1_w000005_f12	4957746	5014360	887
atlas_5e3e_A_R1_w000005_f13	5014360	5071104	887
atlas_5e3e_A_R1_w000005_f14	5071104	5127893	887
atlas_5e3e_A_R1_w000006_f00	5127893	5180306	887
atlas_5e3e_A_R1_w000006_f01	5180306	5237945	887
atlas_5e3e_A_R1_w000006_f02	5237945	5295591	887
atlas_5e3e_A_R1_w000006_f03	5295591	5353269	887
atlas_5e3e_A_R1_w000006_f04	5353269	5410931	887
atlas_5e3e_A_R1_w000006_f05	5410931	5468668	887
atlas_5e3e_A_R1_w000006_f06	5468668	5526225	887
atlas_5e3e_A_R1_w000006_f07	5526225	5583786	887
atlas_5e3e_A_R1_w000006_f08	5583786	5641476	887
atlas_5e3e_A_R1_w000006_f09	5641476	5699173	887
atlas_5e3e_A_R1_w000006_f10	5699173	5756927	887
atlas_5e3e_A_R1_w000006_f11	5756927	5814611	887
atlas_5e3e_A_R1_w000006_f12	5814611	5872413	887
atlas_5e3e_A_R1_w000006_f13	5872413	5930168	887
atlas_5e3e_A_R1_w000006_f14	5930168	5987817	887
atlas_5e3e_A_R1_w000007_f00	5987817	6040059	887
atlas_5e3e_A_R1_w000007_f01	6040059	6097347	887
atlas_5e3e_A_R1_w000007_f02	6097347	6154683	887
atlas_5e3e_A_R1_w000007_f03	6154683	6211984	887
atlas_5e3e_A_R1_w000007_f04	6211984	6269329	887
atlas_5e3e_A_R1_w000007_f05	6269329	6326605	887
atlas_5e3e_A_R1_w000007_f06	6326605	6383798	887
atlas_5e3e_A_R1_w000007_f07	6383798	6441119	887
atlas_5e3e_A_R1_w000007_f08	6441119	6498532	887
atlas_5e3e_A_R1_w000007_f09	6498532	6555954	887
atlas_5e3e_A_R1_w000007_f10	6555954	6613244	887
atlas_5e3e_A_R1_w000007_f11	6613244	6670577	887
atlas_5e3e_A_R1_w000007_f12	6670577	6727978	887
atlas_5e3e_A_R1_w000007_f13	6727978	6785360	887
atlas_5e3e_A_R1_w000007_f14	6785360	6842716	887
atlas_5e3e_A_R1_w000008_f00	6842716	6895283	887
atlas_5e3e_A_R1_w000008_f01	6895283	6952990	887
atlas_5e3e_A_R1_w000008_f02	6952990	7010666	887
atlas_5e3e_A_R1_w000008_f03	7010666	7068332	887
atlas_5e3e_A_R1_w000008_f04	7068332	7126092	887
atlas_5e3e_A_R1_w000008_f05	7126092	7183798	887
atlas_5e3e_A_R1_w000008_f06	7183798	7241343	887
atlas_5e3e_A_R1_w000008_f07	7241343	7298883	887
atlas_5e3e_A_R1_w000008_f08	7298883	7356471	887
atlas_5e3e_A_R1_w000008_f09	7356471	7414009	887
atlas_5e3e_A_R1_w000008_f10	7414009	7471602	887
atlas_5e3e_A_R1_w000008_f11	7471602	7529241	887
atlas_5e3e_A_R1_w000008_f12	7529241	7586960	887
atlas_5e3e_A_R1_w000008_f13	7586960	7644705	887
atlas_5e3e_A_R1_w000008_f14	7644705	7702407	887
atlas_5e3e_A_R1_w000009_f00	7702407	7754707	887
atlas_5e3e_A_R1_w000009_f01	7754707	7812272	887
atlas_5e3e_A_R1_w000009_f02	7812272	7869818	887
atlas_5e3e_A_R1_w000009_f03	7869818	7927572	887
atlas_5e3e_A_R1_w000009_f04	7927572	7985448	887
atlas_5e3e_A_R1_w000009_f05	7985448	8043158	887
atlas_5e3e_A_R1_w000009_f06	8043158	8100779	887
atlas_5e3e_A_R1_w000009_f07	8100779	8158404	887
atlas_5e3e_A_R1_w000009_f08	8158404	8215954	887
atlas_5e3e_A_R1_w000009_f09	8215954	8273696	887
atlas_5e3e_A_R1_w000009_f10	8273696	8331459	887
atlas_5e3e_A_R1_w000009_f11	8331459	8389173	887
atlas_5e3e_A_R1_w000009_f12	8389173	8446823	887
atlas_5e3e_A_R1_w000009_f13	8446823	8504452	887
atlas_5e3e_A_R1_w000009_f14	8504452	8562108	887
atlas_5e3e_A_R1_w000010_f00	8562108	8614773	887
atlas_5e3e_A_R1_w000010_f01	8614773	8672502	887
atlas_5e3e_A_R1_w000010_f02	8672502	8730255	887
atlas_5e3e_A_R1_w000010_f03	8730255	8787974	887
atlas_5e3e_A_R1_w000010_f04	8787974	8845678	887
atlas_5e3e_A_R1_w000010_f05	8845678	8903391	887
atlas_5e3e_A_R1_w000010_f06	8903391	8960991	887
atlas_5e3e_A_R1_w000010_f07	8960991	9018581	887
atlas_5e3e_A_R1_w000010_f08	9018581	9076239	887
atlas_5e3e_A_R1_w000010_f09	9076239	9134087	887
atlas_5e3e_A_R1_w000010_f10	9134087	9191849	887
atlas_5e3e_A_R1_w000010_f11	9191849	9249452	887
atlas_5e3e_A_R1_w000010_f12	9249452	9307125	887
atlas_5e3e_A_R1_w000010_f13	9307125	9364831	887
atlas_5e3e_A_R1_w000010_f14	9364831	9422608	887
atlas_5e3e_A_R1_w000011_f00	9422608	9474688	887
atlas_5e3e_A_R1_w000011_f01	9474688	9531752	887
atlas_5e3e_A_R1_w000011_f02	9531752	9588821	887
atlas_5e3e_A_R1_w000011_f03	9588821	9645992	887
atlas_5e3e_A_R1_w000011_f04	9645992	9703105	887
atlas_5e3e_A_R1_w000011_f05	9703105	9760158	887
atlas_5e3e_A_R1_w000011_f06	9760158	9817388	887
atlas_5e3e_A_R1_w000011_f07	9817388	9874546	887
atlas_5e3e_A_R1_w000011_f08	9874546	9931556	887
atlas_5e3e_A_R1_w000011_f09	9931556	9988671	887
atlas_5e3e_A_R1_w000011_f10	9988671	10045862	887
atlas_5e3e_A_R1_w000011_f11	10045862	10103018	887
atlas_5e3e_A_R1_w000011_f12	10103018	10160177	887
atlas_5e3e_A_R1_w000011_f13	10160177	10217266	887
atlas_5e3e_A_R1_w000011_f14	10217266	10274427	887
atlas_5e3e_A_R1_w000012_f00	10274427	10326998	887
atlas_5e3e_A_R1_w000012_f01	10326998	10384771	887
atlas_5e3e_A_R1_w000012_f02	10384771	10442515	887
atlas_5e3e_A_R1_w000012_f03	10442515	10500282	887
atlas_5e3e_A_R1_w000012_f04	10500282	10558021	887
atlas_5e3e_A_R1_w000012_f05	10558021	10615807	887
atlas_5e3e_A_R1_w000012_f06	10615807	10673520	887
atlas_5e3e_A_R1_w000012_f07	10673520	10731120	887
atlas_5e3e_A_R1_w000012_f08	10731120	10788765	887
atlas_5e3e_A_R1_w000012_f09	10788765	10846398	887
atlas_5e3e_A_R1_w000012_f10	10846398	10904142	887
atlas_5e3e_A_R1_w000012_f11	10904142	10961930	887
atlas_5e3e_A_R1_w000012_f12	10961930	11019649	887
atlas_5e3e_A_R1_w000012_f13	11019649	11077347	887
atlas_5e3e_A_R1_w000012_f14	11077347	11135053	887
atlas_5e3e_A_R1_w000013_f00	11135053	11187595	887
atlas_5e3e_A_R1_w000013_f01	11187595	11245439	887
atlas_5e3e_A_R1_w000013_f02	11245439	11303275	887
atlas_5e3e_A_R1_w000013_f03	11303275	11360955	887
atlas_5e3e_A_R1_w000013_f04	11360955	11418524	887
atlas_5e3e_A_R1_w000013_f05	11418524	11476214	887
atlas_5e3e_A_R1_w000013_f06	11476214	11533877	887
atlas_5e3e_A_R1_w000013_f07	11533877	11591513	887
atlas_5e3e_A_R1_w000013_f08	11591513	11649146	887
atlas_5e3e_A_R1_w000013_f09	11649146	11706829	887
atlas_5e3e_A_R1_w000013_f10	11706829	11764482	887
atlas_5e3e_A_R1_w000013_f11	11764482	11822059	887
atlas_5e3e_A_R1_w000013_f12	11822059	11879712	887
atlas_5e3e_A_R1_w000013_f13	11879712	11937353	887
atlas_5e3e_A_R1_w000013_f14	11937353	11995065	887
atlas_5e3e_A_R1_w000014_f00	11995065	12046862	887
atlas_5e3e_A_R1_w000014_f01	12046862	12104528	887
atlas_5e3e_A_R1_w000014_f02	12104528	12162191	887
atlas_5e3e_A_R1_w000014_f03	12162191	12219809	887
atlas_5e3e_A_R1_w000014_f04	12219809	12277522	887
atlas_5e3e_A_R1_w000014_f05	12277522	12335194	887
atlas_5e3e_A_R1_w000014_f06	12335194	12392848	887
atlas_5e3e_A_R1_w000014_f07	12392848	12450517	887
atlas_5e3e_A_R1_w000014_f08	12450517	12508047	887
atlas_5e3e_A_R1_w000014_f09	12508047	12565671	887
atlas_5e3e_A_R1_w000014_f10	12565671	12623401	887
atlas_5e3e_A_R1_w000014_f11	12623401	12681048	887
atlas_5e3e_A_R1_w000014_f12	12681048	12738565	887
atlas_5e3e_A_R1_w000014_f13	12738565	12796011	887
atlas_5e3e_A_R1_w000014_f14	12796011	12853575	887
atlas_5e3e_A_R1_w000015_f00	12853575	12905851	887
atlas_5e3e_A_R1_w000015_f01	12905851	12963187	887
atlas_5e3e_A_R1_w000015_f02	12963187	13020486	887
atlas_5e3e_A_R1_w000015_f03	13020486	13077781	887
atlas_5e3e_A_R1_w000015_f04	13077781	13135128	887
atlas_5e3e_A_R1_w000015_f05	13135128	13192550	887
atlas_5e3e_A_R1_w000015_f06	13192550	13249803	887
atlas_5e3e_A_R1_w000015_f07	13249803	13307124	887
atlas_5e3e_A_R1_w000015_f08	13307124	13364477	887
atlas_5e3e_A_R1_w000015_f09	13364477	13421648	887
atlas_5e3e_A_R1_w000015_f10	13421648	13478975	887
atlas_5e3e_A_R1_w000015_f11	13478975	13536405	887
atlas_5e3e_A_R1_w000015_f12	13536405	13593748	887
atlas_5e3e_A_R1_w000015_f13	13593748	13650985	887
atlas_5e3e_A_R1_w000015_f14	13650985	13708279	887
atlas_5e3e_A_R1_w000016_f00	13708279	13760434	887
atlas_5e3e_A_R1_w000016_f01	13760434	13818121	887
atlas_5e3e_A_R1_w000016_f02	13818121	13875754	887
atlas_5e3e_A_R1_w000016_f03	13875754	13933378	887
atlas_5e3e_A_R1_w000016_f04	13933378	13990965	887
atlas_5e3e_A_R1_w000016_f05	13990965	14048606	887
atlas_5e3e_A_R1_w000016_f06	14048606	14106365	887
atlas_5e3e_A_R1_w000016_f07	14106365	14164006	887
atlas_5e3e_A_R1_w000016_f08	14164006	14221784	887
atlas_5e3e_A_R1_w000016_f09	14221784	14279610	887
atlas_5e3e_A_R1_w000016_f10	14279610	14337312	887
atlas_5e3e_A_R1_w000016_f11	14337312	14394903	887
atlas_5e3e_A_R1_w000016_f12	14394903	14452597	887
atlas_5e3e_A_R1_w000016_f13	14452597	14510333	887
atlas_5e3e_A_R1_w000016_f14	14510333	14568111	887
atlas_5e3e_A_R1_w000017_f00	14568111	14620420	887
atlas_5e3e_A_R1_w000017_f01	14620420	14677907	887
atlas_5e3e_A_R1_w000017_f02	14677907	14735366	887
atlas_5e3e_A_R1_w000017_f03	14735366	14792901	887
atlas_5e3e_A_R1_w000017_f04	14792901	14850429	887
atlas_5e3e_A_R1_w000017_f05	14850429	14907957	887
atlas_5e3e_A_R1_w000017_f06	14907957	14965582	887
atlas_5e3e_A_R1_w000017_f07	14965582	15023179	887
atlas_5e3e_A_R1_w000017_f08	15023179	15080671	887
atlas_5e3e_A_R1_w000017_f09	15080671	15138166	887
atlas_5e3e_A_R1_w000017_f10	15138166	15195782	887
atlas_5e3e_A_R1_w000017_f11	15195782	15253521	887
atlas_5e3e_A_R1_w000017_f12	15253521	15311229	887
atlas_5e3e_A_R1_w000017_f13	15311229	15368905	887
atlas_5e3e_A_R1_w000017_f14	15368905	15426533	887
atlas_5e3e_A_R1_w000018_f00	15426533	15478920	887
atlas_5e3e_A_R1_w000018_f01	15478920	15536542	887
atlas_5e3e_A_R1_w000018_f02	15536542	15594152	887
atlas_5e3e_A_R1_w000018_f03	15594152	15651677	887
atlas_5e3e_A_R1_w000018_f04	15651677	15709289	887
atlas_5e3e_A_R1_w000018_f05	15709289	15766953	887
atlas_5e3e_A_R1_w000018_f06	15766953	15824559	887
atlas_5e3e_A_R1_w000018_f07	15824559	15882258	887
atlas_5e3e_A_R1_w000018_f08	15882258	15940028	887
atlas_5e3e_A_R1_w000018_f09	15940028	15997705	887
atlas_5e3e_A_R1_w000018_f10	15997705	16055294	887
atlas_5e3e_A_R1_w000018_f11	16055294	16112979	887
atlas_5e3e_A_R1_w000018_f12	16112979	16170637	887
atlas_5e3e_A_R1_w000018_f13	16170637	16228249	887
atlas_5e3e_A_R1_w000018_f14	16228249	16285862	887
atlas_5e3e_A_R1_w000019_f00	16285862	16337497	887
atlas_5e3e_A_R1_w000019_f01	16337497	16394197	887
atlas_5e3e_A_R1_w000019_f02	16394197	16450896	887
atlas_5e3e_A_R1_w000019_f03	16450896	16507474	887
atlas_5e3e_A_R1_w000019_f04	16507474	16564168	887
atlas_5e3e_A_R1_w000019_f05	16564168	16620957	887
atlas_5e3e_A_R1_w000019_f06	16620957	16677586	887
atlas_5e3e_A_R1_w000019_f07	16677586	16734134	887
atlas_5e3e_A_R1_w000019_f08	16734134	16790770	887
atlas_5e3e_A_R1_w000019_f09	16790770	16847488	887
atlas_5e3e_A_R1_w000019_f10	16847488	16904204	887
atlas_5e3e_A_R1_w000019_f11	16904204	16960875	887
atlas_5e3e_A_R1_w000019_f12	16960875	17017475	887
atlas_5e3e_A_R1_w000019_f13	17017475	17074031	887
atlas_5e3e_A_R1_w000019_f14	17074031	17130711	887
atlas_5e3e_A_R1_w000020_f00	17130711	17183496	887
atlas_5e3e_A_R1_w000020_f01	17183496	17241227	887
atlas_5e3e_A_R1_w000020_f02	17241227	17298966	887
atlas_5e3e_A_R1_w000020_f03	17298966	17356632	887
atlas_5e3e_A_R1_w000020_f04	17356632	17414329	887
atlas_5e3e_A_R1_w000020_f05	17414329	17472016	887
atlas_5e3e_A_R1_w000020_f06	17472016	17529720	887
atlas_5e3e_A_R1_w000020_f07	17529720	17587433	887
atlas_5e3e_A_R1_w000020_f08	17587433	17645075	887
atlas_5e3e_A_R1_w000020_f09	17645075	17702701	887
atlas_5e3e_A_R1_w000020_f10	17702701	17760348	887
atlas_5e3e_A_R1_w000020_f11	17760348	17817962	887
atlas_5e3e_A_R1_w000020_f12	17817962	17875568	887
atlas_5e3e_A_R1_w000020_f13	17875568	17933151	887
atlas_5e3e_A_R1_w000020_f14	17933151	17990753	887
atlas_5e3e_A_R1_w000021_f00	17990753	18043263	887
atlas_5e3e_A_R1_w000021_f01	18043263	18100712	887
atlas_5e3e_A_R1_w000021_f02	18100712	18158015	887
atlas_5e3e_A_R1_w000021_f03	18158015	18215245	887
atlas_5e3e_A_R1_w000021_f04	18215245	18272593	887
atlas_5e3e_A_R1_w000021_f05	18272593	18329855	887
atlas_5e3e_A_R1_w000021_f06	18329855	18387089	887
atlas_5e3e_A_R1_w000021_f07	18387089	18444345	887
atlas_5e3e_A_R1_w000021_f08	18444345	18501687	887
atlas_5e3e_A_R1_w000021_f09	18501687	18558999	887
atlas_5e3e_A_R1_w000021_f10	18558999	18616267	887
atlas_5e3e_A_R1_w000021_f11	18616267	18673628	887
atlas_5e3e_A_R1_w000021_f12	18673628	18731045	887
atlas_5e3e_A_R1_w000021_f13	18731045	18788448	887
atlas_5e3e_A_R1_w000021_f14	18788448	18845857	887
atlas_5e3e_A_R1_w000022_f00	18845857	18898235	887
atlas_5e3e_A_R1_w000022_f01	18898235	18955478	887
atlas_5e3e_A_R1_w000022_f02	18955478	19012748	887
atlas_5e3e_A_R1_w000022_f03	19012748	19070058	887
atlas_5e3e_A_R1_w000022_f04	19070058	19127306	887
atlas_5e3e_A_R1_w000022_f05	19127306	19184433	887
atlas_5e3e_A_R1_w000022_f06	19184433	19241552	887
atlas_5e3e_A_R1_w000022_f07	19241552	19298760	887
atlas_5e3e_A_R1_w000022_f08	19298760	19355937	887
atlas_5e3e_A_R1_w000022_f09	19355937	19413127	887
atlas_5e3e_A_R1_w000022_f10	19413127	19470338	887
atlas_5e3e_A_R1_w000022_f11	19470338	19527458	887
atlas_5e3e_A_R1_w000022_f12	19527458	19584674	887
atlas_5e3e_A_R1_w000022_f13	19584674	19641952	887
atlas_5e3e_A_R1_w000022_f14	19641952	19699227	887
atlas_5e3e_A_R1_w000023_f00	19699227	19751395	887
atlas_5e3e_A_R1_w000023_f01	19751395	19809030	887
atlas_5e3e_A_R1_w000023_f02	19809030	19866713	887
atlas_5e3e_A_R1_w000023_f03	19866713	19924380	887
atlas_5e3e_A_R1_w000023_f04	19924380	19982004	887
atlas_5e3e_A_R1_w000023_f05	19982004	20039574	887
atlas_5e3e_A_R1_w000023_f06	20039574	20097025	887
atlas_5e3e_A_R1_w000023_f07	20097025	20154698	887
atlas_5e3e_A_R1_w000023_f08	20154698	20212445	887
atlas_5e3e_A_R1_w000023_f09	20212445	20270082	887
atlas_5e3e_A_R1_w000023_f10	20270082	20327682	887
atlas_5e3e_A_R1_w000023_f11	20327682	20385287	887
atlas_5e3e_A_R1_w000023_f12	20385287	20442924	887
atlas_5e3e_A_R1_w000023_f13	20442924	20500706	887
atlas_5e3e_A_R1_w000023_f14	20500706	20558462	887
atlas_5e3e_A_R1_w000024_f00	20558462	20611481	887
atlas_5e3e_A_R1_w000024_f01	20611481	20669565	887
atlas_5e3e_A_R1_w000024_f02	20669565	20727641	887
atlas_5e3e_A_R1_w000024_f03	20727641	20785640	887
atlas_5e3e_A_R1_w000024_f04	20785640	20843607	887
atlas_5e3e_A_R1_w000024_f05	20843607	20901617	887
atlas_5e3e_A_R1_w000024_f06	20901617	20959607	887
atlas_5e3e_A_R1_w000024_f07	20959607	21017689	887
atlas_5e3e_A_R1_w000024_f08	21017689	21075712	887
atlas_5e3e_A_R1_w000024_f09	21075712	21133735	887
atlas_5e3e_A_R1_w000024_f10	21133735	21191821	887
atlas_5e3e_A_R1_w000024_f11	21191821	21249785	887
atlas_5e3e_A_R1_w000024_f12	21249785	21307797	887
atlas_5e3e_A_R1_w000024_f13	21307797	21365824	887
atlas_5e3e_A_R1_w000024_f14	21365824	21423820	887
atlas_5e3e_A_R1_w000025_f00	21423820	21475235	887
atlas_5e3e_A_R1_w000025_f01	21475235	21531781	887
atlas_5e3e_A_R1_w000025_f02	21531781	21588314	887
atlas_5e3e_A_R1_w000025_f03	21588314	21644887	887
atlas_5e3e_A_R1_w000025_f04	21644887	21701661	887
atlas_5e3e_A_R1_w000025_f05	21701661	21758387	887
atlas_5e3e_A_R1_w000025_f06	21758387	21814935	887
atlas_5e3e_A_R1_w000025_f07	21814935	21871510	887
atlas_5e3e_A_R1_w000025_f08	21871510	21927973	887
atlas_5e3e_A_R1_w000025_f09	21927973	21984636	887
atlas_5e3e_A_R1_w000025_f10	21984636	22041507	887
atlas_5e3e_A_R1_w000025_f11	22041507	22098240	887
atlas_5e3e_A_R1_w000025_f12	22098240	22154947	887
atlas_5e3e_A_R1_w000025_f13	22154947	22211710	887
atlas_5e3e_A_R1_w000025_f14	22211710	22268352	887
atlas_5e3e_A_R1_w000026_f00	22268352	22321107	887
atlas_5e3e_A_R1_w000026_f01	22321107	22379022	887
atlas_5e3e_A_R1_w000026_f02	22379022	22436785	887
atlas_5e3e_A_R1_w000026_f03	22436785	22494681	887
atlas_5e3e_A_R1_w000026_f04	22494681	22552723	887
atlas_5e3e_A_R1_w000026_f05	22552723	22610650	887
atlas_5e3e_A_R1_w000026_f06	22610650	22668546	887
atlas_5e3e_A_R1_w000026_f07	22668546	22726427	887
atlas_5e3e_A_R1_w000026_f08	22726427	22784264	887
atlas_5e3e_A_R1_w000026_f09	22784264	22842085	887
atlas_5e3e_A_R1_w000026_f10	22842085	22900005	887
atlas_5e3e_A_R1_w000026_f11	22900005	22957997	887
atlas_5e3e_A_R1_w000026_f12	22957997	23015974	887
atlas_5e3e_A_R1_w000026_f13	23015974	23073998	887
atlas_5e3e_A_R1_w000026_f14	23073998	23132021	887
atlas_5e3e_A_R1_w000027_f00	23132021	23184499	887
atlas_5e3e_A_R1_w000027_f01	23184499	23241786	887
atlas_5e3e_A_R1_w000027_f02	23241786	23298963	887
atlas_5e3e_A_R1_w000027_f03	23298963	23356222	887
atlas_5e3e_A_R1_w000027_f04	23356222	23413481	887
atlas_5e3e_A_R1_w000027_f05	23413481	23470727	887
atlas_5e3e_A_R1_w000027_f06	23470727	23528012	887
atlas_5e3e_A_R1_w000027_f07	23528012	23585408	887
atlas_5e3e_A_R1_w000027_f08	23585408	23642732	887
atlas_5e3e_A_R1_w000027_f09	23642732	23699934	887
atlas_5e3e_A_R1_w000027_f10	23699934	23757108	887
atlas_5e3e_A_R1_w000027_f11	23757108	23814278	887
atlas_5e3e_A_R1_w000027_f12	23814278	23871455	887
atlas_5e3e_A_R1_w000027_f13	23871455	23928747	887
atlas_5e3e_A_R1_w000027_f14	23928747	23986073	887
atlas_5e3e_A_R1_w000028_f00	23986073	24038138	887
atlas_5e3e_A_R1_w000028_f01	24038138	24095223	887
atlas_5e3e_A_R1_w000028_f02	24095223	24152474	887
atlas_5e3e_A_R1_w000028_f03	24152474	24209838	887
atlas_5e3e_A_R1_w000028_f04	24209838	24267031	887
atlas_5e3e_A_R1_w000028_f05	24267031	24324092	887
atlas_5e3e_A_R1_w000028_f06	24324092	24381255	887
atlas_5e3e_A_R1_w000028_f07	24381255	24438495	887
atlas_5e3e_A_R1_w000028_f08	24438495	24495590	887
atlas_5e3e_A_R1_w000028_f09	24495590	24552791	887
atlas_5e3e_A_R1_w000028_f10	24552791	24610075	887
atlas_5e3e_A_R1_w000028_f11	24610075	24667338	887
atlas_5e3e_A_R1_w000028_f12	24667338	24724628	887
atlas_5e3e_A_R1_w000028_f13	24724628	24781748	887
atlas_5e3e_A_R1_w000028_f14	24781748	24838942	887
atlas_5e3e_A_R1_w000029_f00	24838942	24890978	887
atlas_5e3e_A_R1_w000029_f01	24890978	24947990	887
atlas_5e3e_A_R1_w000029_f02	24947990	25005070	887
atlas_5e3e_A_R1_w000029_f03	25005070	25062292	887
atlas_5e3e_A_R1_w000029_f04	25062292	25119510	887
atlas_5e3e_A_R1_w000029_f05	25119510	25176620	887
atlas_5e3e_A_R1_w000029_f06	25176620	25233591	887
atlas_5e3e_A_R1_w000029_f07	25233591	25290675	887
atlas_5e3e_A_R1_w000029_f08	25290675	25347743	887
atlas_5e3e_A_R1_w000029_f09	25347743	25404811	887
atlas_5e3e_A_R1_w000029_f10	25404811	25461947	887
atlas_5e3e_A_R1_w000029_f11	25461947	25519112	887
atlas_5e3e_A_R1_w000029_f12	25519112	25576370	887
atlas_5e3e_A_R1_w000029_f13	25576370	25633610	887
atlas_5e3e_A_R1_w000029_f14	25633610	25690801	887
atlas_5e3e_A_R1_w000030_f00	25690801	25743117	887
atlas_5e3e_A_R1_w000030_f01	25743117	25800462	887
atlas_5e3e_A_R1_w000030_f02	25800462	25857810	887
atlas_5e3e_A_R1_w000030_f03	25857810	25915056	887
atlas_5e3e_A_R1_w000030_f04	25915056	25972252	887
atlas_5e3e_A_R1_w000030_f05	25972252	26029472	887
atlas_5e3e_A_R1_w000030_f06	26029472	26086660	887
atlas_5e3e_A_R1_w000030_f07	26086660	26143831	887
atlas_5e3e_A_R1_w000030_f08	26143831	26201015	887
atlas_5e3e_A_R1_w000030_f09	26201015	26258212	887
atlas_5e3e_A_R1_w000030_f10	26258212	26315359	887
atlas_5e3e_A_R1_w000030_f11	26315359	26372607	887
atlas_5e3e_A_R1_w000030_f12	26372607	26429967	887
atlas_5e3e_A_R1_w000030_f13	26429967	26487270	887
atlas_5e3e_A_R1_w000030_f14	26487270	26544543	887
atlas_5e3e_A_R1_w000031_f00	26544543	26596885	887
atlas_5e3e_A_R1_w000031_f01	26596885	26654481	887
atlas_5e3e_A_R1_w000031_f02	26654481	26712159	887
atlas_5e3e_A_R1_w000031_f03	26712159	26769854	887
atlas_5e3e_A_R1_w000031_f04	26769854	26827523	887
atlas_5e3e_A_R1_w000031_f05	26827523	26885197	887
atlas_5e3e_A_R1_w000031_f06	26885197	26942928	887
atlas_5e3e_A_R1_w000031_f07	26942928	27000730	887
atlas_5e3e_A_R1_w000031_f08	27000730	27058495	887
atlas_5e3e_A_R1_w000031_f09	27058495	27116144	887
atlas_5e3e_A_R1_w000031_f10	27116144	27173797	887
atlas_5e3e_A_R1_w000031_f11	27173797	27231532	887
atlas_5e3e_A_R1_w000031_f12	27231532	27289233	887
atlas_5e3e_A_R1_w000031_f13	27289233	27346866	887
atlas_5e3e_A_R1_w000031_f14	27346866	27404603	887
atlas_5e3e_A_R1_w000032_f00	27404603	27457109	887
atlas_5e3e_A_R1_w000032_f01	27457109	27514549	887
atlas_5e3e_A_R1_w000032_f02	27514549	27572034	887
atlas_5e3e_A_R1_w000032_f03	27572034	27629472	887
atlas_5e3e_A_R1_w000032_f04	27629472	27686816	887
atlas_5e3e_A_R1_w000032_f05	27686816	27744101	887
atlas_5e3e_A_R1_w000032_f06	27744101	27801305	887
atlas_5e3e_A_R1_w000032_f07	27801305	27858585	887
atlas_5e3e_A_R1_w000032_f08	27858585	27915819	887
atlas_5e3e_A_R1_w000032_f09	27915819	27973099	887
atlas_5e3e_A_R1_w000032_f10	27973099	28030437	887
atlas_5e3e_A_R1_w000032_f11	28030437	28087692	887
atlas_5e3e_A_R1_w000032_f12	28087692	28144967	887
atlas_5e3e_A_R1_w000032_f13	28144967	28202221	887
atlas_5e3e_A_R1_w000032_f14	28202221	28259529	887
atlas_5e3e_A_R1_w000033_f00	28259529	28311900	887
atlas_5e3e_A_R1_w000033_f01	28311900	28369525	887
atlas_5e3e_A_R1_w000033_f02	28369525	28427016	887
atlas_5e3e_A_R1_w000033_f03	28427016	28484440	887
atlas_5e3e_A_R1_w000033_f04	28484440	28542030	887
atlas_5e3e_A_R1_w000033_f05	28542030	28599645	887
atlas_5e3e_A_R1_w000033_f06	28599645	28657346	887
atlas_5e3e_A_R1_w000033_f07	28657346	28715022	887
atlas_5e3e_A_R1_w000033_f08	28715022	28772631	887
atlas_5e3e_A_R1_w000033_f09	28772631	28830255	887
atlas_5e3e_A_R1_w000033_f10	28830255	28887837	887
atlas_5e3e_A_R1_w000033_f11	28887837	28945471	887
atlas_5e3e_A_R1_w000033_f12	28945471	29003122	887
atlas_5e3e_A_R1_w000033_f13	29003122	29060682	887
atlas_5e3e_A_R1_w000033_f14	29060682	29118297	887
atlas_5e3e_A_R1_w000034_f00	29118297	29170846	887
atlas_5e3e_A_R1_w000034_f01	29170846	29228444	887
atlas_5e3e_A_R1_w000034_f02	29228444	29286042	887
atlas_5e3e_A_R1_w000034_f03	29286042	29343656	887
atlas_5e3e_A_R1_w000034_f04	29343656	29401311	887
atlas_5e3e_A_R1_w000034_f05	29401311	29458953	887
atlas_5e3e_A_R1_w000034_f06	29458953	29516565	887
atlas_5e3e_A_R1_w000034_f07	29516565	29574111	887
atlas_5e3e_A_R1_w000034_f08	29574111	29631635	887
atlas_5e3e_A_R1_w000034_f09	29631635	29689261	887
atlas_5e3e_A_R1_w000034_f10	29689261	29746872	887
atlas_5e3e_A_R1_w000034_f11	29746872	29804417	887
atlas_5e3e_A_R1_w000034_f12	29804417	29862002	887
atlas_5e3e_A_R1_w000034_f13	29862002	29919525	887
atlas_5e3e_A_R1_w000034_f14	29919525	29977079	887
atlas_5e3e_A_R1_w000035_f00	29977079	30029498	887
atlas_5e3e_A_R1_w000035_f01	30029498	30087063	887
atlas_5e3e_A_R1_w000035_f02	30087063	30144814	887
atlas_5e3e_A_R1_w000035_f03	30144814	30202501	887
atlas_5e3e_A_R1_w000035_f04	30202501	30260130	887
atlas_5e3e_A_R1_w000035_f05	30260130	30317823	887
atlas_5e3e_A_R1_w000035_f06	30317823	30375535	887
atlas_5e3e_A_R1_w000035_f07	30375535	30433090	887
atlas_5e3e_A_R1_w000035_f08	30433090	30490607	887
atlas_5e3e_A_R1_w000035_f09	30490607	30548220	887
atlas_5e3e_A_R1_w000035_f10	30548220	30605720	887
atlas_5e3e_A_R1_w000035_f11	30605720	30663311	887
atlas_5e3e_A_R1_w000035_f12	30663311	30720985	887
atlas_5e3e_A_R1_w000035_f13	30720985	30778578	887
atlas_5e3e_A_R1_w000035_f14	30778578	30836227	887
atlas_5e3e_A_R1_w000036_f00	30836227	30887523	887
atlas_5e3e_A_R1_w000036_f01	30887523	30944139	887
atlas_5e3e_A_R1_w000036_f02	30944139	31000937	887
atlas_5e3e_A_R1_w000036_f03	31000937	31057633	887
atlas_5e3e_A_R1_w000036_f04	31057633	31114271	887
atlas_5e3e_A_R1_w000036_f05	31114271	31170937	887
atlas_5e3e_A_R1_w000036_f06	31170937	31227577	887
atlas_5e3e_A_R1_w000036_f07	31227577	31284228	887
atlas_5e3e_A_R1_w000036_f08	31284228	31340781	887
atlas_5e3e_A_R1_w000036_f09	31340781	31397351	887
atlas_5e3e_A_R1_w000036_f10	31397351	31453929	887
atlas_5e3e_A_R1_w000036_f11	31453929	31510443	887
atlas_5e3e_A_R1_w000036_f12	31510443	31567011	887
atlas_5e3e_A_R1_w000036_f13	31567011	31623612	887
atlas_5e3e_A_R1_w000036_f14	31623612	31680343	887
atlas_5e3e_A_R1_w000037_f00	31680343	31733022	887
atlas_5e3e_A_R1_w000037_f01	31733022	31790720	887
atlas_5e3e_A_R1_w000037_f02	31790720	31848401	887
atlas_5e3e_A_R1_w000037_f03	31848401	31906028	887
atlas_5e3e_A_R1_w000037_f04	31906028	31963628	887
atlas_5e3e_A_R1_w000037_f05	31963628	32021199	887
atlas_5e3e_A_R1_w000037_f06	32021199	32078902	887
atlas_5e3e_A_R1_w000037_f07	32078902	32136631	887
atlas_5e3e_A_R1_w000037_f08	32136631	32194151	887
atlas_5e3e_A_R1_w000037_f09	32194151	32251711	887
atlas_5e3e_A_R1_w000037_f10	32251711	32309382	887
atlas_5e3e_A_R1_w000037_f11	32309382	32366993	887
atlas_5e3e_A_R1_w000037_f12	32366993	32424668	887
atlas_5e3e_A_R1_w000037_f13	32424668	32482379	887
atlas_5e3e_A_R1_w000037_f14	32482379	32539918	887
atlas_5e3e_A_R1_w000038_f00	32539918	32591900	887
atlas_5e3e_A_R1_w000038_f01	32591900	32648930	887
atlas_5e3e_A_R1_w000038_f02	32648930	32706121	887
atlas_5e3e_A_R1_w000038_f03	32706121	32763351	887
atlas_5e3e_A_R1_w000038_f04	32763351	32820509	887
atlas_5e3e_A_R1_w000038_f05	32820509	32877582	887
atlas_5e3e_A_R1_w000038_f06	32877582	32934675	887
atlas_5e3e_A_R1_w000038_f07	32934675	32991818	887
atlas_5e3e_A_R1_w000038_f08	32991818	33048960	887
atlas_5e3e_A_R1_w000038_f09	33048960	33106026	887
atlas_5e3e_A_R1_w000038_f10	33106026	33163107	887
atlas_5e3e_A_R1_w000038_f11	33163107	33220101	887
atlas_5e3e_A_R1_w000038_f12	33220101	33277162	887
atlas_5e3e_A_R1_w000038_f13	33277162	33334435	887
atlas_5e3e_A_R1_w000038_f14	33334435	33391554	887
atlas_5e3e_A_R1_w000039_f00	33391554	33443561	887
atlas_5e3e_A_R1_w000039_f01	33443561	33500622	887
atlas_5e3e_A_R1_w000039_f02	33500622	33557590	887
atlas_5e3e_A_R1_w000039_f03	33557590	33614616	887
atlas_5e3e_A_R1_w000039_f04	33614616	33671729	887
atlas_5e3e_A_R1_w000039_f05	33671729	33728845	887
atlas_5e3e_A_R1_w000039_f06	33728845	33785981	887
atlas_5e3e_A_R1_w000039_f07	33785981	33843207	887
atlas_5e3e_A_R1_w000039_f08	33843207	33900492	887
atlas_5e3e_A_R1_w000039_f09	33900492	33957684	887
atlas_5e3e_A_R1_w000039_f10	33957684	34014888	887
atlas_5e3e_A_R1_w000039_f11	34014888	34072037	887
atlas_5e3e_A_R1_w000039_f12	34072037	34129070	887
atlas_5e3e_A_R1_w000039_f13	34129070	34186132	887
atlas_5e3e_A_R1_w000039_f14	34186132	34243252	887
atlas_5e3e_A_R1_w000040_f00	34243252	34295949	887
atlas_5e3e_A_R1_w000040_f01	34295949	34353716	887
atlas_5e3e_A_R1_w000040_f02	34353716	34411381	887
atlas_5e3e_A_R1_w000040_f03	34411381	34469027	887
atlas_5e3e_A_R1_w000040_f04	34469027	34526771	887
atlas_5e3e_A_R1_w000040_f05	34526771	34584431	887
atlas_5e3e_A_R1_w000040_f06	34584431	34642027	887
atlas_5e3e_A_R1_w000040_f07	34642027	34699568	887
atlas_5e3e_A_R1_w000040_f08	34699568	34757287	887
atlas_5e3e_A_R1_w000040_f09	34757287	34814991	887
atlas_5e3e_A_R1_w000040_f10	34814991	34872679	887
atlas_5e3e_A_R1_w000040_f11	34872679	34930380	887
atlas_5e3e_A_R1_w000040_f12	34930380	34988020	887
atlas_5e3e_A_R1_w000040_f13	34988020	35045667	887
atlas_5e3e_A_R1_w000040_f14	35045667	35103320	887
atlas_5e3e_A_R1_w000041_f00	35103320	35155784	887
atlas_5e3e_A_R1_w000041_f01	35155784	35213652	887
atlas_5e3e_A_R1_w000041_f02	35213652	35271483	887
atlas_5e3e_A_R1_w000041_f03	35271483	35329204	887
atlas_5e3e_A_R1_w000041_f04	35329204	35386890	887
atlas_5e3e_A_R1_w000041_f05	35386890	35444567	887
atlas_5e3e_A_R1_w000041_f06	35444567	35502293	887
atlas_5e3e_A_R1_w000041_f07	35502293	35560051	887
atlas_5e3e_A_R1_w000041_f08	35560051	35617733	887
atlas_5e3e_A_R1_w000041_f09	35617733	35675348	887
atlas_5e3e_A_R1_w000041_f10	35675348	35732967	887
atlas_5e3e_A_R1_w000041_f11	35732967	35790586	887
atlas_5e3e_A_R1_w000041_f12	35790586	35848216	887
atlas_5e3e_A_R1_w000041_f13	35848216	35905941	887
atlas_5e3e_A_R1_w000041_f14	35905941	35963537	887
atlas_5e3e_A_R1_w000042_f00	35963537	36016289	887
atlas_5e3e_A_R1_w000042_f01	36016289	36073920	887
atlas_5e3e_A_R1_w000042_f02	36073920	36131676	887
atlas_5e3e_A_R1_w000042_f03	36131676	36189415	887
atlas_5e3e_A_R1_w000042_f04	36189415	36247183	887
atlas_5e3e_A_R1_w000042_f05	36247183	36304985	887
atlas_5e3e_A_R1_w000042_f06	36304985	36362610	887
atlas_5e3e_A_R1_w000042_f07	36362610	36420177	887
atlas_5e3e_A_R1_w000042_f08	36420177	36477905	887
atlas_5e3e_A_R1_w000042_f09	36477905	36535641	887
atlas_5e3e_A_R1_w000042_f10	36535641	36593526	887
atlas_5e3e_A_R1_w000042_f11	36593526	36651443	887
atlas_5e3e_A_R1_w000042_f12	36651443	36709080	887
atlas_5e3e_A_R1_w000042_f13	36709080	36766637	887
atlas_5e3e_A_R1_w000042_f14	36766637	36824258	887
atlas_5e3e_A_R1_w000043_f00	36824258	36875900	887
atlas_5e3e_A_R1_w000043_f01	36875900	36932518	887
atlas_5e3e_A_R1_w000043_f02	36932518	36989142	887
atlas_5e3e_A_R1_w000043_f03	36989142	37045862	887
atlas_5e3e_A_R1_w000043_f04	37045862	37102709	887
atlas_5e3e_A_R1_w000043_f05	37102709	37159506	887
atlas_5e3e_A_R1_w000043_f06	37159506	37216192	887
atlas_5e3e_A_R1_w000043_f07	37216192	37272811	887
atlas_5e3e_A_R1_w000043_f08	37272811	37329409	887
atlas_5e3e_A_R1_w000043_f09	37329409	37386293	887
atlas_5e3e_A_R1_w000043_f10	37386293	37443117	887
atlas_5e3e_A_R1_w000043_f11	37443117	37499665	887
atlas_5e3e_A_R1_w000043_f12	37499665	37556202	887
atlas_5e3e_A_R1_w000043_f13	37556202	37612669	887
atlas_5e3e_A_R1_w000043_f14	37612669	37669276	887
atlas_5e3e_A_R1_w000044_f00	37669276	37721551	887
atlas_5e3e_A_R1_w000044_f01	37721551	37779168	887
atlas_5e3e_A_R1_w000044_f02	37779168	37836824	887
atlas_5e3e_A_R1_w000044_f03	37836824	37894483	887
atlas_5e3e_A_R1_w000044_f04	37894483	37952137	887
atlas_5e3e_A_R1_w000044_f05	37952137	38009802	887
atlas_5e3e_A_R1_w000044_f06	38009802	38067453	887
atlas_5e3e_A_R1_w000044_f07	38067453	38125056	887
atlas_5e3e_A_R1_w000044_f08	38125056	38182673	887
atlas_5e3e_A_R1_w000044_f09	38182673	38240239	887
atlas_5e3e_A_R1_w000044_f10	38240239	38297828	887
atlas_5e3e_A_R1_w000044_f11	38297828	38355381	887
atlas_5e3e_A_R1_w000044_f12	38355381	38412891	887
atlas_5e3e_A_R1_w000044_f13	38412891	38470587	887
atlas_5e3e_A_R1_w000044_f14	38470587	38528388	887
atlas_5e3e_A_R1_w000045_f00	38528388	38580464	887
atlas_5e3e_A_R1_w000045_f01	38580464	38637709	887
atlas_5e3e_A_R1_w000045_f02	38637709	38694816	887
atlas_5e3e_A_R1_w000045_f03	38694816	38751987	887
atlas_5e3e_A_R1_w000045_f04	38751987	38809237	887
atlas_5e3e_A_R1_w000045_f05	38809237	38866458	887
atlas_5e3e_A_R1_w000045_f06	38866458	38923592	887
atlas_5e3e_A_R1_w000045_f07	38923592	38980762	887
atlas_5e3e_A_R1_w000045_f08	38980762	39037951	887
atlas_5e3e_A_R1_w000045_f09	39037951	39095082	887
atlas_5e3e_A_R1_w000045_f10	39095082	39152252	887
atlas_5e3e_A_R1_w000045_f11	39152252	39209481	887
atlas_5e3e_A_R1_w000045_f12	39209481	39266653	887
atlas_5e3e_A_R1_w000045_f13	39266653	39323917	887
atlas_5e3e_A_R1_w000045_f14	39323917	39381291	887
atlas_5e3e_A_R1_w000046_f00	39381291	39433358	887
atlas_5e3e_A_R1_w000046_f01	39433358	39490431	887
atlas_5e3e_A_R1_w000046_f02	39490431	39547558	887
atlas_5e3e_A_R1_w000046_f03	39547558	39604855	887
atlas_5e3e_A_R1_w000046_f04	39604855	39662202	887
atlas_5e3e_A_R1_w000046_f05	39662202	39719438	887
atlas_5e3e_A_R1_w000046_f06	39719438	39776560	887
atlas_5e3e_A_R1_w000046_f07	39776560	39833682	887
atlas_5e3e_A_R1_w000046_f08	39833682	39890856	887
atlas_5e3e_A_R1_w000046_f09	39890856	39947968	887
atlas_5e3e_A_R1_w000046_f10	39947968	40005137	887
atlas_5e3e_A_R1_w000046_f11	40005137	40062323	887
atlas_5e3e_A_R1_w000046_f12	40062323	40119641	887
atlas_5e3e_A_R1_w000046_f13	40119641	40176924	887
atlas_5e3e_A_R1_w000046_f14	40176924	40234191	887
atlas_5e3e_A_R1_w000047_f00	40234191	40286679	887
atlas_5e3e_A_R1_w000047_f01	40286679	40344298	887
atlas_5e3e_A_R1_w000047_f02	40344298	40401964	887
atlas_5e3e_A_R1_w000047_f03	40401964	40459600	887
atlas_5e3e_A_R1_w000047_f04	40459600	40517249	887
atlas_5e3e_A_R1_w000047_f05	40517249	40574905	887
atlas_5e3e_A_R1_w000047_f06	40574905	40632502	887
atlas_5e3e_A_R1_w000047_f07	40632502	40690090	887
atlas_5e3e_A_R1_w000047_f08	40690090	40747683	887
atlas_5e3e_A_R1_w000047_f09	40747683	40805299	887
atlas_5e3e_A_R1_w000047_f10	40805299	40862940	887
atlas_5e3e_A_R1_w000047_f11	40862940	40920608	887
atlas_5e3e_A_R1_w000047_f12	40920608	40978313	887
atlas_5e3e_A_R1_w000047_f13	40978313	41035957	887
atlas_5e3e_A_R1_w000047_f14	41035957	41093490	887
atlas_5e3e_A_R1_w000048_f00	41093490	41145062	887
atlas_5e3e_A_R1_w000048_f01	41145062	41201867	887
atlas_5e3e_A_R1_w000048_f02	41201867	41258668	887
atlas_5e3e_A_R1_w000048_f03	41258668	41315406	887
atlas_5e3e_A_R1_w000048_f04	41315406	41372079	887
atlas_5e3e_A_R1_w000048_f05	41372079	41428739	887
atlas_5e3e_A_R1_w000048_f06	41428739	41485367	887
atlas_5e3e_A_R1_w000048_f07	41485367	41542024	887
atlas_5e3e_A_R1_w000048_f08	41542024	41598659	887
atlas_5e3e_A_R1_w000048_f09	41598659	41655254	887
atlas_5e3e_A_R1_w000048_f10	41655254	41711856	887
atlas_5e3e_A_R1_w000048_f11	41711856	41768585	887
atlas_5e3e_A_R1_w000048_f12	41768585	41825458	887
atlas_5e3e_A_R1_w000048_f13	41825458	41882191	887
atlas_5e3e_A_R1_w000048_f14	41882191	41938807	887
atlas_5e3e_A_R1_w000049_f00	41938807	41990471	887
atlas_5e3e_A_R1_w000049_f01	41990471	42047212	887
atlas_5e3e_A_R1_w000049_f02	42047212	42103958	887
atlas_5e3e_A_R1_w000049_f03	42103958	42160639	887
atlas_5e3e_A_R1_w000049_f04	42160639	42217351	887
atlas_5e3e_A_R1_w000049_f05	42217351	42274135	887
atlas_5e3e_A_R1_w000049_f06	42274135	42330784	887
atlas_5e3e_A_R1_w000049_f07	42330784	42387505	887
atlas_5e3e_A_R1_w000049_f08	42387505	42444304	887
atlas_5e3e_A_R1_w000049_f09	42444304	42501148	887
atlas_5e3e_A_R1_w000049_f10	42501148	42557810	887
atlas_5e3e_A_R1_w000049_f11	42557810	42614364	887
atlas_5e3e_A_R1_w000049_f12	42614364	42670976	887
atlas_5e3e_A_R1_w000049_f13	42670976	42727454	887
atlas_5e3e_A_R1_w000049_f14	42727454	42783979	887
atlas_5e3e_A_R1_w000050_f00	42783979	42836077	887
atlas_5e3e_A_R1_w000050_f01	42836077	42893100	887
atlas_5e3e_A_R1_w000050_f02	42893100	42950196	887
atlas_5e3e_A_R1_w000050_f03	42950196	43007321	887
atlas_5e3e_A_R1_w000050_f04	43007321	43064360	887
atlas_5e3e_A_R1_w000050_f05	43064360	43121446	887
atlas_5e3e_A_R1_w000050_f06	43121446	43178548	887
atlas_5e3e_A_R1_w000050_f07	43178548	43235640	887
atlas_5e3e_A_R1_w000050_f08	43235640	43292770	887
atlas_5e3e_A_R1_w000050_f09	43292770	43349862	887
atlas_5e3e_A_R1_w000050_f10	43349862	43406892	887
atlas_5e3e_A_R1_w000050_f11	43406892	43463939	887
atlas_5e3e_A_R1_w000050_f12	43463939	43521033	887
atlas_5e3e_A_R1_w000050_f13	43521033	43578024	887
atlas_5e3e_A_R1_w000050_f14	43578024	43635037	887
atlas_5e3e_A_R1_w000051_f00	43635037	43687031	887
atlas_5e3e_A_R1_w000051_f01	43687031	43744175	887
atlas_5e3e_A_R1_w000051_f02	43744175	43801197	887
atlas_5e3e_A_R1_w000051_f03	43801197	43858141	887
atlas_5e3e_A_R1_w000051_f04	43858141	43915139	887
atlas_5e3e_A_R1_w000051_f05	43915139	43972126	887
atlas_5e3e_A_R1_w000051_f06	43972126	44029084	887
atlas_5e3e_A_R1_w000051_f07	44029084	44086088	887
atlas_5e3e_A_R1_w000051_f08	44086088	44143143	887
atlas_5e3e_A_R1_w000051_f09	44143143	44200247	887
atlas_5e3e_A_R1_w000051_f10	44200247	44257388	887
atlas_5e3e_A_R1_w000051_f11	44257388	44314459	887
atlas_5e3e_A_R1_w000051_f12	44314459	44371554	887
atlas_5e3e_A_R1_w000051_f13	44371554	44428692	887
atlas_5e3e_A_R1_w000051_f14	44428692	44485763	887
atlas_5e3e_A_R1_w000052_f00	44485763	44538520	887
atlas_5e3e_A_R1_w000052_f01	44538520	44596253	887
atlas_5e3e_A_R1_w000052_f02	44596253	44653960	887
atlas_5e3e_A_R1_w000052_f03	44653960	44711688	887
atlas_5e3e_A_R1_w000052_f04	44711688	44769351	887
atlas_5e3e_A_R1_w000052_f05	44769351	44827039	887
atlas_5e3e_A_R1_w000052_f06	44827039	44884757	887
atlas_5e3e_A_R1_w000052_f07	44884757	44942478	887
atlas_5e3e_A_R1_w000052_f08	44942478	45000176	887
atlas_5e3e_A_R1_w000052_f09	45000176	45057817	887
atlas_5e3e_A_R1_w000052_f10	45057817	45115480	887
atlas_5e3e_A_R1_w000052_f11	45115480	45173147	887
atlas_5e3e_A_R1_w000052_f12	45173147	45230794	887
atlas_5e3e_A_R1_w000052_f13	45230794	45288491	887
atlas_5e3e_A_R1_w000052_f14	45288491	45346222	887
atlas_5e3e_A_R1_w000053_f00	45346222	45398195	887
atlas_5e3e_A_R1_w000053_f01	45398195	45455481	887
atlas_5e3e_A_R1_w000053_f02	45455481	45512701	887
atlas_5e3e_A_R1_w000053_f03	45512701	45570012	887
atlas_5e3e_A_R1_w000053_f04	45570012	45627210	887
atlas_5e3e_A_R1_w000053_f05	45627210	45684422	887
atlas_5e3e_A_R1_w000053_f06	45684422	45741780	887
atlas_5e3e_A_R1_w000053_f07	45741780	45799102	887
atlas_5e3e_A_R1_w000053_f08	45799102	45856437	887
atlas_5e3e_A_R1_w000053_f09	45856437	45913743	887
atlas_5e3e_A_R1_w000053_f10	45913743	45970980	887
atlas_5e3e_A_R1_w000053_f11	45970980	46028238	887
atlas_5e3e_A_R1_w000053_f12	46028238	46085559	887
atlas_5e3e_A_R1_w000053_f13	46085559	46142959	887
atlas_5e3e_A_R1_w000053_f14	46142959	46200315	887
atlas_5e3e_A_R1_w000054_f00	46200315	46252854	887
atlas_5e3e_A_R1_w000054_f01	46252854	46310442	887
atlas_5e3e_A_R1_w000054_f02	46310442	46368056	887
atlas_5e3e_A_R1_w000054_f03	46368056	46425655	887
atlas_5e3e_A_R1_w000054_f04	46425655	46483291	887
atlas_5e3e_A_R1_w000054_f05	46483291	46540936	887
atlas_5e3e_A_R1_w000054_f06	46540936	46598469	887
atlas_5e3e_A_R1_w000054_f07	46598469	46656000	887
atlas_5e3e_A_R1_w000054_f08	46656000	46713555	887
atlas_5e3e_A_R1_w000054_f09	46713555	46771123	887
atlas_5e3e_A_R1_w000054_f10	46771123	46828663	887
atlas_5e3e_A_R1_w000054_f11	46828663	46886220	887
atlas_5e3e_A_R1_w000054_f12	46886220	46943888	887
atlas_5e3e_A_R1_w000054_f13	46943888	47001598	887
atlas_5e3e_A_R1_w000054_f14	47001598	47059248	887
atlas_5e3e_A_R1_w000055_f00	47059248	47111011	887
atlas_5e3e_A_R1_w000055_f01	47111011	47167630	887
atlas_5e3e_A_R1_w000055_f02	47167630	47224168	887
atlas_5e3e_A_R1_w000055_f03	47224168	47280717	887
atlas_5e3e_A_R1_w000055_f04	47280717	47337352	887
atlas_5e3e_A_R1_w000055_f05	47337352	47393989	887
atlas_5e3e_A_R1_w000055_f06	47393989	47450507	887
atlas_5e3e_A_R1_w000055_f07	47450507	47507053	887
atlas_5e3e_A_R1_w000055_f08	47507053	47563518	887
atlas_5e3e_A_R1_w000055_f09	47563518	47619987	887
atlas_5e3e_A_R1_w000055_f10	47619987	47676515	887
atlas_5e3e_A_R1_w000055_f11	47676515	47733140	887
atlas_5e3e_A_R1_w000055_f12	47733140	47789601	887
atlas_5e3e_A_R1_w000055_f13	47789601	47846017	887
atlas_5e3e_A_R1_w000055_f14	47846017	47902566	887
atlas_5e3e_A_R1_w000056_f00	47902566	47955070	887
atlas_5e3e_A_R1_w000056_f01	47955070	48012583	887
atlas_5e3e_A_R1_w000056_f02	48012583	48069938	887
atlas_5e3e_A_R1_w000056_f03	48069938	48127281	887
atlas_5e3e_A_R1_w000056_f04	48127281	48184645	887
atlas_5e3e_A_R1_w000056_f05	48184645	48242050	887
atlas_5e3e_A_R1_w000056_f06	48242050	48299309	887
atlas_5e3e_A_R1_w000056_f07	48299309	48356575	887
atlas_5e3e_A_R1_w000056_f08	48356575	48413883	887
atlas_5e3e_A_R1_w000056_f09	48413883	48471072	887
atlas_5e3e_A_R1_w000056_f10	48471072	48528305	887
atlas_5e3e_A_R1_w000056_f11	48528305	48585630	887
atlas_5e3e_A_R1_w000056_f12	48585630	48642893	887
atlas_5e3e_A_R1_w000056_f13	48642893	48700136	887
atlas_5e3e_A_R1_w000056_f14	48700136	48757308	887
atlas_5e3e_A_R1_w000057_f00	48757308	48809556	887
atlas_5e3e_A_R1_w000057_f01	48809556	48866935	887
atlas_5e3e_A_R1_w000057_f02	48866935	48924317	887
atlas_5e3e_A_R1_w000057_f03	48924317	48981550	887
atlas_5e3e_A_R1_w000057_f04	48981550	49038714	887
atlas_5e3e_A_R1_w000057_f05	49038714	49095832	887
atlas_5e3e_A_R1_w000057_f06	49095832	49152969	887
atlas_5e3e_A_R1_w000057_f07	49152969	49210203	887
atlas_5e3e_A_R1_w000057_f08	49210203	49267421	887
atlas_5e3e_A_R1_w000057_f09	49267421	49324459	887
atlas_5e3e_A_R1_w000057_f10	49324459	49381581	887
atlas_5e3e_A_R1_w000057_f11	49381581	49438821	887
atlas_5e3e_A_R1_w000057_f12	49438821	49495991	887
atlas_5e3e_A_R1_w000057_f13	49495991	49553175	887
atlas_5e3e_A_R1_w000057_f14	49553175	49610457	887
atlas_5e3e_A_R1_w000058_f00	49610457	49662825	887
atlas_5e3e_A_R1_w000058_f01	49662825	49720090	887
atlas_5e3e_A_R1_w000058_f02	49720090	49777348	887
atlas_5e3e_A_R1_w000058_f03	49777348	49834650	887
atlas_5e3e_A_R1_w000058_f04	49834650	49892057	887
atlas_5e3e_A_R1_w000058_f05	49892057	49949409	887
atlas_5e3e_A_R1_w000058_f06	49949409	50006755	887
atlas_5e3e_A_R1_w000058_f07	50006755	50064087	887
atlas_5e3e_A_R1_w000058_f08	50064087	50121262	887
atlas_5e3e_A_R1_w000058_f09	50121262	50178499	887
atlas_5e3e_A_R1_w000058_f10	50178499	50235786	887
atlas_5e3e_A_R1_w000058_f11	50235786	50293018	887
atlas_5e3e_A_R1_w000058_f12	50293018	50350428	887
atlas_5e3e_A_R1_w000058_f13	50350428	50407819	887
atlas_5e3e_A_R1_w000058_f14	50407819	50465102	887
atlas_5e3e_A_R1_w000059_f00	50465102	50517295	887
atlas_5e3e_A_R1_w000059_f01	50517295	50574401	887
atlas_5e3e_A_R1_w000059_f02	50574401	50631451	887
atlas_5e3e_A_R1_w000059_f03	50631451	50688645	887
atlas_5e3e_A_R1_w000059_f04	50688645	50745816	887
atlas_5e3e_A_R1_w000059_f05	50745816	50802971	887
atlas_5e3e_A_R1_w000059_f06	50802971	50860133	887
atlas_5e3e_A_R1_w000059_f07	50860133	50917358	887
atlas_5e3e_A_R1_w000059_f08	50917358	50974569	887
atlas_5e3e_A_R1_w000059_f09	50974569	51031728	887
atlas_5e3e_A_R1_w000059_f10	51031728	51088912	887
atlas_5e3e_A_R1_w000059_f11	51088912	51146094	887
atlas_5e3e_A_R1_w000059_f12	51146094	51203200	887
atlas_5e3e_A_R1_w000059_f13	51203200	51260356	887
atlas_5e3e_A_R1_w000059_f14	51260356	51317511	887
atlas_5e3e_A_R1_w000060_f00	51317511	51370194	887
atlas_5e3e_A_R1_w000060_f01	51370194	51428165	887
atlas_5e3e_A_R1_w000060_f02	51428165	51486074	887
atlas_5e3e_A_R1_w000060_f03	51486074	51544051	887
atlas_5e3e_A_R1_w000060_f04	51544051	51602065	887
atlas_5e3e_A_R1_w000060_f05	51602065	51660104	887
atlas_5e3e_A_R1_w000060_f06	51660104	51718097	887
atlas_5e3e_A_R1_w000060_f07	51718097	51776034	887
atlas_5e3e_A_R1_w000060_f08	51776034	51833971	887
atlas_5e3e_A_R1_w000060_f09	51833971	51891952	887
atlas_5e3e_A_R1_w000060_f10	51891952	51949967	887
atlas_5e3e_A_R1_w000060_f11	51949967	52007950	887
atlas_5e3e_A_R1_w000060_f12	52007950	52065868	887
atlas_5e3e_A_R1_w000060_f13	52065868	52123799	887
atlas_5e3e_A_R1_w000060_f14	52123799	52181833	887
atlas_5e3e_A_R1_w000061_f00	52181833	52234589	887
atlas_5e3e_A_R1_w000061_f01	52234589	52292160	887
atlas_5e3e_A_R1_w000061_f02	52292160	52349721	887
atlas_5e3e_A_R1_w000061_f03	52349721	52407403	887
atlas_5e3e_A_R1_w000061_f04	52407403	52465162	887
atlas_5e3e_A_R1_w000061_f05	52465162	52522894	887
atlas_5e3e_A_R1_w000061_f06	52522894	52580633	887
atlas_5e3e_A_R1_w000061_f07	52580633	52638401	887
atlas_5e3e_A_R1_w000061_f08	52638401	52696133	887
atlas_5e3e_A_R1_w000061_f09	52696133	52753769	887
atlas_5e3e_A_R1_w000061_f10	52753769	52811360	887
atlas_5e3e_A_R1_w000061_f11	52811360	52869013	887
atlas_5e3e_A_R1_w000061_f12	52869013	52926702	887
atlas_5e3e_A_R1_w000061_f13	52926702	52984445	887
atlas_5e3e_A_R1_w000061_f14	52984445	53042155	887
atlas_5e3e_A_R2_w000000_f00	53042155	53089388	887
atlas_5e3e_A_R2_w000000_f01	53089388	53147091	887
atlas_5e3e_A_R2_w000000_f02	53147091	53204790	887
atlas_5e3e_A_R2_w000000_f03	53204790	53262482	887
atlas_5e3e_A_R2_w000000_f04	53262482	53320190	887
atlas_5e3e_A_R2_w000000_f05	53320190	53377847	887
atlas_5e3e_A_R2_w000000_f06	53377847	53435492	887
atlas_5e3e_A_R2_w000000_f07	53435492	53493220	887
atlas_5e3e_A_R2_w000000_f08	53493220	53550856	887
atlas_5e3e_A_R2_w000000_f09	53550856	53608422	887
atlas_5e3e_A_R2_w000000_f10	53608422	53666120	887
atlas_5e3e_A_R2_w000000_f11	53666120	53723860	887
atlas_5e3e_A_R2_w000000_f12	53723860	53781495	887
atlas_5e3e_A_R2_w000000_f13	53781495	53839090	887
atlas_5e3e_A_R2_w000000_f14	53839090	53896716	887
atlas_5e3e_A_R2_w000001_f00	53896716	53948726	887
atlas_5e3e_A_R2_w000001_f01	53948726	54006215	887
atlas_5e3e_A_R2_w000001_f02	54006215	54063883	887
atlas_5e3e_A_R2_w000001_f03	54063883	54121516	887
atlas_5e3e_A_R2_w000001_f04	54121516	54179108	887
atlas_5e3e_A_R2_w000001_f05	54179108	54236820	887
atlas_5e3e_A_R2_w000001_f06	54236820	54294503	887
atlas_5e3e_A_R2_w000001_f07	54294503	54352152	887
atlas_5e3e_A_R2_w000001_f08	54352152	54409688	887
atlas_5e3e_A_R2_w000001_f09	54409688	54467169	887
atlas_5e3e_A_R2_w000001_f10	54467169	54524677	887
atlas_5e3e_A_R2_w000001_f11	54524677	54582163	887
atlas_5e3e_A_R2_w000001_f12	54582163	54639727	887
atlas_5e3e_A_R2_w000001_f13	54639727	54697277	887
atlas_5e3e_A_R2_w000001_f14	54697277	54754847	887
atlas_5e3e_A_R2_w000002_f00	54754847	54807378	887
atlas_5e3e_A_R2_w000002_f01	54807378	54865171	887
atlas_5e3e_A_R2_w000002_f02	54865171	54922865	887
atlas_5e3e_A_R2_w000002_f03	54922865	54980476	887
atlas_5e3e_A_R2_w000002_f04	54980476	55038143	887
atlas_5e3e_A_R2_w000002_f05	55038143	55095883	887
atlas_5e3e_A_R2_w000002_f06	55095883	55153688	887
atlas_5e3e_A_R2_w000002_f07	55153688	55211322	887
atlas_5e3e_A_R2_w000002_f08	55211322	55268893	887
atlas_5e3e_A_R2_w000002_f09	55268893	55326639	887
atlas_5e3e_A_R2_w000002_f10	55326639	55384296	887
atlas_5e3e_A_R2_w000002_f11	55384296	55442016	887
atlas_5e3e_A_R2_w000002_f12	55442016	55499714	887
atlas_5e3e_A_R2_w000002_f13	55499714	55557444	887
atlas_5e3e_A_R2_w000002_f14	55557444	55615183	887
atlas_5e3e_A_R2_w000003_f00	55615183	55667887	887
atlas_5e3e_A_R2_w000003_f01	55667887	55725767	887
atlas_5e3e_A_R2_w000003_f02	55725767	55783740	887
atlas_5e3e_A_R2_w000003_f03	55783740	55841824	887
atlas_5e3e_A_R2_w000003_f04	55841824	55899810	887
atlas_5e3e_A_R2_w000003_f05	55899810	55957763	887
atlas_5e3e_A_R2_w000003_f06	55957763	56015843	887
atlas_5e3e_A_R2_w000003_f07	56015843	56074026	887
atlas_5e3e_A_R2_w000003_f08	56074026	56132200	887
atlas_5e3e_A_R2_w000003_f09	56132200	56190238	887
atlas_5e3e_A_R2_w000003_f10	56190238	56248177	887
atlas_5e3e_A_R2_w000003_f11	56248177	56306013	887
atlas_5e3e_A_R2_w000003_f12	56306013	56363916	887
atlas_5e3e_A_R2_w000003_f13	56363916	56421926	887
atlas_5e3e_A_R2_w000003_f14	56421926	56479868	887
atlas_5e3e_A_R2_w000004_f00	56479868	56532291	887
atlas_5e3e_A_R2_w000004_f01	56532291	56589763	887
atlas_5e3e_A_R2_w000004_f02	56589763	56647315	887
atlas_5e3e_A_R2_w000004_f03	56647315	56704805	887
atlas_5e3e_A_R2_w000004_f04	56704805	56762294	887
atlas_5e3e_A_R2_w000004_f05	56762294	56819794	887
atlas_5e3e_A_R2_w000004_f06	56819794	56877369	887
atlas_5e3e_A_R2_w000004_f07	56877369	56935043	887
atlas_5e3e_A_R2_w000004_f08	56935043	56992720	887
atlas_5e3e_A_R2_w000004_f09	56992720	57050426	887
atlas_5e3e_A_R2_w000004_f10	57050426	57108092	887
atlas_5e3e_A_R2_w000004_f11	57108092	57165810	887
atlas_5e3e_A_R2_w000004_f12	57165810	57223485	887
atlas_5e3e_A_R2_w000004_f13	57223485	57280992	887
atlas_5e3e_A_R2_w000004_f14	57280992	57338583	887
atlas_5e3e_A_R2_w000005_f00	57338583	57390150	887
atlas_5e3e_A_R2_w000005_f01	57390150	57446806	887
atlas_5e3e_A_R2_w000005_f02	57446806	57503429	887
atlas_5e3e_A_R2_w000005_f03	57503429	57560112	887
atlas_5e3e_A_R2_w000005_f04	57560112	57616815	887
atlas_5e3e_A_R2_w000005_f05	57616815	57673518	887
atlas_5e3e_A_R2_w000005_f06	57673518	57730157	887
atlas_5e3e_A_R2_w000005_f07	57730157	57786755	887
atlas_5e3e_A_R2_w000005_f08	57786755	57843392	887
atlas_5e3e_A_R2_w000005_f09	57843392	57899966	887
atlas_5e3e_A_R2_w000005_f10	57899966	57956526	887
atlas_5e3e_A_R2_w000005_f11	57956526	58013176	887
atlas_5e3e_A_R2_w000005_f12	58013176	58069750	887
atlas_5e3e_A_R2_w000005_f13	58069750	58126301	887
atlas_5e3e_A_R2_w000005_f14	58126301	58183018	887
atlas_5e3e_A_R2_w000006_f00	58183018	58235138	887
atlas_5e3e_A_R2_w000006_f01	58235138	58292268	887
atlas_5e3e_A_R2_w000006_f02	58292268	58349300	887
atlas_5e3e_A_R2_w000006_f03	58349300	58406317	887
atlas_5e3e_A_R2_w000006_f04	58406317	58463461	887
atlas_5e3e_A_R2_w000006_f05	58463461	58520603	887
atlas_5e3e_A_R2_w000006_f06	58520603	58577716	887
atlas_5e3e_A_R2_w000006_f07	58577716	58634684	887
atlas_5e3e_A_R2_w000006_f08	58634684	58691733	887
atlas_5e3e_A_R2_w000006_f09	58691733	58748821	887
atlas_5e3e_A_R2_w000006_f10	58748821	58805827	887
atlas_5e3e_A_R2_w000006_f11	58805827	58862869	887
atlas_5e3e_A_R2_w000006_f12	58862869	58919801	887
atlas_5e3e_A_R2_w000006_f13	58919801	58976683	887
atlas_5e3e_A_R2_w000006_f14	58976683	59033690	887
atlas_5e3e_A_R2_w000007_f00	59033690	59085729	887
atlas_5e3e_A_R2_w000007_f01	59085729	59142939	887
atlas_5e3e_A_R2_w000007_f02	59142939	59200169	887
atlas_5e3e_A_R2_w000007_f03	59200169	59257323	887
atlas_5e3e_A_R2_w000007_f04	59257323	59314446	887
atlas_5e3e_A_R2_w000007_f05	59314446	59371710	887
atlas_5e3e_A_R2_w000007_f06	59371710	59429039	887
atlas_5e3e_A_R2_w000007_f07	59429039	59486274	887
atlas_5e3e_A_R2_w000007_f08	59486274	59543413	887
atlas_5e3e_A_R2_w000007_f09	59543413	59600705	887
atlas_5e3e_A_R2_w000007_f10	59600705	59658011	887
atlas_5e3e_A_R2_w000007_f11	59658011	59715160	887
atlas_5e3e_A_R2_w000007_f12	59715160	59772317	887
atlas_5e3e_A_R2_w000007_f13	59772317	59829488	887
atlas_5e3e_A_R2_w000007_f14	59829488	59886638	887
atlas_5e3e_A_R2_w000008_f00	59886638	59938907	887
atlas_5e3e_A_R2_w000008_f01	59938907	59996306	887
atlas_5e3e_A_R2_w000008_f02	59996306	60053653	887
atlas_5e3e_A_R2_w000008_f03	60053653	60110898	887
atlas_5e3e_A_R2_w000008_f04	60110898	60168222	887
atlas_5e3e_A_R2_w000008_f05	60168222	60225641	887
atlas_5e3e_A_R2_w000008_f06	60225641	60283045	887
atlas_5e3e_A_R2_w000008_f07	60283045	60340434	887
atlas_5e3e_A_R2_w000008_f08	60340434	60397844	887
atlas_5e3e_A_R2_w000008_f09	60397844	60455152	887
atlas_5e3e_A_R2_w000008_f10	60455152	60512336	887
atlas_5e3e_A_R2_w000008_f11	60512336	60569596	887
atlas_5e3e_A_R2_w000008_f12	60569596	60627003	887
atlas_5e3e_A_R2_w000008_f13	60627003	60684417	887
atlas_5e3e_A_R2_w000008_f14	60684417	60741782	887
atlas_5e3e_A_R2_w000009_f00	60741782	60793699	887
atlas_5e3e_A_R2_w000009_f01	60793699	60851057	887
atlas_5e3e_A_R2_w000009_f02	60851057	60908387	887
atlas_5e3e_A_R2_w000009_f03	60908387	60965603	887
atlas_5e3e_A_R2_w000009_f04	60965603	61022810	887
atlas_5e3e_A_R2_w000009_f05	61022810	61080154	887
atlas_5e3e_A_R2_w000009_f06	61080154	61137584	887
atlas_5e3e_A_R2_w000009_f07	61137584	61194979	887
atlas_5e3e_A_R2_w000009_f08	61194979	61252280	887
atlas_5e3e_A_R2_w000009_f09	61252280	61309596	887
atlas_5e3e_A_R2_w000009_f10	61309596	61366935	887
atlas_5e3e_A_R2_w000009_f11	61366935	61424196	887
atlas_5e3e_A_R2_w000009_f12	61424196	61481485	887
atlas_5e3e_A_R2_w000009_f13	61481485	61538781	887
atlas_5e3e_A_R2_w000009_f14	61538781	61596101	887
atlas_5e3e_A_R2_w000010_f00	61596101	61648310	887
atlas_5e3e_A_R2_w000010_f01	61648310	61705891	887
atlas_5e3e_A_R2_w000010_f02	61705891	61763396	887
atlas_5e3e_A_R2_w000010_f03	61763396	61820873	887
atlas_5e3e_A_R2_w000010_f04	61820873	61878427	887
atlas_5e3e_A_R2_w000010_f05	61878427	61935974	887
atlas_5e3e_A_R2_w000010_f06	61935974	61993495	887
atlas_5e3e_A_R2_w000010_f07	61993495	62051076	887
atlas_5e3e_A_R2_w000010_f08	62051076	62108637	887
atlas_5e3e_A_R2_w000010_f09	62108637	62166260	887
atlas_5e3e_A_R2_w000010_f10	62166260	62223956	887
atlas_5e3e_A_R2_w000010_f11	62223956	62281597	887
atlas_5e3e_A_R2_w000010_f12	62281597	62339269	887
atlas_5e3e_A_R2_w000010_f13	62339269	62396865	887
atlas_5e3e_A_R2_w000010_f14	62396865	62454498	887
atlas_5e3e_A_R2_w000011_f00	62454498	62506357	887
atlas_5e3e_A_R2_w000011_f01	62506357	62563059	887
atlas_5e3e_A_R2_w000011_f02	62563059	62619720	887
atlas_5e3e_A_R2_w000011_f03	62619720	62676440	887
atlas_5e3e_A_R2_w000011_f04	62676440	62733099	887
atlas_5e3e_A_R2_w000011_f05	62733099	62789622	887
atlas_5e3e_A_R2_w000011_f06	62789622	62846180	887
atlas_5e3e_A_R2_w000011_f07	62846180	62902761	887
atlas_5e3e_A_R2_w000011_f08	62902761	62959269	887
atlas_5e3e_A_R2_w000011_f09	62959269	63015839	887
atlas_5e3e_A_R2_w000011_f10	63015839	63072492	887
atlas_5e3e_A_R2_w000011_f11	63072492	63129105	887
atlas_5e3e_A_R2_w000011_f12	63129105	63185800	887
atlas_5e3e_A_R2_w000011_f13	63185800	63242532	887
atlas_5e3e_A_R2_w000011_f14	63242532	63299213	887
atlas_5e3e_A_R2_w000012_f00	63299213	63351263	887
atlas_5e3e_A_R2_w000012_f01	63351263	63408304	887
atlas_5e3e_A_R2_w000012_f02	63408304	63465438	887
atlas_5e3e_A_R2_w000012_f03	63465438	63522627	887
atlas_5e3e_A_R2_w000012_f04	63522627	63579883	887
atlas_5e3e_A_R2_w000012_f05	63579883	63637102	887
atlas_5e3e_A_R2_w000012_f06	63637102	63694160	887
atlas_5e3e_A_R2_w000012_f07	63694160	63751193	887
atlas_5e3e_A_R2_w000012_f08	63751193	63808217	887
atlas_5e3e_A_R2_w000012_f09	63808217	63865180	887
atlas_5e3e_A_R2_w000012_f10	63865180	63922195	887
atlas_5e3e_A_R2_w000012_f11	63922195	63979269	887
atlas_5e3e_A_R2_w000012_f12	63979269	64036448	887
atlas_5e3e_A_R2_w000012_f13	64036448	64093688	887
atlas_5e3e_A_R2_w000012_f14	64093688	64150930	887
atlas_5e3e_A_R2_w000013_f00	64150930	64202806	887
atlas_5e3e_A_R2_w000013_f01	64202806	64259975	887
atlas_5e3e_A_R2_w000013_f02	64259975	64317192	887
atlas_5e3e_A_R2_w000013_f03	64317192	64374413	887
atlas_5e3e_A_R2_w000013_f04	64374413	64431626	887
atlas_5e3e_A_R2_w000013_f05	64431626	64488761	887
atlas_5e3e_A_R2_w000013_f06	64488761	64545880	887
atlas_5e3e_A_R2_w000013_f07	64545880	64603038	887
atlas_5e3e_A_R2_w000013_f08	64603038	64660194	887
atlas_5e3e_A_R2_w000013_f09	64660194	64717372	887
atlas_5e3e_A_R2_w000013_f10	64717372	64774558	887
atlas_5e3e_A_R2_w000013_f11	64774558	64831753	887
atlas_5e3e_A_R2_w000013_f12	64831753	64888956	887
atlas_5e3e_A_R2_w000013_f13	64888956	64946140	887
atlas_5e3e_A_R2_w000013_f14	64946140	65003248	887
atlas_5e3e_A_R2_w000014_f00	65003248	65055565	887
atlas_5e3e_A_R2_w000014_f01	65055565	65113128	887
atlas_5e3e_A_R2_w000014_f02	65113128	65170723	887
atlas_5e3e_A_R2_w000014_f03	65170723	65228212	887
atlas_5e3e_A_R2_w000014_f04	65228212	65285786	887
atlas_5e3e_A_R2_w000014_f05	65285786	65343341	887
atlas_5e3e_A_R2_w000014_f06	65343341	65400890	887
atlas_5e3e_A_R2_w000014_f07	65400890	65458551	887
atlas_5e3e_A_R2_w000014_f08	65458551	65516321	887
atlas_5e3e_A_R2_w000014_f09	65516321	65573958	887
atlas_5e3e_A_R2_w000014_f10	65573958	65631437	887
atlas_5e3e_A_R2_w000014_f11	65631437	65688928	887
atlas_5e3e_A_R2_w000014_f12	65688928	65746462	887
atlas_5e3e_A_R2_w000014_f13	65746462	65804066	887
atlas_5e3e_A_R2_w000014_f14	65804066	65861728	887
atlas_5e3e_A_R2_w000015_f00	65861728	65914199	887
atlas_5e3e_A_R2_w000015_f01	65914199	65971741	887
atlas_5e3e_A_R2_w000015_f02	65971741	66029359	887
atlas_5e3e_A_R2_w000015_f03	66029359	66086977	887
atlas_5e3e_A_R2_w000015_f04	66086977	66144600	887
atlas_5e3e_A_R2_w000015_f05	66144600	66202210	887
atlas_5e3e_A_R2_w000015_f06	66202210	66259805	887
atlas_5e3e_A_R2_w000015_f07	66259805	66317360	887
atlas_5e3e_A_R2_w000015_f08	66317360	66374929	887
atlas_5e3e_A_R2_w000015_f09	66374929	66432469	887
atlas_5e3e_A_R2_w000015_f10	66432469	66490076	887
atlas_5e3e_A_R2_w000015_f11	66490076	66547763	887
atlas_5e3e_A_R2_w000015_f12	66547763	66605353	887
atlas_5e3e_A_R2_w000015_f13	66605353	66662857	887
atlas_5e3e_A_R2_w000015_f14	66662857	66720514	887
atlas_5e3e_A_R2_w000016_f00	66720514	66772730	887
atlas_5e3e_A_R2_w000016_f01	66772730	66829912	887
atlas_5e3e_A_R2_w000016_f02	66829912	66887150	887
atlas_5e3e_A_R2_w000016_f03	66887150	66944338	887
atlas_5e3e_A_R2_w000016_f04	66944338	67001601	887
atlas_5e3e_A_R2_w000016_f05	67001601	67058893	887
atlas_5e3e_A_R2_w000016_f06	67058893	67116066	887
atlas_5e3e_A_R2_w000016_f07	67116066	67173382	887
atlas_5e3e_A_R2_w000016_f08	67173382	67230674	887
atlas_5e3e_A_R2_w000016_f09	67230674	67287922	887
atlas_5e3e_A_R2_w000016_f10	67287922	67345264	887
atlas_5e3e_A_R2_w000016_f11	67345264	67402574	887
atlas_5e3e_A_R2_w000016_f12	67402574	67459855	887
atlas_5e3e_A_R2_w000016_f13	67459855	67517197	887
atlas_5e3e_A_R2_w000016_f14	67517197	67574382	887
atlas_5e3e_A_R2_w000017_f00	67574382	67626682	887
atlas_5e3e_A_R2_w000017_f01	67626682	67683886	887
atlas_5e3e_A_R2_w000017_f02	67683886	67740933	887
atlas_5e3e_A_R2_w000017_f03	67740933	67797918	887
atlas_5e3e_A_R2_w000017_f04	67797918	67854930	887
atlas_5e3e_A_R2_w000017_f05	67854930	67911973	887
atlas_5e3e_A_R2_w000017_f06	67911973	67969066	887
atlas_5e3e_A_R2_w000017_f07	67969066	68026082	887
atlas_5e3e_A_R2_w000017_f08	68026082	68083050	887
atlas_5e3e_A_R2_w000017_f09	68083050	68140121	887
atlas_5e3e_A_R2_w000017_f10	68140121	68197306	887
atlas_5e3e_A_R2_w000017_f11	68197306	68254518	887
atlas_5e3e_A_R2_w000017_f12	68254518	68311545	887
atlas_5e3e_A_R2_w000017_f13	68311545	68368495	887
atlas_5e3e_A_R2_w000017_f14	68368495	68425546	887
atlas_5e3e_A_R2_w000018_f00	68425546	68477643	887
atlas_5e3e_A_R2_w000018_f01	68477643	68534902	887
atlas_5e3e_A_R2_w000018_f02	68534902	68591987	887
atlas_5e3e_A_R2_w000018_f03	68591987	68649022	887
atlas_5e3e_A_R2_w000018_f04	68649022	68706180	887
atlas_5e3e_A_R2_w000018_f05	68706180	68763404	887
atlas_5e3e_A_R2_w000018_f06	68763404	68820541	887
atlas_5e3e_A_R2_w000018_f07	68820541	68877542	887
atlas_5e3e_A_R2_w000018_f08	68877542	68934583	887
atlas_5e3e_A_R2_w000018_f09	68934583	68991663	887
atlas_5e3e_A_R2_w000018_f10	68991663	69048650	887
atlas_5e3e_A_R2_w000018_f11	69048650	69105757	887
atlas_5e3e_A_R2_w000018_f12	69105757	69162922	887
atlas_5e3e_A_R2_w000018_f13	69162922	69220082	887
atlas_5e3e_A_R2_w000018_f14	69220082	69277197	887
atlas_5e3e_A_R2_w000019_f00	69277197	69329404	887
atlas_5e3e_A_R2_w000019_f01	69329404	69386651	887
atlas_5e3e_A_R2_w000019_f02	69386651	69443752	887
atlas_5e3e_A_R2_w000019_f03	69443752	69501034	887
atlas_5e3e_A_R2_w000019_f04	69501034	69558323	887
atlas_5e3e_A_R2_w000019_f05	69558323	69615528	887
atlas_5e3e_A_R2_w000019_f06	69615528	69672726	887
atlas_5e3e_A_R2_w000019_f07	69672726	69729808	887
atlas_5e3e_A_R2_w000019_f08	69729808	69786961	887
atlas_5e3e_A_R2_w000019_f09	69786961	69844199	887
atlas_5e3e_A_R2_w000019_f10	69844199	69901411	887
atlas_5e3e_A_R2_w000019_f11	69901411	69958639	887
atlas_5e3e_A_R2_w000019_f12	69958639	70015969	887
atlas_5e3e_A_R2_w000019_f13	70015969	70073318	887
atlas_5e3e_A_R2_w000019_f14	70073318	70130529	887
atlas_5e3e_A_R2_w000020_f00	70130529	70182751	887
atlas_5e3e_A_R2_w000020_f01	70182751	70239725	887
atlas_5e3e_A_R2_w000020_f02	70239725	70296713	887
atlas_5e3e_A_R2_w000020_f03	70296713	70353852	887
atlas_5e3e_A_R2_w000020_f04	70353852	70411042	887
atlas_5e3e_A_R2_w000020_f05	70411042	70468185	887
atlas_5e3e_A_R2_w000020_f06	70468185	70525165	887
atlas_5e3e_A_R2_w000020_f07	70525165	70582222	887
atlas_5e3e_A_R2_w000020_f08	70582222	70639241	887
atlas_5e3e_A_R2_w000020_f09	70639241	70696337	887
atlas_5e3e_A_R2_w000020_f10	70696337	70753517	887
atlas_5e3e_A_R2_w000020_f11	70753517	70810602	887
atlas_5e3e_A_R2_w000020_f12	70810602	70867710	887
atlas_5e3e_A_R2_w000020_f13	70867710	70924961	887
atlas_5e3e_A_R2_w000020_f14	70924961	70982147	887
atlas_5e3e_A_R2_w000021_f00	70982147	71034422	887
atlas_5e3e_A_R2_w000021_f01	71034422	71091622	887
atlas_5e3e_A_R2_w000021_f02	71091622	71148893	887
atlas_5e3e_A_R2_w000021_f03	71148893	71206091	887
atlas_5e3e_A_R2_w000021_f04	71206091	71263178	887
atlas_5e3e_A_R2_w000021_f05	71263178	71320281	887
atlas_5e3e_A_R2_w000021_f06	71320281	71377425	887
atlas_5e3e_A_R2_w000021_f07	71377425	71434636	887
atlas_5e3e_A_R2_w000021_f08	71434636	71491844	887
atlas_5e3e_A_R2_w000021_f09	71491844	71549073	887
atlas_5e3e_A_R2_w000021_f10	71549073	71606310	887
atlas_5e3e_A_R2_w000021_f11	71606310	71663666	887
atlas_5e3e_A_R2_w000021_f12	71663666	71720962	887
atlas_5e3e_A_R2_w000021_f13	71720962	71778133	887
atlas_5e3e_A_R2_w000021_f14	71778133	71835401	887
atlas_5e3e_A_R2_w000022_f00	71835401	71887696	887
atlas_5e3e_A_R2_w000022_f01	71887696	71945302	887
atlas_5e3e_A_R2_w000022_f02	71945302	72002939	887
atlas_5e3e_A_R2_w000022_f03	72002939	72060617	887
atlas_5e3e_A_R2_w000022_f04	72060617	72118350	887
atlas_5e3e_A_R2_w000022_f05	72118350	72176092	887
atlas_5e3e_A_R2_w000022_f06	72176092	72233810	887
atlas_5e3e_A_R2_w000022_f07	72233810	72291477	887
atlas_5e3e_A_R2_w000022_f08	72291477	72349170	887
atlas_5e3e_A_R2_w000022_f09	72349170	72406901	887
atlas_5e3e_A_R2_w000022_f10	72406901	72464595	887
atlas_5e3e_A_R2_w000022_f11	72464595	72522191	887
atlas_5e3e_A_R2_w000022_f12	72522191	72579785	887
atlas_5e3e_A_R2_w000022_f13	72579785	72637339	887
atlas_5e3e_A_R2_w000022_f14	72637339	72694924	887
atlas_5e3e_A_R2_w000023_f00	72694924	72747283	887
atlas_5e3e_A_R2_w000023_f01	72747283	72804594	887
atlas_5e3e_A_R2_w000023_f02	72804594	72861763	887
atlas_5e3e_A_R2_w000023_f03	72861763	72918993	887
atlas_5e3e_A_R2_w000023_f04	72918993	72976292	887
atlas_5e3e_A_R2_w000023_f05	72976292	73033639	887
atlas_5e3e_A_R2_w000023_f06	73033639	73090892	887
atlas_5e3e_A_R2_w000023_f07	73090892	73148096	887
atlas_5e3e_A_R2_w000023_f08	73148096	73205368	887
atlas_5e3e_A_R2_w000023_f09	73205368	73262628	887
atlas_5e3e_A_R2_w000023_f10	73262628	73319966	887
atlas_5e3e_A_R2_w000023_f11	73319966	73377392	887
atlas_5e3e_A_R2_w000023_f12	73377392	73434682	887
atlas_5e3e_A_R2_w000023_f13	73434682	73491934	887
atlas_5e3e_A_R2_w000023_f14	73491934	73549120	887
atlas_5e3e_A_R2_w000024_f00	73549120	73601703	887
atlas_5e3e_A_R2_w000024_f01	73601703	73659335	887
atlas_5e3e_A_R2_w000024_f02	73659335	73716949	887
atlas_5e3e_A_R2_w000024_f03	73716949	73774562	887
atlas_5e3e_A_R2_w000024_f04	73774562	73832170	887
atlas_5e3e_A_R2_w000024_f05	73832170	73889725	887
atlas_5e3e_A_R2_w000024_f06	73889725	73947354	887
atlas_5e3e_A_R2_w000024_f07	73947354	74005025	887
atlas_5e3e_A_R2_w000024_f08	74005025	74062639	887
atlas_5e3e_A_R2_w000024_f09	74062639	74120233	887
atlas_5e3e_A_R2_w000024_f10	74120233	74177812	887
atlas_5e3e_A_R2_w000024_f11	74177812	74235444	887
atlas_5e3e_A_R2_w000024_f12	74235444	74293027	887
atlas_5e3e_A_R2_w000024_f13	74293027	74350670	887
atlas_5e3e_A_R2_w000024_f14	74350670	74408325	887
atlas_5e3e_A_R2_w000025_f00	74408325	74460229	887
atlas_5e3e_A_R2_w000025_f01	74460229	74517318	887
atlas_5e3e_A_R2_w000025_f02	74517318	74574453	887
atlas_5e3e_A_R2_w000025_f03	74574453	74631570	887
atlas_5e3e_A_R2_w000025_f04	74631570	74688604	887
atlas_5e3e_A_R2_w000025_f05	74688604	74745735	887
atlas_5e3e_A_R2_w000025_f06	74745735	74803041	887
atlas_5e3e_A_R2_w000025_f07	74803041	74860149	887
atlas_5e3e_A_R2_w000025_f08	74860149	74917286	887
atlas_5e3e_A_R2_w000025_f09	74917286	74974540	887
atlas_5e3e_A_R2_w000025_f10	74974540	75031715	887
atlas_5e3e_A_R2_w000025_f11	75031715	75088761	887
atlas_5e3e_A_R2_w000025_f12	75088761	75145875	887
atlas_5e3e_A_R2_w000025_f13	75145875	75203059	887
atlas_5e3e_A_R2_w000025_f14	75203059	75260288	887
atlas_5e3e_A_R2_w000026_f00	75260288	75312654	887
atlas_5e3e_A_R2_w000026_f01	75312654	75370208	887
atlas_5e3e_A_R2_w000026_f02	75370208	75427754	887
atlas_5e3e_A_R2_w000026_f03	75427754	75485300	887
atlas_5e3e_A_R2_w000026_f04	75485300	75542779	887
atlas_5e3e_A_R2_w000026_f05	75542779	75600250	887
atlas_5e3e_A_R2_w000026_f06	75600250	75657673	887
atlas_5e3e_A_R2_w000026_f07	75657673	75715243	887
atlas_5e3e_A_R2_w000026_f08	75715243	75772890	887
atlas_5e3e_A_R2_w000026_f09	75772890	75830413	887
atlas_5e3e_A_R2_w000026_f10	75830413	75888030	887
atlas_5e3e_A_R2_w000026_f11	75888030	75945745	887
atlas_5e3e_A_R2_w000026_f12	75945745	76003476	887
atlas_5e3e_A_R2_w000026_f13	76003476	76061110	887
atlas_5e3e_A_R2_w000026_f14	76061110	76118735	887
atlas_5e3e_A_R2_w000027_f00	76118735	76170804	887
atlas_5e3e_A_R2_w000027_f01	76170804	76228060	887
atlas_5e3e_A_R2_w000027_f02	76228060	76285288	887
atlas_5e3e_A_R2_w000027_f03	76285288	76342462	887
atlas_5e3e_A_R2_w000027_f04	76342462	76399834	887
atlas_5e3e_A_R2_w000027_f05	76399834	76457194	887
atlas_5e3e_A_R2_w000027_f06	76457194	76514322	887
atlas_5e3e_A_R2_w000027_f07	76514322	76571508	887
atlas_5e3e_A_R2_w000027_f08	76571508	76628800	887
atlas_5e3e_A_R2_w000027_f09	76628800	76686123	887
atlas_5e3e_A_R2_w000027_f10	76686123	76743475	887
atlas_5e3e_A_R2_w000027_f11	76743475	76800760	887
atlas_5e3e_A_R2_w000027_f12	76800760	76858040	887
atlas_5e3e_A_R2_w000027_f13	76858040	76915397	887
atlas_5e3e_A_R2_w000027_f14	76915397	76972818	887
atlas_5e3e_A_R2_w000028_f00	76972818	77025369	887
atlas_5e3e_A_R2_w000028_f01	77025369	77082944	887
atlas_5e3e_A_R2_w000028_f02	77082944	77140593	887
atlas_5e3e_A_R2_w000028_f03	77140593	77198181	887
atlas_5e3e_A_R2_w000028_f04	77198181	77255868	887
atlas_5e3e_A_R2_w000028_f05	77255868	77313532	887
atlas_5e3e_A_R2_w000028_f06	77313532	77371137	887
atlas_5e3e_A_R2_w000028_f07	77371137	77428805	887
atlas_5e3e_A_R2_w000028_f08	77428805	77486451	887
atlas_5e3e_A_R2_w000028_f09	77486451	77544206	887
atlas_5e3e_A_R2_w000028_f10	77544206	77601997	887
atlas_5e3e_A_R2_w000028_f11	77601997	77659676	887
atlas_5e3e_A_R2_w000028_f12	77659676	77717310	887
atlas_5e3e_A_R2_w000028_f13	77717310	77774956	887
atlas_5e3e_A_R2_w000028_f14	77774956	77832654	887
atlas_5e3e_A_R2_w000029_f00	77832654	77885175	887
atlas_5e3e_A_R2_w000029_f01	77885175	77942992	887
atlas_5e3e_A_R2_w000029_f02	77942992	78000719	887
atlas_5e3e_A_R2_w000029_f03	78000719	78058448	887
atlas_5e3e_A_R2_w000029_f04	78058448	78116223	887
atlas_5e3e_A_R2_w000029_f05	78116223	78173840	887
atlas_5e3e_A_R2_w000029_f06	78173840	78231509	887
atlas_5e3e_A_R2_w000029_f07	78231509	78289189	887
atlas_5e3e_A_R2_w000029_f08	78289189	78346729	887
atlas_5e3e_A_R2_w000029_f09	78346729	78404231	887
atlas_5e3e_A_R2_w000029_f10	78404231	78461781	887
atlas_5e3e_A_R2_w000029_f11	78461781	78519338	887
atlas_5e3e_A_R2_w000029_f12	78519338	78576934	887
atlas_5e3e_A_R2_w000029_f13	78576934	78634540	887
atlas_5e3e_A_R2_w000029_f14	78634540	78692256	887
atlas_5e3e_A_R2_w000030_f00	78692256	78744366	887
atlas_5e3e_A_R2_w000030_f01	78744366	78801543	887
atlas_5e3e_A_R2_w000030_f02	78801543	78858636	887
atlas_5e3e_A_R2_w000030_f03	78858636	78915625	887
atlas_5e3e_A_R2_w000030_f04	78915625	78972735	887
atlas_5e3e_A_R2_w000030_f05	78972735	79029918	887
atlas_5e3e_A_R2_w000030_f06	79029918	79087004	887
atlas_5e3e_A_R2_w000030_f07	79087004	79143986	887
atlas_5e3e_A_R2_w000030_f08	79143986	79201139	887
atlas_5e3e_A_R2_w000030_f09	79201139	79258422	887
atlas_5e3e_A_R2_w000030_f10	79258422	79315671	887
atlas_5e3e_A_R2_w000030_f11	79315671	79372803	887
atlas_5e3e_A_R2_w000030_f12	79372803	79429902	887
atlas_5e3e_A_R2_w000030_f13	79429902	79486957	887
atlas_5e3e_A_R2_w000030_f14	79486957	79544054	887
atlas_5e3e_A_R2_w000031_f00	79544054	79596096	887
atlas_5e3e_A_R2_w000031_f01	79596096	79653288	887
atlas_5e3e_A_R2_w000031_f02	79653288	79710482	887
atlas_5e3e_A_R2_w000031_f03	79710482	79767723	887
atlas_5e3e_A_R2_w000031_f04	79767723	79824853	887
atlas_5e3e_A_R2_w000031_f05	79824853	79881861	887
atlas_5e3e_A_R2_w000031_f06	79881861	79939103	887
atlas_5e3e_A_R2_w000031_f07	79939103	79996492	887
atlas_5e3e_A_R2_w000031_f08	79996492	80053726	887
atlas_5e3e_A_R2_w000031_f09	80053726	80110844	887
atlas_5e3e_A_R2_w000031_f10	80110844	80167898	887
atlas_5e3e_A_R2_w000031_f11	80167898	80225025	887
atlas_5e3e_A_R2_w000031_f12	80225025	80282202	887
atlas_5e3e_A_R2_w000031_f13	80282202	80339496	887
atlas_5e3e_A_R2_w000031_f14	80339496	80396746	887
atlas_5e3e_A_R2_w000032_f00	80396746	80448557	887
atlas_5e3e_A_R2_w000032_f01	80448557	80505156	887
atlas_5e3e_A_R2_w000032_f02	80505156	80561736	887
atlas_5e3e_A_R2_w000032_f03	80561736	80618412	887
atlas_5e3e_A_R2_w000032_f04	80618412	80675092	887
atlas_5e3e_A_R2_w000032_f05	80675092	80731742	887
atlas_5e3e_A_R2_w000032_f06	80731742	80788379	887
atlas_5e3e_A_R2_w000032_f07	80788379	80845097	887
atlas_5e3e_A_R2_w000032_f08	80845097	80901772	887
atlas_5e3e_A_R2_w000032_f09	80901772	80958402	887
atlas_5e3e_A_R2_w000032_f10	80958402	81015125	887
atlas_5e3e_A_R2_w000032_f11	81015125	81071880	887
atlas_5e3e_A_R2_w000032_f12	81071880	81128561	887
atlas_5e3e_A_R2_w000032_f13	81128561	81185227	887
atlas_5e3e_A_R2_w000032_f14	81185227	81241933	887
atlas_5e3e_A_R2_w000033_f00	81241933	81293199	887
atlas_5e3e_A_R2_w000033_f01	81293199	81349849	887
atlas_5e3e_A_R2_w000033_f02	81349849	81406379	887
atlas_5e3e_A_R2_w000033_f03	81406379	81462989	887
atlas_5e3e_A_R2_w000033_f04	81462989	81519704	887
atlas_5e3e_A_R2_w000033_f05	81519704	81576412	887
atlas_5e3e_A_R2_w000033_f06	81576412	81633095	887
atlas_5e3e_A_R2_w000033_f07	81633095	81689793	887
atlas_5e3e_A_R2_w000033_f08	81689793	81746579	887
atlas_5e3e_A_R2_w000033_f09	81746579	81803376	887
atlas_5e3e_A_R2_w000033_f10	81803376	81860022	887
atlas_5e3e_A_R2_w000033_f11	81860022	81916576	887
atlas_5e3e_A_R2_w000033_f12	81916576	81973124	887
atlas_5e3e_A_R2_w000033_f13	81973124	82029678	887
atlas_5e3e_A_R2_w000033_f14	82029678	82086261	887
atlas_5e3e_A_R2_w000034_f00	82086261	82138819	887
atlas_5e3e_A_R2_w000034_f01	82138819	82196610	887
atlas_5e3e_A_R2_w000034_f02	82196610	82254338	887
atlas_5e3e_A_R2_w000034_f03	82254338	82311957	887
atlas_5e3e_A_R2_w000034_f04	82311957	82369503	887
atlas_5e3e_A_R2_w000034_f05	82369503	82427094	887
atlas_5e3e_A_R2_w000034_f06	82427094	82484643	887
atlas_5e3e_A_R2_w000034_f07	82484643	82542317	887
atlas_5e3e_A_R2_w000034_f08	82542317	82599869	887
atlas_5e3e_A_R2_w000034_f09	82599869	82657420	887
atlas_5e3e_A_R2_w000034_f10	82657420	82715108	887
atlas_5e3e_A_R2_w000034_f11	82715108	82772698	887
atlas_5e3e_A_R2_w000034_f12	82772698	82830242	887
atlas_5e3e_A_R2_w000034_f13	82830242	82887924	887
atlas_5e3e_A_R2_w000034_f14	82887924	82945524	887
atlas_5e3e_A_R2_w000035_f00	82945524	82997257	887
atlas_5e3e_A_R2_w000035_f01	82997257	83053924	887
atlas_5e3e_A_R2_w000035_f02	83053924	83110597	887
atlas_5e3e_A_R2_w000035_f03	83110597	83167319	887
atlas_5e3e_A_R2_w000035_f04	83167319	83224099	887
atlas_5e3e_A_R2_w000035_f05	83224099	83280844	887
atlas_5e3e_A_R2_w000035_f06	83280844	83337586	887
atlas_5e3e_A_R2_w000035_f07	83337586	83394297	887
atlas_5e3e_A_R2_w000035_f08	83394297	83451071	887
atlas_5e3e_A_R2_w000035_f09	83451071	83507656	887
atlas_5e3e_A_R2_w000035_f10	83507656	83564215	887
atlas_5e3e_A_R2_w000035_f11	83564215	83620846	887
atlas_5e3e_A_R2_w000035_f12	83620846	83677535	887
atlas_5e3e_A_R2_w000035_f13	83677535	83734062	887
atlas_5e3e_A_R2_w000035_f14	83734062	83790519	887
atlas_5e3e_A_R2_w000036_f00	83790519	83842870	887
atlas_5e3e_A_R2_w000036_f01	83842870	83900097	887
atlas_5e3e_A_R2_w000036_f02	83900097	83957439	887
atlas_5e3e_A_R2_w000036_f03	83957439	84014905	887
atlas_5e3e_A_R2_w000036_f04	84014905	84072370	887
atlas_5e3e_A_R2_w000036_f05	84072370	84129766	887
atlas_5e3e_A_R2_w000036_f06	84129766	84187106	887
atlas_5e3e_A_R2_w000036_f07	84187106	84244400	887
atlas_5e3e_A_R2_w000036_f08	84244400	84301745	887
atlas_5e3e_A_R2_w000036_f09	84301745	84359109	887
atlas_5e3e_A_R2_w000036_f10	84359109	84416455	887
atlas_5e3e_A_R2_w000036_f11	84416455	84473732	887
atlas_5e3e_A_R2_w000036_f12	84473732	84530888	887
atlas_5e3e_A_R2_w000036_f13	84530888	84588217	887
atlas_5e3e_A_R2_w000036_f14	84588217	84645626	887
atlas_5e3e_A_R2_w000037_f00	84645626	84697689	887
atlas_5e3e_A_R2_w000037_f01	84697689	84754713	887
atlas_5e3e_A_R2_w000037_f02	84754713	84811706	887
atlas_5e3e_A_R2_w000037_f03	84811706	84868755	887
atlas_5e3e_A_R2_w000037_f04	84868755	84925839	887
atlas_5e3e_A_R2_w000037_f05	84925839	84982852	887
atlas_5e3e_A_R2_w000037_f06	84982852	85039873	887
atlas_5e3e_A_R2_w000037_f07	85039873	85096942	887
atlas_5e3e_A_R2_w000037_f08	85096942	85154043	887
atlas_5e3e_A_R2_w000037_f09	85154043	85211226	887
atlas_5e3e_A_R2_w000037_f10	85211226	85268306	887
atlas_5e3e_A_R2_w000037_f11	85268306	85325362	887
atlas_5e3e_A_R2_w000037_f12	85325362	85382506	887
atlas_5e3e_A_R2_w000037_f13	85382506	85439575	887
atlas_5e3e_A_R2_w000037_f14	85439575	85496658	887
atlas_5e3e_A_R2_w000038_f00	85496658	85548953	887
atlas_5e3e_A_R2_w000038_f01	85548953	85606173	887
atlas_5e3e_A_R2_w000038_f02	85606173	85663558	887
atlas_5e3e_A_R2_w000038_f03	85663558	85720845	887
atlas_5e3e_A_R2_w000038_f04	85720845	85778087	887
atlas_5e3e_A_R2_w000038_f05	85778087	85835400	887
atlas_5e3e_A_R2_w000038_f06	85835400	85892634	887
atlas_5e3e_A_R2_w000038_f07	85892634	85949851	887
atlas_5e3e_A_R2_w000038_f08	85949851	86007095	887
atlas_5e3e_A_R2_w000038_f09	86007095	86064328	887
atlas_5e3e_A_R2_w000038_f10	86064328	86121597	887
atlas_5e3e_A_R2_w000038_f11	86121597	86178926	887
atlas_5e3e_A_R2_w000038_f12	86178926	86236295	887
atlas_5e3e_A_R2_w000038_f13	86236295	86293620	887
atlas_5e3e_A_R2_w000038_f14	86293620	86350943	887
atlas_5e3e_A_R2_w000039_f00	86350943	86403071	887
atlas_5e3e_A_R2_w000039_f01	86403071	86460325	887
atlas_5e3e_A_R2_w000039_f02	86460325	86517716	887
atlas_5e3e_A_R2_w000039_f03	86517716	86575096	887
atlas_5e3e_A_R2_w000039_f04	86575096	86632320	887
atlas_5e3e_A_R2_w000039_f05	86632320	86689463	887
atlas_5e3e_A_R2_w000039_f06	86689463	86746617	887
atlas_5e3e_A_R2_w000039_f07	86746617	86803865	887
atlas_5e3e_A_R2_w000039_f08	86803865	86861050	887
atlas_5e3e_A_R2_w000039_f09	86861050	86918243	887
atlas_5e3e_A_R2_w000039_f10	86918243	86975412	887
atlas_5e3e_A_R2_w000039_f11	86975412	87032597	887
atlas_5e3e_A_R2_w000039_f12	87032597	87089910	887
atlas_5e3e_A_R2_w000039_f13	87089910	87147074	887
atlas_5e3e_A_R2_w000039_f14	87147074	87204236	887
atlas_5e3e_A_R2_w000040_f00	87204236	87256742	887
atlas_5e3e_A_R2_w000040_f01	87256742	87314002	887
atlas_5e3e_A_R2_w000040_f02	87314002	87371343	887
atlas_5e3e_A_R2_w000040_f03	87371343	87428715	887
atlas_5e3e_A_R2_w000040_f04	87428715	87485923	887
atlas_5e3e_A_R2_w000040_f05	87485923	87543152	887
atlas_5e3e_A_R2_w000040_f06	87543152	87600512	887
atlas_5e3e_A_R2_w000040_f07	87600512	87657808	887
atlas_5e3e_A_R2_w000040_f08	87657808	87715218	887
atlas_5e3e_A_R2_w000040_f09	87715218	87772575	887
atlas_5e3e_A_R2_w000040_f10	87772575	87829897	887
atlas_5e3e_A_R2_w000040_f11	87829897	87887215	887
atlas_5e3e_A_R2_w000040_f12	87887215	87944504	887
atlas_5e3e_A_R2_w000040_f13	87944504	88001802	887
atlas_5e3e_A_R2_w000040_f14	88001802	88059079	887
atlas_5e3e_A_R2_w000041_f00	88059079	88111575	887
atlas_5e3e_A_R2_w000041_f01	88111575	88169191	887
atlas_5e3e_A_R2_w000041_f02	88169191	88226835	887
atlas_5e3e_A_R2_w000041_f03	88226835	88284391	887
atlas_5e3e_A_R2_w000041_f04	88284391	88341960	887
atlas_5e3e_A_R2_w000041_f05	88341960	88399543	887
atlas_5e3e_A_R2_w000041_f06	88399543	88457045	887
atlas_5e3e_A_R2_w000041_f07	88457045	88514589	887
atlas_5e3e_A_R2_w000041_f08	88514589	88572149	887
atlas_5e3e_A_R2_w000041_f09	88572149	88629583	887
atlas_5e3e_A_R2_w000041_f10	88629583	88687146	887
atlas_5e3e_A_R2_w000041_f11	88687146	88744919	887
atlas_5e3e_A_R2_w000041_f12	88744919	88802570	887
atlas_5e3e_A_R2_w000041_f13	88802570	88860152	887
atlas_5e3e_A_R2_w000041_f14	88860152	88917723	887
atlas_5e3e_A_R2_w000042_f00	88917723	88969768	887
atlas_5e3e_A_R2_w000042_f01	88969768	89027036	887
atlas_5e3e_A_R2_w000042_f02	89027036	89084286	887
atlas_5e3e_A_R2_w000042_f03	89084286	89141530	887
atlas_5e3e_A_R2_w000042_f04	89141530	89198872	887
atlas_5e3e_A_R2_w000042_f05	89198872	89256156	887
atlas_5e3e_A_R2_w000042_f06	89256156	89313579	887
atlas_5e3e_A_R2_w000042_f07	89313579	89370969	887
atlas_5e3e_A_R2_w000042_f08	89370969	89428359	887
atlas_5e3e_A_R2_w000042_f09	89428359	89485708	887
atlas_5e3e_A_R2_w000042_f10	89485708	89543046	887
atlas_5e3e_A_R2_w000042_f11	89543046	89600393	887
atlas_5e3e_A_R2_w000042_f12	89600393	89657707	887
atlas_5e3e_A_R2_w000042_f13	89657707	89715006	887
atlas_5e3e_A_R2_w000042_f14	89715006	89772146	887
atlas_5e3e_A_R2_w000043_f00	89772146	89823960	887
atlas_5e3e_A_R2_w000043_f01	89823960	89880961	887
atlas_5e3e_A_R2_w000043_f02	89880961	89938080	887
atlas_5e3e_A_R2_w000043_f03	89938080	89995202	887
atlas_5e3e_A_R2_w000043_f04	89995202	90052361	887
atlas_5e3e_A_R2_w000043_f05	90052361	90109598	887
atlas_5e3e_A_R2_w000043_f06	90109598	90166679	887
atlas_5e3e_A_R2_w000043_f07	90166679	90223821	887
atlas_5e3e_A_R2_w000043_f08	90223821	90281036	887
atlas_5e3e_A_R2_w000043_f09	90281036	90338101	887
atlas_5e3e_A_R2_w000043_f10	90338101	90395026	887
atlas_5e3e_A_R2_w000043_f11	90395026	90452029	887
atlas_5e3e_A_R2_w000043_f12	90452029	90509175	887
atlas_5e3e_A_R2_w000043_f13	90509175	90566344	887
atlas_5e3e_A_R2_w000043_f14	90566344	90623565	887
atlas_5e3e_A_R2_w000044_f00	90623565	90676197	887
atlas_5e3e_A_R2_w000044_f01	90676197	90733813	887
atlas_5e3e_A_R2_w000044_f02	90733813	90791366	887
atlas_5e3e_A_R2_w000044_f03	90791366	90848934	887
atlas_5e3e_A_R2_w000044_f04	90848934	90906515	887
atlas_5e3e_A_R2_w000044_f05	90906515	90964136	887
atlas_5e3e_A_R2_w000044_f06	90964136	91021789	887
atlas_5e3e_A_R2_w000044_f07	91021789	91079366	887
atlas_5e3e_A_R2_w000044_f08	91079366	91137009	887
atlas_5e3e_A_R2_w000044_f09	91137009	91194591	887
atlas_5e3e_A_R2_w000044_f10	91194591	91252167	887
atlas_5e3e_A_R2_w000044_f11	91252167	91309958	887
atlas_5e3e_A_R2_w000044_f12	91309958	91367712	887
atlas_5e3e_A_R2_w000044_f13	91367712	91425323	887
atlas_5e3e_A_R2_w000044_f14	91425323	91482988	887
atlas_5e3e_A_R2_w000045_f00	91482988	91535843	887
atlas_5e3e_A_R2_w000045_f01	91535843	91593575	887
atlas_5e3e_A_R2_w000045_f02	91593575	91651393	887
atlas_5e3e_A_R2_w000045_f03	91651393	91709158	887
atlas_5e3e_A_R2_w000045_f04	91709158	91766834	887
atlas_5e3e_A_R2_w000045_f05	91766834	91824469	887
atlas_5e3e_A_R2_w000045_f06	91824469	91882188	887
atlas_5e3e_A_R2_w000045_f07	91882188	91939871	887
atlas_5e3e_A_R2_w000045_f08	91939871	91997502	887
atlas_5e3e_A_R2_w000045_f09	91997502	92055185	887
atlas_5e3e_A_R2_w000045_f10	92055185	92112803	887
atlas_5e3e_A_R2_w000045_f11	92112803	92170398	887
atlas_5e3e_A_R2_w000045_f12	92170398	92228065	887
atlas_5e3e_A_R2_w000045_f13	92228065	92285826	887
atlas_5e3e_A_R2_w000045_f14	92285826	92343563	887
atlas_5e3e_A_R2_w000046_f00	92343563	92395890	887
atlas_5e3e_A_R2_w000046_f01	92395890	92453412	887
atlas_5e3e_A_R2_w000046_f02	92453412	92510957	887
atlas_5e3e_A_R2_w000046_f03	92510957	92568685	887
atlas_5e3e_A_R2_w000046_f04	92568685	92626483	887
atlas_5e3e_A_R2_w000046_f05	92626483	92684215	887
atlas_5e3e_A_R2_w000046_f06	92684215	92741848	887
atlas_5e3e_A_R2_w000046_f07	92741848	92799399	887
atlas_5e3e_A_R2_w000046_f08	92799399	92857056	887
atlas_5e3e_A_R2_w000046_f09	92857056	92914658	887
atlas_5e3e_A_R2_w000046_f10	92914658	92972296	887
atlas_5e3e_A_R2_w000046_f11	92972296	93030000	887
atlas_5e3e_A_R2_w000046_f12	93030000	93087776	887
atlas_5e3e_A_R2_w000046_f13	93087776	93145394	887
atlas_5e3e_A_R2_w000046_f14	93145394	93203080	887
atlas_5e3e_A_R2_w000047_f00	93203080	93255728	887
atlas_5e3e_A_R2_w000047_f01	93255728	93313304	887
atlas_5e3e_A_R2_w000047_f02	93313304	93370884	887
atlas_5e3e_A_R2_w000047_f03	93370884	93428426	887
atlas_5e3e_A_R2_w000047_f04	93428426	93486074	887
atlas_5e3e_A_R2_w000047_f05	93486074	93543707	887
atlas_5e3e_A_R2_w000047_f06	93543707	93601267	887
atlas_5e3e_A_R2_w000047_f07	93601267	93658790	887
atlas_5e3e_A_R2_w000047_f08	93658790	93716281	887
atlas_5e3e_A_R2_w000047_f09	93716281	93773886	887
atlas_5e3e_A_R2_w000047_f10	93773886	93831427	887
atlas_5e3e_A_R2_w000047_f11	93831427	93888993	887
atlas_5e3e_A_R2_w000047_f12	93888993	93946666	887
atlas_5e3e_A_R2_w000047_f13	93946666	94004373	887
atlas_5e3e_A_R2_w000047_f14	94004373	94062036	887
atlas_5e3e_A_R2_w000048_f00	94062036	94114166	887
atlas_5e3e_A_R2_w000048_f01	94114166	94171543	887
atlas_5e3e_A_R2_w000048_f02	94171543	94228731	887
atlas_5e3e_A_R2_w000048_f03	94228731	94285939	887
atlas_5e3e_A_R2_w000048_f04	94285939	94343252	887
atlas_5e3e_A_R2_w000048_f05	94343252	94400526	887
atlas_5e3e_A_R2_w000048_f06	94400526	94457762	887
atlas_5e3e_A_R2_w000048_f07	94457762	94514997	887
atlas_5e3e_A_R2_w000048_f08	94514997	94572243	887
atlas_5e3e_A_R2_w000048_f09	94572243	94629579	887
atlas_5e3e_A_R2_w000048_f10	94629579	94686866	887
atlas_5e3e_A_R2_w000048_f11	94686866	94744103	887
atlas_5e3e_A_R2_w000048_f12	94744103	94801346	887
atlas_5e3e_A_R2_w000048_f13	94801346	94858658	887
atlas_5e3e_A_R2_w000048_f14	94858658	94915996	887
atlas_5e3e_A_R2_w000049_f00	94915996	94968269	887
atlas_5e3e_A_R2_w000049_f01	94968269	95025551	887
atlas_5e3e_A_R2_w000049_f02	95025551	95082776	887
atlas_5e3e_A_R2_w000049_f03	95082776	95139925	887
atlas_5e3e_A_R2_w000049_f04	95139925	95197131	887
atlas_5e3e_A_R2_w000049_f05	95197131	95254455	887
atlas_5e3e_A_R2_w000049_f06	95254455	95311834	887
atlas_5e3e_A_R2_w000049_f07	95311834	95369100	887
atlas_5e3e_A_R2_w000049_f08	95369100	95426329	887
atlas_5e3e_A_R2_w000049_f09	95426329	95483583	887
atlas_5e3e_A_R2_w000049_f10	95483583	95540814	887
atlas_5e3e_A_R2_w000049_f11	95540814	95597866	887
atlas_5e3e_A_R2_w000049_f12	95597866	95654923	887
atlas_5e3e_A_R2_w000049_f13	95654923	95712048	887
atlas_5e3e_A_R2_w000049_f14	95712048	95769209	887
atlas_5e3e_A_R2_w000050_f00	95769209	95822211	887
atlas_5e3e_A_R2_w000050_f01	95822211	95880366	887
atlas_5e3e_A_R2_w000050_f02	95880366	95938587	887
atlas_5e3e_A_R2_w000050_f03	95938587	95996623	887
atlas_5e3e_A_R2_w000050_f04	95996623	96054538	887
atlas_5e3e_A_R2_w000050_f05	96054538	96112506	887
atlas_5e3e_A_R2_w000050_f06	96112506	96170534	887
atlas_5e3e_A_R2_w000050_f07	96170534	96228547	887
atlas_5e3e_A_R2_w000050_f08	96228547	96286539	887
atlas_5e3e_A_R2_w000050_f09	96286539	96344539	887
atlas_5e3e_A_R2_w000050_f10	96344539	96402577	887
atlas_5e3e_A_R2_w000050_f11	96402577	96460574	887
atlas_5e3e_A_R2_w000050_f12	96460574	96518598	887
atlas_5e3e_A_R2_w000050_f13	96518598	96576608	887
atlas_5e3e_A_R2_w000050_f14	96576608	96634593	887
atlas_5e3e_A_R2_w000051_f00	96634593	96687488	887
atlas_5e3e_A_R2_w000051_f01	96687488	96745531	887
atlas_5e3e_A_R2_w000051_f02	96745531	96803665	887
atlas_5e3e_A_R2_w000051_f03	96803665	96861739	887
atlas_5e3e_A_R2_w000051_f04	96861739	96919720	887
atlas_5e3e_A_R2_w000051_f05	96919720	96977642	887
atlas_5e3e_A_R2_w000051_f06	96977642	97035528	887
atlas_5e3e_A_R2_w000051_f07	97035528	97093487	887
atlas_5e3e_A_R2_w000051_f08	97093487	97151535	887
atlas_5e3e_A_R2_w000051_f09	97151535	97209458	887
atlas_5e3e_A_R2_w000051_f10	97209458	97267401	887
atlas_5e3e_A_R2_w000051_f11	97267401	97325384	887
atlas_5e3e_A_R2_w000051_f12	97325384	97383361	887
atlas_5e3e_A_R2_w000051_f13	97383361	97441287	887
atlas_5e3e_A_R2_w000051_f14	97441287	97499179	887
atlas_5e3e_A_R2_w000052_f00	97499179	97551228	887
atlas_5e3e_A_R2_w000052_f01	97551228	97608959	887
atlas_5e3e_A_R2_w000052_f02	97608959	97666667	887
atlas_5e3e_A_R2_w000052_f03	97666667	97724256	887
atlas_5e3e_A_R2_w000052_f04	97724256	97781868	887
atlas_5e3e_A_R2_w000052_f05	97781868	97839561	887
atlas_5e3e_A_R2_w000052_f06	97839561	97897189	887
atlas_5e3e_A_R2_w000052_f07	97897189	97954874	887
atlas_5e3e_A_R2_w000052_f08	97954874	98012618	887
atlas_5e3e_A_R2_w000052_f09	98012618	98070403	887
atlas_5e3e_A_R2_w000052_f10	98070403	98128181	887
atlas_5e3e_A_R2_w000052_f11	98128181	98185949	887
atlas_5e3e_A_R2_w000052_f12	98185949	98243551	887
atlas_5e3e_A_R2_w000052_f13	98243551	98301162	887
atlas_5e3e_A_R2_w000052_f14	98301162	98358856	887
atlas_5e3e_A_R2_w000053_f00	98358856	98410687	887
atlas_5e3e_A_R2_w000053_f01	98410687	98467828	887
atlas_5e3e_A_R2_w000053_f02	98467828	98524999	887
atlas_5e3e_A_R2_w000053_f03	98524999	98582068	887
atlas_5e3e_A_R2_w000053_f04	98582068	98639156	887
atlas_5e3e_A_R2_w000053_f05	98639156	98696476	887
atlas_5e3e_A_R2_w000053_f06	98696476	98753702	887
atlas_5e3e_A_R2_w000053_f07	98753702	98810979	887
atlas_5e3e_A_R2_w000053_f08	98810979	98868313	887
atlas_5e3e_A_R2_w000053_f09	98868313	98925653	887
atlas_5e3e_A_R2_w000053_f10	98925653	98982990	887
atlas_5e3e_A_R2_w000053_f11	98982990	99040211	887
atlas_5e3e_A_R2_w000053_f12	99040211	99097378	887
atlas_5e3e_A_R2_w000053_f13	99097378	99154627	887
atlas_5e3e_A_R2_w000053_f14	99154627	99211872	887
atlas_5e3e_A_R2_w000054_f00	99211872	99264288	887
atlas_5e3e_A_R2_w000054_f01	99264288	99321780	887
atlas_5e3e_A_R2_w000054_f02	99321780	99379315	887
atlas_5e3e_A_R2_w000054_f03	99379315	99436860	887
atlas_5e3e_A_R2_w000054_f04	99436860	99494446	887
atlas_5e3e_A_R2_w000054_f05	99494446	99552055	887
atlas_5e3e_A_R2_w000054_f06	99552055	99609643	887
atlas_5e3e_A_R2_w000054_f07	99609643	99667239	887
atlas_5e3e_A_R2_w000054_f08	99667239	99724862	887
atlas_5e3e_A_R2_w000054_f09	99724862	99782511	887
atlas_5e3e_A_R2_w000054_f10	99782511	99840154	887
atlas_5e3e_A_R2_w000054_f11	99840154	99897858	887
atlas_5e3e_A_R2_w000054_f12	99897858	99955575	887
atlas_5e3e_A_R2_w000054_f13	99955575	100013203	887
atlas_5e3e_A_R2_w000054_f14	100013203	100070792	887
atlas_5e3e_A_R2_w000055_f00	100070792	100122773	887
atlas_5e3e_A_R2_w000055_f01	100122773	100179910	887
atlas_5e3e_A_R2_w000055_f02	100179910	100237093	887
atlas_5e3e_A_R2_w000055_f03	100237093	100294301	887
atlas_5e3e_A_R2_w000055_f04	100294301	100351494	887
atlas_5e3e_A_R2_w000055_f05	100351494	100408662	887
atlas_5e3e_A_R2_w000055_f06	100408662	100465884	887
atlas_5e3e_A_R2_w000055_f07	100465884	100523096	887
atlas_5e3e_A_R2_w000055_f08	100523096	100580288	887
atlas_5e3e_A_R2_w000055_f09	100580288	100637425	887
atlas_5e3e_A_R2_w000055_f10	100637425	100694505	887
atlas_5e3e_A_R2_w000055_f11	100694505	100751645	887
atlas_5e3e_A_R2_w000055_f12	100751645	100808789	887
atlas_5e3e_A_R2_w000055_f13	100808789	100865862	887
atlas_5e3e_A_R2_w000055_f14	100865862	100923042	887
atlas_5e3e_A_R2_w000056_f00	100923042	100975250	887
atlas_5e3e_A_R2_w000056_f01	100975250	101032288	887
atlas_5e3e_A_R2_w000056_f02	101032288	101089450	887
atlas_5e3e_A_R2_w000056_f03	101089450	101146713	887
atlas_5e3e_A_R2_w000056_f04	101146713	101203836	887
atlas_5e3e_A_R2_w000056_f05	101203836	101260784	887
atlas_5e3e_A_R2_w000056_f06	101260784	101317786	887
atlas_5e3e_A_R2_w000056_f07	101317786	101374943	887
atlas_5e3e_A_R2_w000056_f08	101374943	101431995	887
atlas_5e3e_A_R2_w000056_f09	101431995	101489013	887
atlas_5e3e_A_R2_w000056_f10	101489013	101546099	887
atlas_5e3e_A_R2_w000056_f11	101546099	101603142	887
atlas_5e3e_A_R2_w000056_f12	101603142	101660182	887
atlas_5e3e_A_R2_w000056_f13	101660182	101717287	887
atlas_5e3e_A_R2_w000056_f14	101717287	101774420	887
atlas_5e3e_A_R2_w000057_f00	101774420	101826774	887
atlas_5e3e_A_R2_w000057_f01	101826774	101884405	887
atlas_5e3e_A_R2_w000057_f02	101884405	101941982	887
atlas_5e3e_A_R2_w000057_f03	101941982	101999514	887
atlas_5e3e_A_R2_w000057_f04	101999514	102057077	887
atlas_5e3e_A_R2_w000057_f05	102057077	102114747	887
atlas_5e3e_A_R2_w000057_f06	102114747	102172495	887
atlas_5e3e_A_R2_w000057_f07	102172495	102230228	887
atlas_5e3e_A_R2_w000057_f08	102230228	102287838	887
atlas_5e3e_A_R2_w000057_f09	102287838	102345533	887
atlas_5e3e_A_R2_w000057_f10	102345533	102403303	887
atlas_5e3e_A_R2_w000057_f11	102403303	102461056	887
atlas_5e3e_A_R2_w000057_f12	102461056	102518866	887
atlas_5e3e_A_R2_w000057_f13	102518866	102576584	887
atlas_5e3e_A_R2_w000057_f14	102576584	102634343	887
atlas_5e3e_A_R2_w000058_f00	102634343	102686905	887
atlas_5e3e_A_R2_w000058_f01	102686905	102744482	887
atlas_5e3e_A_R2_w000058_f02	102744482	102802048	887
atlas_5e3e_A_R2_w000058_f03	102802048	102859660	887
atlas_5e3e_A_R2_w000058_f04	102859660	102917251	887
atlas_5e3e_A_R2_w000058_f05	102917251	102974892	887
atlas_5e3e_A_R2_w000058_f06	102974892	103032549	887
atlas_5e3e_A_R2_w000058_f07	103032549	103090168	887
atlas_5e3e_A_R2_w000058_f08	103090168	103147795	887
atlas_5e3e_A_R2_w000058_f09	103147795	103205480	887
atlas_5e3e_A_R2_w000058_f10	103205480	103263111	887
atlas_5e3e_A_R2_w000058_f11	103263111	103320740	887
atlas_5e3e_A_R2_w000058_f12	103320740	103378522	887
atlas_5e3e_A_R2_w000058_f13	103378522	103436325	887
atlas_5e3e_A_R2_w000058_f14	103436325	103494058	887
atlas_5e3e_A_R2_w000059_f00	103494058	103546174	887
atlas_5e3e_A_R2_w000059_f01	103546174	103603402	887
atlas_5e3e_A_R2_w000059_f02	103603402	103660526	887
atlas_5e3e_A_R2_w000059_f03	103660526	103717655	887
atlas_5e3e_A_R2_w000059_f04	103717655	103774994	887
atlas_5e3e_A_R2_w000059_f05	103774994	103832316	887
atlas_5e3e_A_R2_w000059_f06	103832316	103889638	887
atlas_5e3e_A_R2_w000059_f07	103889638	103946949	887
atlas_5e3e_A_R2_w000059_f08	103946949	104004243	887
atlas_5e3e_A_R2_w000059_f09	104004243	104061480	887
atlas_5e3e_A_R2_w000059_f10	104061480	104118586	887
atlas_5e3e_A_R2_w000059_f11	104118586	104175850	887
atlas_5e3e_A_R2_w000059_f12	104175850	104233200	887
atlas_5e3e_A_R2_w000059_f13	104233200	104290466	887
atlas_5e3e_A_R2_w000059_f14	104290466	104347791	887
atlas_5e3e_A_R2_w000060_f00	104347791	104400183	887
atlas_5e3e_A_R2_w000060_f01	104400183	104457759	887
atlas_5e3e_A_R2_w000060_f02	104457759	104515367	887
atlas_5e3e_A_R2_w000060_f03	104515367	104573065	887
atlas_5e3e_A_R2_w000060_f04	104573065	104630744	887
atlas_5e3e_A_R2_w000060_f05	104630744	104688303	887
atlas_5e3e_A_R2_w000060_f06	104688303	104746042	887
atlas_5e3e_A_R2_w000060_f07	104746042	104803834	887
atlas_5e3e_A_R2_w000060_f08	104803834	104861515	887
atlas_5e3e_A_R2_w000060_f09	104861515	104919190	887
atlas_5e3e_A_R2_w000060_f10	104919190	104976876	887
atlas_5e3e_A_R2_w000060_f11	104976876	105034465	887
atlas_5e3e_A_R2_w000060_f12	105034465	105092072	887
atlas_5e3e_A_R2_w000060_f13	105092072	105149757	887
atlas_5e3e_A_R2_w000060_f14	105149757	105207448	887
atlas_5e3e_A_R2_w000061_f00	105207448	105259990	887
atlas_5e3e_A_R2_w000061_f01	105259990	105317560	887
atlas_5e3e_A_R2_w000061_f02	105317560	105375237	887
atlas_5e3e_A_R2_w000061_f03	105375237	105432909	887
atlas_5e3e_A_R2_w000061_f04	105432909	105490524	887
atlas_5e3e_A_R2_w000061_f05	105490524	105548054	887
atlas_5e3e_A_R2_w000061_f06	105548054	105605660	887
atlas_5e3e_A_R2_w000061_f07	105605660	105663280	887
atlas_5e3e_A_R2_w000061_f08	105663280	105720779	887
atlas_5e3e_A_R2_w000061_f09	105720779	105778432	887
atlas_5e3e_A_R2_w000061_f10	105778432	105836093	887
atlas_5e3e_A_R2_w000061_f11	105836093	105893766	887
atlas_5e3e_A_R2_w000061_f12	105893766	105951376	887
atlas_5e3e_A_R2_w000061_f13	105951376	106009014	887
atlas_5e3e_A_R2_w000061_f14	106009014	106066598	887
atlas_5e3e_A_R3_w000000_f00	106066598	106113774	887
atlas_5e3e_A_R3_w000000_f01	106113774	106171399	887
atlas_5e3e_A_R3_w000000_f02	106171399	106229055	887
atlas_5e3e_A_R3_w000000_f03	106229055	106286803	887
atlas_5e3e_A_R3_w000000_f04	106286803	106344414	887
atlas_5e3e_A_R3_w000000_f05	106344414	106402047	887
atlas_5e3e_A_R3_w000000_f06	106402047	106459654	887
atlas_5e3e_A_R3_w000000_f07	106459654	106517216	887
atlas_5e3e_A_R3_w000000_f08	106517216	106574946	887
atlas_5e3e_A_R3_w000000_f09	106574946	106632686	887
atlas_5e3e_A_R3_w000000_f10	106632686	106690298	887
atlas_5e3e_A_R3_w000000_f11	106690298	106747909	887
atlas_5e3e_A_R3_w000000_f12	106747909	106805667	887
atlas_5e3e_A_R3_w000000_f13	106805667	106863409	887
atlas_5e3e_A_R3_w000000_f14	106863409	106921221	887
atlas_5e3e_A_R3_w000001_f00	106921221	106972889	887
atlas_5e3e_A_R3_w000001_f01	106972889	107029683	887
atlas_5e3e_A_R3_w000001_f02	107029683	107086378	887
atlas_5e3e_A_R3_w000001_f03	107086378	107143117	887
atlas_5e3e_A_R3_w000001_f04	107143117	107199978	887
atlas_5e3e_A_R3_w000001_f05	107199978	107256633	887
atlas_5e3e_A_R3_w000001_f06	107256633	107313223	887
atlas_5e3e_A_R3_w000001_f07	107313223	107369862	887
atlas_5e3e_A_R3_w000001_f08	107369862	107426490	887
atlas_5e3e_A_R3_w000001_f09	107426490	107483276	887
atlas_5e3e_A_R3_w000001_f10	107483276	107539957	887
atlas_5e3e_A_R3_w000001_f11	107539957	107596566	887
atlas_5e3e_A_R3_w000001_f12	107596566	107653250	887
atlas_5e3e_A_R3_w000001_f13	107653250	107709952	887
atlas_5e3e_A_R3_w000001_f14	107709952	107766592	887
atlas_5e3e_A_R3_w000002_f00	107766592	107819534	887
atlas_5e3e_A_R3_w000002_f01	107819534	107877518	887
atlas_5e3e_A_R3_w000002_f02	107877518	107935541	887
atlas_5e3e_A_R3_w000002_f03	107935541	107993573	887
atlas_5e3e_A_R3_w000002_f04	107993573	108051479	887
atlas_5e3e_A_R3_w000002_f05	108051479	108109404	887
atlas_5e3e_A_R3_w000002_f06	108109404	108167461	887
atlas_5e3e_A_R3_w000002_f07	108167461	108225561	887
atlas_5e3e_A_R3_w000002_f08	108225561	108283505	887
atlas_5e3e_A_R3_w000002_f09	108283505	108341516	887
atlas_5e3e_A_R3_w000002_f10	108341516	108399505	887
atlas_5e3e_A_R3_w000002_f11	108399505	108457490	887
atlas_5e3e_A_R3_w000002_f12	108457490	108515472	887
atlas_5e3e_A_R3_w000002_f13	108515472	108573489	887
atlas_5e3e_A_R3_w000002_f14	108573489	108631559	887
atlas_5e3e_A_R3_w000003_f00	108631559	108683829	887
atlas_5e3e_A_R3_w000003_f01	108683829	108741115	887
atlas_5e3e_A_R3_w000003_f02	108741115	108798410	887
atlas_5e3e_A_R3_w000003_f03	108798410	108855726	887
atlas_5e3e_A_R3_w000003_f04	108855726	108912931	887
atlas_5e3e_A_R3_w000003_f05	108912931	108970193	887
atlas_5e3e_A_R3_w000003_f06	108970193	109027401	887
atlas_5e3e_A_R3_w000003_f07	109027401	109084586	887
atlas_5e3e_A_R3_w000003_f08	109084586	109141873	887
atlas_5e3e_A_R3_w000003_f09	109141873	109198987	887
atlas_5e3e_A_R3_w000003_f10	109198987	109256113	887
atlas_5e3e_A_R3_w000003_f11	109256113	109313355	887
atlas_5e3e_A_R3_w000003_f12	109313355	109370601	887
atlas_5e3e_A_R3_w000003_f13	109370601	109427779	887
atlas_5e3e_A_R3_w000003_f14	109427779	109484872	887
atlas_5e3e_A_R3_w000004_f00	109484872	109536698	887
atlas_5e3e_A_R3_w000004_f01	109536698	109593303	887
atlas_5e3e_A_R3_w000004_f02	109593303	109649842	887
atlas_5e3e_A_R3_w000004_f03	109649842	109706377	887
atlas_5e3e_A_R3_w000004_f04	109706377	109762898	887
atlas_5e3e_A_R3_w000004_f05	109762898	109819477	887
atlas_5e3e_A_R3_w000004_f06	109819477	109876227	887
atlas_5e3e_A_R3_w000004_f07	109876227	109932938	887
atlas_5e3e_A_R3_w000004_f08	109932938	109989600	887
atlas_5e3e_A_R3_w000004_f09	109989600	110046296	887
atlas_5e3e_A_R3_w000004_f10	110046296	110102971	887
atlas_5e3e_A_R3_w000004_f11	110102971	110159572	887
atlas_5e3e_A_R3_w000004_f12	110159572	110216113	887
atlas_5e3e_A_R3_w000004_f13	110216113	110272719	887
atlas_5e3e_A_R3_w000004_f14	110272719	110329399	887
atlas_5e3e_A_R3_w000005_f00	110329399	110381334	887
atlas_5e3e_A_R3_w000005_f01	110381334	110438494	887
atlas_5e3e_A_R3_w000005_f02	110438494	110495714	887
atlas_5e3e_A_R3_w000005_f03	110495714	110552969	887
atlas_5e3e_A_R3_w000005_f04	110552969	110610245	887
atlas_5e3e_A_R3_w000005_f05	110610245	110667587	887
atlas_5e3e_A_R3_w000005_f06	110667587	110724898	887
atlas_5e3e_A_R3_w000005_f07	110724898	110782036	887
atlas_5e3e_A_R3_w000005_f08	110782036	110839275	887
atlas_5e3e_A_R3_w000005_f09	110839275	110896621	887
atlas_5e3e_A_R3_w000005_f10	110896621	110953888	887
atlas_5e3e_A_R3_w000005_f11	110953888	111011126	887
atlas_5e3e_A_R3_w000005_f12	111011126	111068434	887
atlas_5e3e_A_R3_w000005_f13	111068434	111125769	887
atlas_5e3e_A_R3_w000005_f14	111125769	111183084	887
atlas_5e3e_A_R3_w000006_f00	111183084	111234848	887
atlas_5e3e_A_R3_w000006_f01	111234848	111291534	887
atlas_5e3e_A_R3_w000006_f02	111291534	111348187	887
atlas_5e3e_A_R3_w000006_f03	111348187	111404848	887
atlas_5e3e_A_R3_w000006_f04	111404848	111461511	887
atlas_5e3e_A_R3_w000006_f05	111461511	111518000	887
atlas_5e3e_A_R3_w000006_f06	111518000	111574611	887
atlas_5e3e_A_R3_w000006_f07	111574611	111631400	887
atlas_5e3e_A_R3_w000006_f08	111631400	111688060	887
atlas_5e3e_A_R3_w000006_f09	111688060	111744626	887
atlas_5e3e_A_R3_w000006_f10	111744626	111801301	887
atlas_5e3e_A_R3_w000006_f11	111801301	111858141	887
atlas_5e3e_A_R3_w000006_f12	111858141	111914867	887
atlas_5e3e_A_R3_w000006_f13	111914867	111971593	887
atlas_5e3e_A_R3_w000006_f14	111971593	112028344	887
atlas_5e3e_A_R3_w000007_f00	112028344	112079969	887
atlas_5e3e_A_R3_w000007_f01	112079969	112136694	887
atlas_5e3e_A_R3_w000007_f02	112136694	112193427	887
atlas_5e3e_A_R3_w000007_f03	112193427	112250135	887
atlas_5e3e_A_R3_w000007_f04	112250135	112306745	887
atlas_5e3e_A_R3_w000007_f05	112306745	112363413	887
atlas_5e3e_A_R3_w000007_f06	112363413	112420033	887
atlas_5e3e_A_R3_w000007_f07	112420033	112476577	887
atlas_5e3e_A_R3_w000007_f08	112476577	112533303	887
atlas_5e3e_A_R3_w000007_f09	112533303	112590185	887
atlas_5e3e_A_R3_w000007_f10	112590185	112646938	887
atlas_5e3e_A_R3_w000007_f11	112646938	112703622	887
atlas_5e3e_A_R3_w000007_f12	112703622	112760453	887
atlas_5e3e_A_R3_w000007_f13	112760453	112817287	887
atlas_5e3e_A_R3_w000007_f14	112817287	112873986	887
atlas_5e3e_A_R3_w000008_f00	112873986	112926805	887
atlas_5e3e_A_R3_w000008_f01	112926805	112984815	887
atlas_5e3e_A_R3_w000008_f02	112984815	113042921	887
atlas_5e3e_A_R3_w000008_f03	113042921	113100964	887
atlas_5e3e_A_R3_w000008_f04	113100964	113158881	887
atlas_5e3e_A_R3_w000008_f05	113158881	113216768	887
atlas_5e3e_A_R3_w000008_f06	113216768	113274672	887
atlas_5e3e_A_R3_w000008_f07	113274672	113332485	887
atlas_5e3e_A_R3_w000008_f08	113332485	113390359	887
atlas_5e3e_A_R3_w000008_f09	113390359	113448254	887
atlas_5e3e_A_R3_w000008_f10	113448254	113506214	887
atlas_5e3e_A_R3_w000008_f11	113506214	113564218	887
atlas_5e3e_A_R3_w000008_f12	113564218	113622292	887
atlas_5e3e_A_R3_w000008_f13	113622292	113680259	887
atlas_5e3e_A_R3_w000008_f14	113680259	113738143	887
atlas_5e3e_A_R3_w000009_f00	113738143	113790346	887
atlas_5e3e_A_R3_w000009_f01	113790346	113847861	887
atlas_5e3e_A_R3_w000009_f02	113847861	113905453	887
atlas_5e3e_A_R3_w000009_f03	113905453	113963097	887
atlas_5e3e_A_R3_w000009_f04	113963097	114020767	887
atlas_5e3e_A_R3_w000009_f05	114020767	114078505	887
atlas_5e3e_A_R3_w000009_f06	114078505	114136089	887
atlas_5e3e_A_R3_w000009_f07	114136089	114193699	887
atlas_5e3e_A_R3_w000009_f08	114193699	114251355	887
atlas_5e3e_A_R3_w000009_f09	114251355	114308943	887
atlas_5e3e_A_R3_w000009_f10	114308943	114366445	887
atlas_5e3e_A_R3_w000009_f11	114366445	114423964	887
atlas_5e3e_A_R3_w000009_f12	114423964	114481472	887
atlas_5e3e_A_R3_w000009_f13	114481472	114539052	887
atlas_5e3e_A_R3_w000009_f14	114539052	114596569	887
atlas_5e3e_A_R3_w000010_f00	114596569	114649192	887
atlas_5e3e_A_R3_w000010_f01	114649192	114706735	887
atlas_5e3e_A_R3_w000010_f02	114706735	114764233	887
atlas_5e3e_A_R3_w000010_f03	114764233	114821882	887
atlas_5e3e_A_R3_w000010_f04	114821882	114879541	887
atlas_5e3e_A_R3_w000010_f05	114879541	114937037	887
atlas_5e3e_A_R3_w000010_f06	114937037	114994493	887
atlas_5e3e_A_R3_w000010_f07	114994493	115052084	887
atlas_5e3e_A_R3_w000010_f08	115052084	115109725	887
atlas_5e3e_A_R3_w000010_f09	115109725	115167400	887
atlas_5e3e_A_R3_w000010_f10	115167400	115225065	887
atlas_5e3e_A_R3_w000010_f11	115225065	115282706	887
atlas_5e3e_A_R3_w000010_f12	115282706	115340275	887
atlas_5e3e_A_R3_w000010_f13	115340275	115397820	887
atlas_5e3e_A_R3_w000010_f14	115397820	115455381	887
atlas_5e3e_A_R3_w000011_f00	115455381	115507493	887
atlas_5e3e_A_R3_w000011_f01	115507493	115565017	887
atlas_5e3e_A_R3_w000011_f02	115565017	115622674	887
atlas_5e3e_A_R3_w000011_f03	115622674	115680344	887
atlas_5e3e_A_R3_w000011_f04	115680344	115737908	887
atlas_5e3e_A_R3_w000011_f05	115737908	115795499	887
atlas_5e3e_A_R3_w000011_f06	115795499	115853175	887
atlas_5e3e_A_R3_w000011_f07	115853175	115910886	887
atlas_5e3e_A_R3_w000011_f08	115910886	115968646	887
atlas_5e3e_A_R3_w000011_f09	115968646	116026373	887
atlas_5e3e_A_R3_w000011_f10	116026373	116084116	887
atlas_5e3e_A_R3_w000011_f11	116084116	116141959	887
atlas_5e3e_A_R3_w000011_f12	116141959	116199740	887
atlas_5e3e_A_R3_w000011_f13	116199740	116257348	887
atlas_5e3e_A_R3_w000011_f14	116257348	116315017	887
atlas_5e3e_A_R3_w000012_f00	116315017	116367238	887
atlas_5e3e_A_R3_w000012_f01	116367238	116424551	887
atlas_5e3e_A_R3_w000012_f02	116424551	116481895	887
atlas_5e3e_A_R3_w000012_f03	116481895	116539227	887
atlas_5e3e_A_R3_w000012_f04	116539227	116596535	887
atlas_5e3e_A_R3_w000012_f05	116596535	116653825	887
atlas_5e3e_A_R3_w000012_f06	116653825	116711151	887
atlas_5e3e_A_R3_w000012_f07	116711151	116768485	887
atlas_5e3e_A_R3_w000012_f08	116768485	116825836	887
atlas_5e3e_A_R3_w000012_f09	116825836	116883102	887
atlas_5e3e_A_R3_w000012_f10	116883102	116940355	887
atlas_5e3e_A_R3_w000012_f11	116940355	116997778	887
atlas_5e3e_A_R3_w000012_f12	116997778	117055215	887
atlas_5e3e_A_R3_w000012_f13	117055215	117112337	887
atlas_5e3e_A_R3_w000012_f14	117112337	117169444	887
atlas_5e3e_A_R3_w000013_f00	117169444	117221852	887
atlas_5e3e_A_R3_w000013_f01	117221852	117279573	887
atlas_5e3e_A_R3_w000013_f02	117279573	117337250	887
atlas_5e3e_A_R3_w000013_f03	117337250	117394928	887
atlas_5e3e_A_R3_w000013_f04	117394928	117452652	887
atlas_5e3e_A_R3_w000013_f05	117452652	117510245	887
atlas_5e3e_A_R3_w000013_f06	117510245	117567899	887
atlas_5e3e_A_R3_w000013_f07	117567899	117625460	887
atlas_5e3e_A_R3_w000013_f08	117625460	117683042	887
atlas_5e3e_A_R3_w000013_f09	117683042	117740673	887
atlas_5e3e_A_R3_w000013_f10	117740673	117798343	887
atlas_5e3e_A_R3_w000013_f11	117798343	117856046	887
atlas_5e3e_A_R3_w000013_f12	117856046	117913627	887
atlas_5e3e_A_R3_w000013_f13	117913627	117971187	887
atlas_5e3e_A_R3_w000013_f14	117971187	118028866	887
atlas_5e3e_A_R3_w000014_f00	118028866	118080524	887
atlas_5e3e_A_R3_w000014_f01	118080524	118137245	887
atlas_5e3e_A_R3_w000014_f02	118137245	118193814	887
atlas_5e3e_A_R3_w000014_f03	118193814	118250382	887
atlas_5e3e_A_R3_w000014_f04	118250382	118307230	887
atlas_5e3e_A_R3_w000014_f05	118307230	118364100	887
atlas_5e3e_A_R3_w000014_f06	118364100	118420825	887
atlas_5e3e_A_R3_w000014_f07	118420825	118477496	887
atlas_5e3e_A_R3_w000014_f08	118477496	118534263	887
atlas_5e3e_A_R3_w000014_f09	118534263	118591055	887
atlas_5e3e_A_R3_w000014_f10	118591055	118647756	887
atlas_5e3e_A_R3_w000014_f11	118647756	118704417	887
atlas_5e3e_A_R3_w000014_f12	118704417	118761087	887
atlas_5e3e_A_R3_w000014_f13	118761087	118817736	887
atlas_5e3e_A_R3_w000014_f14	118817736	118874389	887
atlas_5e3e_A_R3_w000015_f00	118874389	118926422	887
atlas_5e3e_A_R3_w000015_f01	118926422	118983530	887
atlas_5e3e_A_R3_w000015_f02	118983530	119040535	887
atlas_5e3e_A_R3_w000015_f03	119040535	119097454	887
atlas_5e3e_A_R3_w000015_f04	119097454	119154348	887
atlas_5e3e_A_R3_w000015_f05	119154348	119211357	887
atlas_5e3e_A_R3_w000015_f06	119211357	119268444	887
atlas_5e3e_A_R3_w000015_f07	119268444	119325494	887
atlas_5e3e_A_R3_w000015_f08	119325494	119382665	887
atlas_5e3e_A_R3_w000015_f09	119382665	119440023	887
atlas_5e3e_A_R3_w000015_f10	119440023	119497401	887
atlas_5e3e_A_R3_w000015_f11	119497401	119554617	887
atlas_5e3e_A_R3_w000015_f12	119554617	119611746	887
atlas_5e3e_A_R3_w000015_f13	119611746	119668852	887
atlas_5e3e_A_R3_w000015_f14	119668852	119725919	887
atlas_5e3e_A_R3_w000016_f00	119725919	119777760	887
atlas_5e3e_A_R3_w000016_f01	119777760	119834901	887
atlas_5e3e_A_R3_w000016_f02	119834901	119892127	887
atlas_5e3e_A_R3_w000016_f03	119892127	119949097	887
atlas_5e3e_A_R3_w000016_f04	119949097	120006049	887
atlas_5e3e_A_R3_w000016_f05	120006049	120063169	887
atlas_5e3e_A_R3_w000016_f06	120063169	120120229	887
atlas_5e3e_A_R3_w000016_f07	120120229	120177323	887
atlas_5e3e_A_R3_w000016_f08	120177323	120234410	887
atlas_5e3e_A_R3_w000016_f09	120234410	120291452	887
atlas_5e3e_A_R3_w000016_f10	120291452	120348432	887
atlas_5e3e_A_R3_w000016_f11	120348432	120405518	887
atlas_5e3e_A_R3_w000016_f12	120405518	120462620	887
atlas_5e3e_A_R3_w000016_f13	120462620	120519721	887
atlas_5e3e_A_R3_w000016_f14	120519721	120576760	887
atlas_5e3e_A_R3_w000017_f00	120576760	120629211	887
atlas_5e3e_A_R3_w000017_f01	120629211	120686859	887
atlas_5e3e_A_R3_w000017_f02	120686859	120744533	887
atlas_5e3e_A_R3_w000017_f03	120744533	120802164	887
atlas_5e3e_A_R3_w000017_f04	120802164	120859803	887
atlas_5e3e_A_R3_w000017_f05	120859803	120917381	887
atlas_5e3e_A_R3_w000017_f06	120917381	120975041	887
atlas_5e3e_A_R3_w000017_f07	120975041	121032685	887
atlas_5e3e_A_R3_w000017_f08	121032685	121090409	887
atlas_5e3e_A_R3_w000017_f09	121090409	121148141	887
atlas_5e3e_A_R3_w000017_f10	121148141	121205747	887
atlas_5e3e_A_R3_w000017_f11	121205747	121263453	887
atlas_5e3e_A_R3_w000017_f12	121263453	121321189	887
atlas_5e3e_A_R3_w000017_f13	121321189	121378796	887
atlas_5e3e_A_R3_w000017_f14	121378796	121436414	887
atlas_5e3e_A_R3_w000018_f00	121436414	121488819	887
atlas_5e3e_A_R3_w000018_f01	121488819	121546407	887
atlas_5e3e_A_R3_w000018_f02	121546407	121604018	887
atlas_5e3e_A_R3_w000018_f03	121604018	121661666	887
atlas_5e3e_A_R3_w000018_f04	121661666	121719387	887
atlas_5e3e_A_R3_w000018_f05	121719387	121777126	887
atlas_5e3e_A_R3_w000018_f06	121777126	121834741	887
atlas_5e3e_A_R3_w000018_f07	121834741	121892333	887
atlas_5e3e_A_R3_w000018_f08	121892333	121950044	887
atlas_5e3e_A_R3_w000018_f09	121950044	122007688	887
atlas_5e3e_A_R3_w000018_f10	122007688	122065334	887
atlas_5e3e_A_R3_w000018_f11	122065334	122122986	887
atlas_5e3e_A_R3_w000018_f12	122122986	122180604	887
atlas_5e3e_A_R3_w000018_f13	122180604	122238223	887
atlas_5e3e_A_R3_w000018_f14	122238223	122295846	887
atlas_5e3e_A_R3_w000019_f00	122295846	122348006	887
atlas_5e3e_A_R3_w000019_f01	122348006	122405518	887
atlas_5e3e_A_R3_w000019_f02	122405518	122462997	887
atlas_5e3e_A_R3_w000019_f03	122462997	122520711	887
atlas_5e3e_A_R3_w000019_f04	122520711	122578312	887
atlas_5e3e_A_R3_w000019_f05	122578312	122635947	887
atlas_5e3e_A_R3_w000019_f06	122635947	122693633	887
atlas_5e3e_A_R3_w000019_f07	122693633	122751352	887
atlas_5e3e_A_R3_w000019_f08	122751352	122809103	887
atlas_5e3e_A_R3_w000019_f09	122809103	122866760	887
atlas_5e3e_A_R3_w000019_f10	122866760	122924419	887
atlas_5e3e_A_R3_w000019_f11	122924419	122982093	887
atlas_5e3e_A_R3_w000019_f12	122982093	123039672	887
atlas_5e3e_A_R3_w000019_f13	123039672	123097170	887
atlas_5e3e_A_R3_w000019_f14	123097170	123154724	887
atlas_5e3e_A_R3_w000020_f00	123154724	123207385	887
atlas_5e3e_A_R3_w000020_f01	123207385	123265456	887
atlas_5e3e_A_R3_w000020_f02	123265456	123323573	887
atlas_5e3e_A_R3_w000020_f03	123323573	123381658	887
atlas_5e3e_A_R3_w000020_f04	123381658	123439661	887
atlas_5e3e_A_R3_w000020_f05	123439661	123497646	887
atlas_5e3e_A_R3_w000020_f06	123497646	123555597	887
atlas_5e3e_A_R3_w000020_f07	123555597	123613558	887
atlas_5e3e_A_R3_w000020_f08	123613558	123671545	887
atlas_5e3e_A_R3_w000020_f09	123671545	123729489	887
atlas_5e3e_A_R3_w000020_f10	123729489	123787397	887
atlas_5e3e_A_R3_w000020_f11	123787397	123845373	887
atlas_5e3e_A_R3_w000020_f12	123845373	123903439	887
atlas_5e3e_A_R3_w000020_f13	123903439	123961584	887
atlas_5e3e_A_R3_w000020_f14	123961584	124019652	887
atlas_5e3e_A_R3_w000021_f00	124019652	124072259	887
atlas_5e3e_A_R3_w000021_f01	124072259	124129954	887
atlas_5e3e_A_R3_w000021_f02	124129954	124187700	887
atlas_5e3e_A_R3_w000021_f03	124187700	124245353	887
atlas_5e3e_A_R3_w000021_f04	124245353	124302945	887
atlas_5e3e_A_R3_w000021_f05	124302945	124360633	887
atlas_5e3e_A_R3_w000021_f06	124360633	124418347	887
atlas_5e3e_A_R3_w000021_f07	124418347	124475986	887
atlas_5e3e_A_R3_w000021_f08	124475986	124533682	887
atlas_5e3e_A_R3_w000021_f09	124533682	124591467	887
atlas_5e3e_A_R3_w000021_f10	124591467	124649097	887
atlas_5e3e_A_R3_w000021_f11	124649097	124706843	887
atlas_5e3e_A_R3_w000021_f12	124706843	124764668	887
atlas_5e3e_A_R3_w000021_f13	124764668	124822516	887
atlas_5e3e_A_R3_w000021_f14	124822516	124880251	887
atlas_5e3e_A_R3_w000022_f00	124880251	124932464	887
atlas_5e3e_A_R3_w000022_f01	124932464	124989540	887
atlas_5e3e_A_R3_w000022_f02	124989540	125046683	887
atlas_5e3e_A_R3_w000022_f03	125046683	125103957	887
atlas_5e3e_A_R3_w000022_f04	125103957	125161201	887
atlas_5e3e_A_R3_w000022_f05	125161201	125218465	887
atlas_5e3e_A_R3_w000022_f06	125218465	125275745	887
atlas_5e3e_A_R3_w000022_f07	125275745	125332991	887
atlas_5e3e_A_R3_w000022_f08	125332991	125390240	887
atlas_5e3e_A_R3_w000022_f09	125390240	125447598	887
atlas_5e3e_A_R3_w000022_f10	125447598	125504890	887
atlas_5e3e_A_R3_w000022_f11	125504890	125562203	887
atlas_5e3e_A_R3_w000022_f12	125562203	125619558	887
atlas_5e3e_A_R3_w000022_f13	125619558	125676903	887
atlas_5e3e_A_R3_w000022_f14	125676903	125734268	887
atlas_5e3e_A_R3_w000023_f00	125734268	125786925	887
atlas_5e3e_A_R3_w000023_f01	125786925	125844901	887
atlas_5e3e_A_R3_w000023_f02	125844901	125902939	887
atlas_5e3e_A_R3_w000023_f03	125902939	125960910	887
atlas_5e3e_A_R3_w000023_f04	125960910	126018892	887
atlas_5e3e_A_R3_w000023_f05	126018892	126076891	887
atlas_5e3e_A_R3_w000023_f06	126076891	126134898	887
atlas_5e3e_A_R3_w000023_f07	126134898	126192943	887
atlas_5e3e_A_R3_w000023_f08	126192943	126250973	887
atlas_5e3e_A_R3_w000023_f09	126250973	126309032	887
atlas_5e3e_A_R3_w000023_f10	126309032	126367038	887
atlas_5e3e_A_R3_w000023_f11	126367038	126425050	887
atlas_5e3e_A_R3_w000023_f12	126425050	126483093	887
atlas_5e3e_A_R3_w000023_f13	126483093	126540979	887
atlas_5e3e_A_R3_w000023_f14	126540979	126598807	887
atlas_5e3e_A_R3_w000024_f00	126598807	126651505	887
atlas_5e3e_A_R3_w000024_f01	126651505	126709054	887
atlas_5e3e_A_R3_w000024_f02	126709054	126766571	887
atlas_5e3e_A_R3_w000024_f03	126766571	126824080	887
atlas_5e3e_A_R3_w000024_f04	126824080	126881681	887
atlas_5e3e_A_R3_w000024_f05	126881681	126939347	887
atlas_5e3e_A_R3_w000024_f06	126939347	126996986	887
atlas_5e3e_A_R3_w000024_f07	126996986	127054652	887
atlas_5e3e_A_R3_w000024_f08	127054652	127112397	887
atlas_5e3e_A_R3_w000024_f09	127112397	127170133	887
atlas_5e3e_A_R3_w000024_f10	127170133	127227817	887
atlas_5e3e_A_R3_w000024_f11	127227817	127285446	887
atlas_5e3e_A_R3_w000024_f12	127285446	127343082	887
atlas_5e3e_A_R3_w000024_f13	127343082	127400700	887
atlas_5e3e_A_R3_w000024_f14	127400700	127458361	887
atlas_5e3e_A_R3_w000025_f00	127458361	127511201	887
atlas_5e3e_A_R3_w000025_f01	127511201	127568968	887
atlas_5e3e_A_R3_w000025_f02	127568968	127626592	887
atlas_5e3e_A_R3_w000025_f03	127626592	127684114	887
atlas_5e3e_A_R3_w000025_f04	127684114	127741757	887
atlas_5e3e_A_R3_w000025_f05	127741757	127799547	887
atlas_5e3e_A_R3_w000025_f06	127799547	127857128	887
atlas_5e3e_A_R3_w000025_f07	127857128	127914750	887
atlas_5e3e_A_R3_w000025_f08	127914750	127972576	887
atlas_5e3e_A_R3_w000025_f09	127972576	128030368	887
atlas_5e3e_A_R3_w000025_f10	128030368	128088079	887
atlas_5e3e_A_R3_w000025_f11	128088079	128145835	887
atlas_5e3e_A_R3_w000025_f12	128145835	128203465	887
atlas_5e3e_A_R3_w000025_f13	128203465	128261092	887
atlas_5e3e_A_R3_w000025_f14	128261092	128318798	887
atlas_5e3e_A_R3_w000026_f00	128318798	128370989	887
atlas_5e3e_A_R3_w000026_f01	128370989	128428225	887
atlas_5e3e_A_R3_w000026_f02	128428225	128485495	887
atlas_5e3e_A_R3_w000026_f03	128485495	128542856	887
atlas_5e3e_A_R3_w000026_f04	128542856	128600208	887
atlas_5e3e_A_R3_w000026_f05	128600208	128657470	887
atlas_5e3e_A_R3_w000026_f06	128657470	128714799	887
atlas_5e3e_A_R3_w000026_f07	128714799	128772095	887
atlas_5e3e_A_R3_w000026_f08	128772095	128829295	887
atlas_5e3e_A_R3_w000026_f09	128829295	128886552	887
atlas_5e3e_A_R3_w000026_f10	128886552	128943929	887
atlas_5e3e_A_R3_w000026_f11	128943929	129001058	887
atlas_5e3e_A_R3_w000026_f12	129001058	129058185	887
atlas_5e3e_A_R3_w000026_f13	129058185	129115458	887
atlas_5e3e_A_R3_w000026_f14	129115458	129172765	887
atlas_5e3e_A_R3_w000027_f00	129172765	129224907	887
atlas_5e3e_A_R3_w000027_f01	129224907	129282491	887
atlas_5e3e_A_R3_w000027_f02	129282491	129340115	887
atlas_5e3e_A_R3_w000027_f03	129340115	129397726	887
atlas_5e3e_A_R3_w000027_f04	129397726	129455255	887
atlas_5e3e_A_R3_w000027_f05	129455255	129512789	887
atlas_5e3e_A_R3_w000027_f06	129512789	129570320	887
atlas_5e3e_A_R3_w000027_f07	129570320	129627909	887
atlas_5e3e_A_R3_w000027_f08	129627909	129685443	887
atlas_5e3e_A_R3_w000027_f09	129685443	129742927	887
atlas_5e3e_A_R3_w000027_f10	129742927	129800493	887
atlas_5e3e_A_R3_w000027_f11	129800493	129858071	887
atlas_5e3e_A_R3_w000027_f12	129858071	129915649	887
atlas_5e3e_A_R3_w000027_f13	129915649	129973169	887
atlas_5e3e_A_R3_w000027_f14	129973169	130030648	887
atlas_5e3e_A_R3_w000028_f00	130030648	130083167	887
atlas_5e3e_A_R3_w000028_f01	130083167	130140856	887
atlas_5e3e_A_R3_w000028_f02	130140856	130198541	887
atlas_5e3e_A_R3_w000028_f03	130198541	130256269	887
atlas_5e3e_A_R3_w000028_f04	130256269	130314062	887
atlas_5e3e_A_R3_w000028_f05	130314062	130371795	887
atlas_5e3e_A_R3_w000028_f06	130371795	130429592	887
atlas_5e3e_A_R3_w000028_f07	130429592	130487369	887
atlas_5e3e_A_R3_w000028_f08	130487369	130545050	887
atlas_5e3e_A_R3_w000028_f09	130545050	130602787	887
atlas_5e3e_A_R3_w000028_f10	130602787	130660571	887
atlas_5e3e_A_R3_w000028_f11	130660571	130718320	887
atlas_5e3e_A_R3_w000028_f12	130718320	130775999	887
atlas_5e3e_A_R3_w000028_f13	130775999	130833722	887
atlas_5e3e_A_R3_w000028_f14	130833722	130891456	887
atlas_5e3e_A_R3_w000029_f00	130891456	130943457	887
atlas_5e3e_A_R3_w000029_f01	130943457	131000616	887
atlas_5e3e_A_R3_w000029_f02	131000616	131057716	887
atlas_5e3e_A_R3_w000029_f03	131057716	131114860	887
atlas_5e3e_A_R3_w000029_f04	131114860	131172045	887
atlas_5e3e_A_R3_w000029_f05	131172045	131229286	887
atlas_5e3e_A_R3_w000029_f06	131229286	131286537	887
atlas_5e3e_A_R3_w000029_f07	131286537	131343611	887
atlas_5e3e_A_R3_w000029_f08	131343611	131400696	887
atlas_5e3e_A_R3_w000029_f09	131400696	131457965	887
atlas_5e3e_A_R3_w000029_f10	131457965	131515146	887
atlas_5e3e_A_R3_w000029_f11	131515146	131572317	887
atlas_5e3e_A_R3_w000029_f12	131572317	131629460	887
atlas_5e3e_A_R3_w000029_f13	131629460	131686653	887
atlas_5e3e_A_R3_w000029_f14	131686653	131744050	887
atlas_5e3e_A_R3_w000030_f00	131744050	131796817	887
atlas_5e3e_A_R3_w000030_f01	131796817	131854476	887
atlas_5e3e_A_R3_w000030_f02	131854476	131912143	887
atlas_5e3e_A_R3_w000030_f03	131912143	131969826	887
atlas_5e3e_A_R3_w000030_f04	131969826	132027437	887
atlas_5e3e_A_R3_w000030_f05	132027437	132085103	887
atlas_5e3e_A_R3_w000030_f06	132085103	132142742	887
atlas_5e3e_A_R3_w000030_f07	132142742	132200408	887
atlas_5e3e_A_R3_w000030_f08	132200408	132258145	887
atlas_5e3e_A_R3_w000030_f09	132258145	132315797	887
atlas_5e3e_A_R3_w000030_f10	132315797	132373367	887
atlas_5e3e_A_R3_w000030_f11	132373367	132430943	887
atlas_5e3e_A_R3_w000030_f12	132430943	132488556	887
atlas_5e3e_A_R3_w000030_f13	132488556	132546238	887
atlas_5e3e_A_R3_w000030_f14	132546238	132603886	887
atlas_5e3e_A_R3_w000031_f00	132603886	132656231	887
atlas_5e3e_A_R3_w000031_f01	132656231	132713557	887
atlas_5e3e_A_R3_w000031_f02	132713557	132770782	887
atlas_5e3e_A_R3_w000031_f03	132770782	132827922	887
atlas_5e3e_A_R3_w000031_f04	132827922	132885103	887
atlas_5e3e_A_R3_w000031_f05	132885103	132942256	887
atlas_5e3e_A_R3_w000031_f06	132942256	132999328	887
atlas_5e3e_A_R3_w000031_f07	132999328	133056491	887
atlas_5e3e_A_R3_w000031_f08	133056491	133113643	887
atlas_5e3e_A_R3_w000031_f09	133113643	133170750	887
atlas_5e3e_A_R3_w000031_f10	133170750	133227822	887
atlas_5e3e_A_R3_w000031_f11	133227822	133284940	887
atlas_5e3e_A_R3_w000031_f12	133284940	133342131	887
atlas_5e3e_A_R3_w000031_f13	133342131	133399325	887
atlas_5e3e_A_R3_w000031_f14	133399325	133456472	887
atlas_5e3e_A_R3_w000032_f00	133456472	133509066	887
atlas_5e3e_A_R3_w000032_f01	133509066	133566583	887
atlas_5e3e_A_R3_w000032_f02	133566583	133624079	887
atlas_5e3e_A_R3_w000032_f03	133624079	133681582	887
atlas_5e3e_A_R3_w000032_f04	133681582	133739251	887
atlas_5e3e_A_R3_w000032_f05	133739251	133796921	887
atlas_5e3e_A_R3_w000032_f06	133796921	133854547	887
atlas_5e3e_A_R3_w000032_f07	133854547	133912213	887
atlas_5e3e_A_R3_w000032_f08	133912213	133969684	887
atlas_5e3e_A_R3_w000032_f09	133969684	134027137	887
atlas_5e3e_A_R3_w000032_f10	134027137	134084741	887
atlas_5e3e_A_R3_w000032_f11	134084741	134142492	887
atlas_5e3e_A_R3_w000032_f12	134142492	134200323	887
atlas_5e3e_A_R3_w000032_f13	134200323	134258018	887
atlas_5e3e_A_R3_w000032_f14	134258018	134315544	887
atlas_5e3e_A_R3_w000033_f00	134315544	134367626	887
atlas_5e3e_A_R3_w000033_f01	134367626	134425022	887
atlas_5e3e_A_R3_w000033_f02	134425022	134482380	887
atlas_5e3e_A_R3_w000033_f03	134482380	134539564	887
atlas_5e3e_A_R3_w000033_f04	134539564	134596650	887
atlas_5e3e_A_R3_w000033_f05	134596650	134653835	887
atlas_5e3e_A_R3_w000033_f06	134653835	134711064	887
atlas_5e3e_A_R3_w000033_f07	134711064	134768291	887
atlas_5e3e_A_R3_w000033_f08	134768291	134825507	887
atlas_5e3e_A_R3_w000033_f09	134825507	134882669	887
atlas_5e3e_A_R3_w000033_f10	134882669	134939896	887
atlas_5e3e_A_R3_w000033_f11	134939896	134997126	887
atlas_5e3e_A_R3_w000033_f12	134997126	135054333	887
atlas_5e3e_A_R3_w000033_f13	135054333	135111522	887
atlas_5e3e_A_R3_w000033_f14	135111522	135168797	887
atlas_5e3e_A_R3_w000034_f00	135168797	135221986	887
atlas_5e3e_A_R3_w000034_f01	135221986	135280117	887
atlas_5e3e_A_R3_w000034_f02	135280117	135338143	887
atlas_5e3e_A_R3_w000034_f03	135338143	135396130	887
atlas_5e3e_A_R3_w000034_f04	135396130	135454125	887
atlas_5e3e_A_R3_w000034_f05	135454125	135512033	887
atlas_5e3e_A_R3_w000034_f06	135512033	135569999	887
atlas_5e3e_A_R3_w000034_f07	135569999	135628078	887
atlas_5e3e_A_R3_w000034_f08	135628078	135686144	887
atlas_5e3e_A_R3_w000034_f09	135686144	135744231	887
atlas_5e3e_A_R3_w000034_f10	135744231	135802359	887
atlas_5e3e_A_R3_w000034_f11	135802359	135860485	887
atlas_5e3e_A_R3_w000034_f12	135860485	135918565	887
atlas_5e3e_A_R3_w000034_f13	135918565	135976706	887
atlas_5e3e_A_R3_w000034_f14	135976706	136034835	887
atlas_5e3e_A_R3_w000035_f00	136034835	136086807	887
atlas_5e3e_A_R3_w000035_f01	136086807	136143975	887
atlas_5e3e_A_R3_w000035_f02	136143975	136201205	887
atlas_5e3e_A_R3_w000035_f03	136201205	136258387	887
atlas_5e3e_A_R3_w000035_f04	136258387	136315417	887
atlas_5e3e_A_R3_w000035_f05	136315417	136372555	887
atlas_5e3e_A_R3_w000035_f06	136372555	136429701	887
atlas_5e3e_A_R3_w000035_f07	136429701	136486789	887
atlas_5e3e_A_R3_w000035_f08	136486789	136543838	887
atlas_5e3e_A_R3_w000035_f09	136543838	136600903	887
atlas_5e3e_A_R3_w000035_f10	136600903	136658001	887
atlas_5e3e_A_R3_w000035_f11	136658001	136715114	887
atlas_5e3e_A_R3_w000035_f12	136715114	136772240	887
atlas_5e3e_A_R3_w000035_f13	136772240	136829321	887
atlas_5e3e_A_R3_w000035_f14	136829321	136886488	887
atlas_5e3e_A_R3_w000036_f00	136886488	136939152	887
atlas_5e3e_A_R3_w000036_f01	136939152	136996744	887
atlas_5e3e_A_R3_w000036_f02	136996744	137054312	887
atlas_5e3e_A_R3_w000036_f03	137054312	137111874	887
atlas_5e3e_A_R3_w000036_f04	137111874	137169443	887
atlas_5e3e_A_R3_w000036_f05	137169443	137227017	887
atlas_5e3e_A_R3_w000036_f06	137227017	137284660	887
atlas_5e3e_A_R3_w000036_f07	137284660	137342340	887
atlas_5e3e_A_R3_w000036_f08	137342340	137399952	887
atlas_5e3e_A_R3_w000036_f09	137399952	137457492	887
atlas_5e3e_A_R3_w000036_f10	137457492	137515064	887
atlas_5e3e_A_R3_w000036_f11	137515064	137572717	887
atlas_5e3e_A_R3_w000036_f12	137572717	137630387	887
atlas_5e3e_A_R3_w000036_f13	137630387	137687979	887
atlas_5e3e_A_R3_w000036_f14	137687979	137745484	887
atlas_5e3e_A_R3_w000037_f00	137745484	137797846	887
atlas_5e3e_A_R3_w000037_f01	137797846	137855234	887
atlas_5e3e_A_R3_w000037_f02	137855234	137912507	887
atlas_5e3e_A_R3_w000037_f03	137912507	137969696	887
atlas_5e3e_A_R3_w000037_f04	137969696	138026990	887
atlas_5e3e_A_R3_w000037_f05	138026990	138084430	887
atlas_5e3e_A_R3_w000037_f06	138084430	138141765	887
atlas_5e3e_A_R3_w000037_f07	138141765	138199046	887
atlas_5e3e_A_R3_w000037_f08	138199046	138256294	887
atlas_5e3e_A_R3_w000037_f09	138256294	138313516	887
atlas_5e3e_A_R3_w000037_f10	138313516	138370793	887
atlas_5e3e_A_R3_w000037_f11	138370793	138428102	887
atlas_5e3e_A_R3_w000037_f12	138428102	138485301	887
atlas_5e3e_A_R3_w000037_f13	138485301	138542666	887
atlas_5e3e_A_R3_w000037_f14	138542666	138600040	887
atlas_5e3e_A_R3_w000038_f00	138600040	138652356	887
atlas_5e3e_A_R3_w000038_f01	138652356	138709541	887
atlas_5e3e_A_R3_w000038_f02	138709541	138766718	887
atlas_5e3e_A_R3_w000038_f03	138766718	138823994	887
atlas_5e3e_A_R3_w000038_f04	138823994	138881326	887
atlas_5e3e_A_R3_w000038_f05	138881326	138938524	887
atlas_5e3e_A_R3_w000038_f06	138938524	138995743	887
atlas_5e3e_A_R3_w000038_f07	138995743	139053005	887
atlas_5e3e_A_R3_w000038_f08	139053005	139110261	887
atlas_5e3e_A_R3_w000038_f09	139110261	139167468	887
atlas_5e3e_A_R3_w000038_f10	139167468	139224648	887
atlas_5e3e_A_R3_w000038_f11	139224648	139281810	887
atlas_5e3e_A_R3_w000038_f12	139281810	139338955	887
atlas_5e3e_A_R3_w000038_f13	139338955	139395970	887
atlas_5e3e_A_R3_w000038_f14	139395970	139453142	887
atlas_5e3e_A_R3_w000039_f00	139453142	139505439	887
atlas_5e3e_A_R3_w000039_f01	139505439	139562767	887
atlas_5e3e_A_R3_w000039_f02	139562767	139620190	887
atlas_5e3e_A_R3_w000039_f03	139620190	139677501	887
atlas_5e3e_A_R3_w000039_f04	139677501	139734622	887
atlas_5e3e_A_R3_w000039_f05	139734622	139791701	887
atlas_5e3e_A_R3_w000039_f06	139791701	139848813	887
atlas_5e3e_A_R3_w000039_f07	139848813	139905999	887
atlas_5e3e_A_R3_w000039_f08	139905999	139963310	887
atlas_5e3e_A_R3_w000039_f09	139963310	140020559	887
atlas_5e3e_A_R3_w000039_f10	140020559	140077688	887
atlas_5e3e_A_R3_w000039_f11	140077688	140134904	887
atlas_5e3e_A_R3_w000039_f12	140134904	140192215	887
atlas_5e3e_A_R3_w000039_f13	140192215	140249486	887
atlas_5e3e_A_R3_w000039_f14	140249486	140306720	887
atlas_5e3e_A_R3_w000040_f00	140306720	140359665	887
atlas_5e3e_A_R3_w000040_f01	140359665	140417611	887
atlas_5e3e_A_R3_w000040_f02	140417611	140475621	887
atlas_5e3e_A_R3_w000040_f03	140475621	140533575	887
atlas_5e3e_A_R3_w000040_f04	140533575	140591524	887
atlas_5e3e_A_R3_w000040_f05	140591524	140649567	887
atlas_5e3e_A_R3_w000040_f06	140649567	140707690	887
atlas_5e3e_A_R3_w000040_f07	140707690	140765666	887
atlas_5e3e_A_R3_w000040_f08	140765666	140823575	887
atlas_5e3e_A_R3_w000040_f09	140823575	140881531	887
atlas_5e3e_A_R3_w000040_f10	140881531	140939451	887
atlas_5e3e_A_R3_w000040_f11	140939451	140997333	887
atlas_5e3e_A_R3_w000040_f12	140997333	141055311	887
atlas_5e3e_A_R3_w000040_f13	141055311	141113293	887
atlas_5e3e_A_R3_w000040_f14	141113293	141171243	887
atlas_5e3e_A_R3_w000041_f00	141171243	141223387	887
atlas_5e3e_A_R3_w000041_f01	141223387	141280655	887
atlas_5e3e_A_R3_w000041_f02	141280655	141338024	887
atlas_5e3e_A_R3_w000041_f03	141338024	141395378	887
atlas_5e3e_A_R3_w000041_f04	141395378	141452670	887
atlas_5e3e_A_R3_w000041_f05	141452670	141509887	887
atlas_5e3e_A_R3_w000041_f06	141509887	141567088	887
atlas_5e3e_A_R3_w000041_f07	141567088	141624334	887
atlas_5e3e_A_R3_w000041_f08	141624334	141681643	887
atlas_5e3e_A_R3_w000041_f09	141681643	141739032	887
atlas_5e3e_A_R3_w000041_f10	141739032	141796276	887
atlas_5e3e_A_R3_w000041_f11	141796276	141853449	887
atlas_5e3e_A_R3_w000041_f12	141853449	141910743	887
atlas_5e3e_A_R3_w000041_f13	141910743	141968116	887
atlas_5e3e_A_R3_w000041_f14	141968116	142025483	887
atlas_5e3e_A_R3_w000042_f00	142025483	142077864	887
atlas_5e3e_A_R3_w000042_f01	142077864	142135576	887
atlas_5e3e_A_R3_w000042_f02	142135576	142193287	887
atlas_5e3e_A_R3_w000042_f03	142193287	142251015	887
atlas_5e3e_A_R3_w000042_f04	142251015	142308691	887
atlas_5e3e_A_R3_w000042_f05	142308691	142366292	887
atlas_5e3e_A_R3_w000042_f06	142366292	142423934	887
atlas_5e3e_A_R3_w000042_f07	142423934	142481576	887
atlas_5e3e_A_R3_w000042_f08	142481576	142539217	887
atlas_5e3e_A_R3_w000042_f09	142539217	142596785	887
atlas_5e3e_A_R3_w000042_f10	142596785	142654333	887
atlas_5e3e_A_R3_w000042_f11	142654333	142712016	887
atlas_5e3e_A_R3_w000042_f12	142712016	142769593	887
atlas_5e3e_A_R3_w000042_f13	142769593	142827180	887
atlas_5e3e_A_R3_w000042_f14	142827180	142884916	887
atlas_5e3e_A_R3_w000043_f00	142884916	142937398	887
atlas_5e3e_A_R3_w000043_f01	142937398	142995337	887
atlas_5e3e_A_R3_w000043_f02	142995337	143053253	887
atlas_5e3e_A_R3_w000043_f03	143053253	143111182	887
atlas_5e3e_A_R3_w000043_f04	143111182	143169097	887
atlas_5e3e_A_R3_w000043_f05	143169097	143227016	887
atlas_5e3e_A_R3_w000043_f06	143227016	143285001	887
atlas_5e3e_A_R3_w000043_f07	143285001	143342940	887
atlas_5e3e_A_R3_w000043_f08	143342940	143400971	887
atlas_5e3e_A_R3_w000043_f09	143400971	143458945	887
atlas_5e3e_A_R3_w000043_f10	143458945	143516822	887
atlas_5e3e_A_R3_w000043_f11	143516822	143574770	887
atlas_5e3e_A_R3_w000043_f12	143574770	143632837	887
atlas_5e3e_A_R3_w000043_f13	143632837	143690799	887
atlas_5e3e_A_R3_w000043_f14	143690799	143748714	887
atlas_5e3e_A_R3_w000044_f00	143748714	143800894	887
atlas_5e3e_A_R3_w000044_f01	143800894	143858482	887
atlas_5e3e_A_R3_w000044_f02	143858482	143916165	887
atlas_5e3e_A_R3_w000044_f03	143916165	143973842	887
atlas_5e3e_A_R3_w000044_f04	143973842	144031480	887
atlas_5e3e_A_R3_w000044_f05	144031480	144089132	887
atlas_5e3e_A_R3_w000044_f06	144089132	144146741	887
atlas_5e3e_A_R3_w000044_f07	144146741	144204408	887
atlas_5e3e_A_R3_w000044_f08	144204408	144262098	887
atlas_5e3e_A_R3_w000044_f09	144262098	144319610	887
atlas_5e3e_A_R3_w000044_f10	144319610	144377097	887
atlas_5e3e_A_R3_w000044_f11	144377097	144434806	887
atlas_5e3e_A_R3_w000044_f12	144434806	144492586	887
atlas_5e3e_A_R3_w000044_f13	144492586	144550294	887
atlas_5e3e_A_R3_w000044_f14	144550294	144608035	887
atlas_5e3e_A_R3_w000045_f00	144608035	144660568	887
atlas_5e3e_A_R3_w000045_f01	144660568	144718254	887
atlas_5e3e_A_R3_w000045_f02	144718254	144775849	887
atlas_5e3e_A_R3_w000045_f03	144775849	144833515	887
atlas_5e3e_A_R3_w000045_f04	144833515	144891250	887
atlas_5e3e_A_R3_w000045_f05	144891250	144948909	887
atlas_5e3e_A_R3_w000045_f06	144948909	145006554	887
atlas_5e3e_A_R3_w000045_f07	145006554	145064216	887
atlas_5e3e_A_R3_w000045_f08	145064216	145121812	887
atlas_5e3e_A_R3_w000045_f09	145121812	145179413	887
atlas_5e3e_A_R3_w000045_f10	145179413	145237034	887
atlas_5e3e_A_R3_w000045_f11	145237034	145294675	887
atlas_5e3e_A_R3_w000045_f12	145294675	145352312	887
atlas_5e3e_A_R3_w000045_f13	145352312	145409900	887
atlas_5e3e_A_R3_w000045_f14	145409900	145467591	887
atlas_5e3e_A_R3_w000046_f00	145467591	145519674	887
atlas_5e3e_A_R3_w000046_f01	145519674	145576967	887
atlas_5e3e_A_R3_w000046_f02	145576967	145634361	887
atlas_5e3e_A_R3_w000046_f03	145634361	145691784	887
atlas_5e3e_A_R3_w000046_f04	145691784	145749169	887
atlas_5e3e_A_R3_w000046_f05	145749169	145806397	887
atlas_5e3e_A_R3_w000046_f06	145806397	145863659	887
atlas_5e3e_A_R3_w000046_f07	145863659	145920878	887
atlas_5e3e_A_R3_w000046_f08	145920878	145978151	887
atlas_5e3e_A_R3_w000046_f09	145978151	146035513	887
atlas_5e3e_A_R3_w000046_f10	146035513	146092825	887
atlas_5e3e_A_R3_w000046_f11	146092825	146150081	887
atlas_5e3e_A_R3_w000046_f12	146150081	146207391	887
atlas_5e3e_A_R3_w000046_f13	146207391	146264821	887
atlas_5e3e_A_R3_w000046_f14	146264821	146322180	887
atlas_5e3e_A_R3_w000047_f00	146322180	146374384	887
atlas_5e3e_A_R3_w000047_f01	146374384	146431375	887
atlas_5e3e_A_R3_w000047_f02	146431375	146488423	887
atlas_5e3e_A_R3_w000047_f03	146488423	146545635	887
atlas_5e3e_A_R3_w000047_f04	146545635	146602814	887
atlas_5e3e_A_R3_w000047_f05	146602814	146659976	887
atlas_5e3e_A_R3_w000047_f06	146659976	146717121	887
atlas_5e3e_A_R3_w000047_f07	146717121	146774277	887
atlas_5e3e_A_R3_w000047_f08	146774277	146831532	887
atlas_5e3e_A_R3_w000047_f09	146831532	146888708	887
atlas_5e3e_A_R3_w000047_f10	146888708	146945855	887
atlas_5e3e_A_R3_w000047_f11	146945855	147003004	887
atlas_5e3e_A_R3_w000047_f12	147003004	147060201	887
atlas_5e3e_A_R3_w000047_f13	147060201	147117401	887
atlas_5e3e_A_R3_w000047_f14	147117401	147174512	887
atlas_5e3e_A_R3_w000048_f00	147174512	147226829	887
atlas_5e3e_A_R3_w000048_f01	147226829	147283925	887
atlas_5e3e_A_R3_w000048_f02	147283925	147341118	887
atlas_5e3e_A_R3_w000048_f03	147341118	147398344	887
atlas_5e3e_A_R3_w000048_f04	147398344	147455574	887
atlas_5e3e_A_R3_w000048_f05	147455574	147512927	887
atlas_5e3e_A_R3_w000048_f06	147512927	147570313	887
atlas_5e3e_A_R3_w000048_f07	147570313	147627658	887
atlas_5e3e_A_R3_w000048_f08	147627658	147684921	887
atlas_5e3e_A_R3_w000048_f09	147684921	147742220	887
atlas_5e3e_A_R3_w000048_f10	147742220	147799508	887
atlas_5e3e_A_R3_w000048_f11	147799508	147856591	887
atlas_5e3e_A_R3_w000048_f12	147856591	147913761	887
atlas_5e3e_A_R3_w000048_f13	147913761	147971096	887
atlas_5e3e_A_R3_w000048_f14	147971096	148028485	887
atlas_5e3e_A_R3_w000049_f00	148028485	148081252	887
atlas_5e3e_A_R3_w000049_f01	148081252	148138994	887
atlas_5e3e_A_R3_w000049_f02	148138994	148196726	887
atlas_5e3e_A_R3_w000049_f03	148196726	148254444	887
atlas_5e3e_A_R3_w000049_f04	148254444	148312193	887
atlas_5e3e_A_R3_w000049_f05	148312193	148369967	887
atlas_5e3e_A_R3_w000049_f06	148369967	148427762	887
atlas_5e3e_A_R3_w000049_f07	148427762	148485586	887
atlas_5e3e_A_R3_w000049_f08	148485586	148543302	887
atlas_5e3e_A_R3_w000049_f09	148543302	148600950	887
atlas_5e3e_A_R3_w000049_f10	148600950	148658541	887
atlas_5e3e_A_R3_w000049_f11	148658541	148716183	887
atlas_5e3e_A_R3_w000049_f12	148716183	148773752	887
atlas_5e3e_A_R3_w000049_f13	148773752	148831346	887
atlas_5e3e_A_R3_w000049_f14	148831346	148888980	887
atlas_5e3e_A_R3_w000050_f00	148888980	148941185	887
atlas_5e3e_A_R3_w000050_f01	148941185	148998496	887
atlas_5e3e_A_R3_w000050_f02	148998496	149055700	887
atlas_5e3e_A_R3_w000050_f03	149055700	149112819	887
atlas_5e3e_A_R3_w000050_f04	149112819	149169978	887
atlas_5e3e_A_R3_w000050_f05	149169978	149227224	887
atlas_5e3e_A_R3_w000050_f06	149227224	149284425	887
atlas_5e3e_A_R3_w000050_f07	149284425	149341631	887
atlas_5e3e_A_R3_w000050_f08	149341631	149398790	887
atlas_5e3e_A_R3_w000050_f09	149398790	149455979	887
atlas_5e3e_A_R3_w000050_f10	149455979	149513195	887
atlas_5e3e_A_R3_w000050_f11	149513195	149570296	887
atlas_5e3e_A_R3_w000050_f12	149570296	149627463	887
atlas_5e3e_A_R3_w000050_f13	149627463	149684685	887
atlas_5e3e_A_R3_w000050_f14	149684685	149742022	887
atlas_5e3e_A_R3_w000051_f00	149742022	149794564	887
atlas_5e3e_A_R3_w000051_f01	149794564	149852166	887
atlas_5e3e_A_R3_w000051_f02	149852166	149909887	887
atlas_5e3e_A_R3_w000051_f03	149909887	149967664	887
atlas_5e3e_A_R3_w000051_f04	149967664	150025354	887
atlas_5e3e_A_R3_w000051_f05	150025354	150082946	887
atlas_5e3e_A_R3_w000051_f06	150082946	150140558	887
atlas_5e3e_A_R3_w000051_f07	150140558	150198268	887
atlas_5e3e_A_R3_w000051_f08	150198268	150255971	887
atlas_5e3e_A_R3_w000051_f09	150255971	150313622	887
atlas_5e3e_A_R3_w000051_f10	150313622	150371315	887
atlas_5e3e_A_R3_w000051_f11	150371315	150428993	887
atlas_5e3e_A_R3_w000051_f12	150428993	150486618	887
atlas_5e3e_A_R3_w000051_f13	150486618	150544299	887
atlas_5e3e_A_R3_w000051_f14	150544299	150601974	887
atlas_5e3e_A_R3_w000052_f00	150601974	150654269	887
atlas_5e3e_A_R3_w000052_f01	150654269	150711843	887
atlas_5e3e_A_R3_w000052_f02	150711843	150769397	887
atlas_5e3e_A_R3_w000052_f03	150769397	150826993	887
atlas_5e3e_A_R3_w000052_f04	150826993	150884670	887
atlas_5e3e_A_R3_w000052_f05	150884670	150942368	887
atlas_5e3e_A_R3_w000052_f06	150942368	150999959	887
atlas_5e3e_A_R3_w000052_f07	150999959	151057577	887
atlas_5e3e_A_R3_w000052_f08	151057577	151115208	887
atlas_5e3e_A_R3_w000052_f09	151115208	151172903	887
atlas_5e3e_A_R3_w000052_f10	151172903	151230626	887
atlas_5e3e_A_R3_w000052_f11	151230626	151288379	887
atlas_5e3e_A_R3_w000052_f12	151288379	151346227	887
atlas_5e3e_A_R3_w000052_f13	151346227	151403889	887
atlas_5e3e_A_R3_w000052_f14	151403889	151461392	887
atlas_5e3e_A_R3_w000053_f00	151461392	151513407	887
atlas_5e3e_A_R3_w000053_f01	151513407	151570573	887
atlas_5e3e_A_R3_w000053_f02	151570573	151627694	887
atlas_5e3e_A_R3_w000053_f03	151627694	151684902	887
atlas_5e3e_A_R3_w000053_f04	151684902	151742061	887
atlas_5e3e_A_R3_w000053_f05	151742061	151799165	887
atlas_5e3e_A_R3_w000053_f06	151799165	151856328	887
atlas_5e3e_A_R3_w000053_f07	151856328	151913531	887
atlas_5e3e_A_R3_w000053_f08	151913531	151970694	887
atlas_5e3e_A_R3_w000053_f09	151970694	152027781	887
atlas_5e3e_A_R3_w000053_f10	152027781	152085095	887
atlas_5e3e_A_R3_w000053_f11	152085095	152142536	887
atlas_5e3e_A_R3_w000053_f12	152142536	152199816	887
atlas_5e3e_A_R3_w000053_f13	152199816	152256961	887
atlas_5e3e_A_R3_w000053_f14	152256961	152314148	887
atlas_5e3e_A_R3_w000054_f00	152314148	152367125	887
atlas_5e3e_A_R3_w000054_f01	152367125	152424969	887
atlas_5e3e_A_R3_w000054_f02	152424969	152482865	887
atlas_5e3e_A_R3_w000054_f03	152482865	152540921	887
atlas_5e3e_A_R3_w000054_f04	152540921	152599008	887
atlas_5e3e_A_R3_w000054_f05	152599008	152657019	887
atlas_5e3e_A_R3_w000054_f06	152657019	152715011	887
atlas_5e3e_A_R3_w000054_f07	152715011	152773089	887
atlas_5e3e_A_R3_w000054_f08	152773089	152831080	887
atlas_5e3e_A_R3_w000054_f09	152831080	152888997	887
atlas_5e3e_A_R3_w000054_f10	152888997	152946961	887
atlas_5e3e_A_R3_w000054_f11	152946961	153004930	887
atlas_5e3e_A_R3_w000054_f12	153004930	153062952	887
atlas_5e3e_A_R3_w000054_f13	153062952	153120925	887
atlas_5e3e_A_R3_w000054_f14	153120925	153178901	887
atlas_5e3e_A_R3_w000055_f00	153178901	153230382	887
atlas_5e3e_A_R3_w000055_f01	153230382	153286933	887
atlas_5e3e_A_R3_w000055_f02	153286933	153343409	887
atlas_5e3e_A_R3_w000055_f03	153343409	153399972	887
atlas_5e3e_A_R3_w000055_f04	153399972	153456591	887
atlas_5e3e_A_R3_w000055_f05	153456591	153513269	887
atlas_5e3e_A_R3_w000055_f06	153513269	153569740	887
atlas_5e3e_A_R3_w000055_f07	153569740	153626199	887
atlas_5e3e_A_R3_w000055_f08	153626199	153682916	887
atlas_5e3e_A_R3_w000055_f09	153682916	153739636	887
atlas_5e3e_A_R3_w000055_f10	153739636	153796241	887
atlas_5e3e_A_R3_w000055_f11	153796241	153852952	887
atlas_5e3e_A_R3_w000055_f12	153852952	153909569	887
atlas_5e3e_A_R3_w000055_f13	153909569	153966074	887
atlas_5e3e_A_R3_w000055_f14	153966074	154022588	887
atlas_5e3e_A_R3_w000056_f00	154022588	154074865	887
atlas_5e3e_A_R3_w000056_f01	154074865	154132427	887
atlas_5e3e_A_R3_w000056_f02	154132427	154190096	887
atlas_5e3e_A_R3_w000056_f03	154190096	154247746	887
atlas_5e3e_A_R3_w000056_f04	154247746	154305227	887
atlas_5e3e_A_R3_w000056_f05	154305227	154362763	887
atlas_5e3e_A_R3_w000056_f06	154362763	154420384	887
atlas_5e3e_A_R3_w000056_f07	154420384	154477975	887
atlas_5e3e_A_R3_w000056_f08	154477975	154535556	887
atlas_5e3e_A_R3_w000056_f09	154535556	154593104	887
atlas_5e3e_A_R3_w000056_f10	154593104	154650573	887
atlas_5e3e_A_R3_w000056_f11	154650573	154708192	887
atlas_5e3e_A_R3_w000056_f12	154708192	154765908	887
atlas_5e3e_A_R3_w000056_f13	154765908	154823535	887
atlas_5e3e_A_R3_w000056_f14	154823535	154881048	887
atlas_5e3e_A_R3_w000057_f00	154881048	154933591	887
atlas_5e3e_A_R3_w000057_f01	154933591	154991262	887
atlas_5e3e_A_R3_w000057_f02	154991262	155048855	887
atlas_5e3e_A_R3_w000057_f03	155048855	155106361	887
atlas_5e3e_A_R3_w000057_f04	155106361	155163904	887
atlas_5e3e_A_R3_w000057_f05	155163904	155221472	887
atlas_5e3e_A_R3_w000057_f06	155221472	155279069	887
atlas_5e3e_A_R3_w000057_f07	155279069	155336612	887
atlas_5e3e_A_R3_w000057_f08	155336612	155394129	887
atlas_5e3e_A_R3_w000057_f09	155394129	155451749	887
atlas_5e3e_A_R3_w000057_f10	155451749	155509330	887
atlas_5e3e_A_R3_w000057_f11	155509330	155566926	887
atlas_5e3e_A_R3_w000057_f12	155566926	155624442	887
atlas_5e3e_A_R3_w000057_f13	155624442	155682030	887
atlas_5e3e_A_R3_w000057_f14	155682030	155739561	887
atlas_5e3e_A_R3_w000058_f00	155739561	155792357	887
atlas_5e3e_A_R3_w000058_f01	155792357	155850161	887
atlas_5e3e_A_R3_w000058_f02	155850161	155907845	887
atlas_5e3e_A_R3_w000058_f03	155907845	155965448	887
atlas_5e3e_A_R3_w000058_f04	155965448	156023108	887
atlas_5e3e_A_R3_w000058_f05	156023108	156080747	887
atlas_5e3e_A_R3_w000058_f06	156080747	156138343	887
atlas_5e3e_A_R3_w000058_f07	156138343	156196025	887
atlas_5e3e_A_R3_w000058_f08	156196025	156253653	887
atlas_5e3e_A_R3_w000058_f09	156253653	156311309	887
atlas_5e3e_A_R3_w000058_f10	156311309	156369049	887
atlas_5e3e_A_R3_w000058_f11	156369049	156426725	887
atlas_5e3e_A_R3_w000058_f12	156426725	156484385	887
atlas_5e3e_A_R3_w000058_f13	156484385	156542017	887
atlas_5e3e_A_R3_w000058_f14	156542017	156599654	887
atlas_5e3e_A_R3_w000059_f00	156599654	156652735	887
atlas_5e3e_A_R3_w000059_f01	156652735	156710722	887
atlas_5e3e_A_R3_w000059_f02	156710722	156768633	887
atlas_5e3e_A_R3_w000059_f03	156768633	156826494	887
atlas_5e3e_A_R3_w000059_f04	156826494	156884407	887
atlas_5e3e_A_R3_w000059_f05	156884407	156942409	887
atlas_5e3e_A_R3_w000059_f06	156942409	157000511	887
atlas_5e3e_A_R3_w000059_f07	157000511	157058706	887
atlas_5e3e_A_R3_w000059_f08	157058706	157116805	887
atlas_5e3e_A_R3_w000059_f09	157116805	157174694	887
atlas_5e3e_A_R3_w000059_f10	157174694	157232656	887
atlas_5e3e_A_R3_w000059_f11	157232656	157290690	887
atlas_5e3e_A_R3_w000059_f12	157290690	157348692	887
atlas_5e3e_A_R3_w000059_f13	157348692	157406704	887
atlas_5e3e_A_R3_w000059_f14	157406704	157464610	887
atlas_5e3e_A_R3_w000060_f00	157464610	157516873	887
atlas_5e3e_A_R3_w000060_f01	157516873	157574196	887
atlas_5e3e_A_R3_w000060_f02	157574196	157631524	887
atlas_5e3e_A_R3_w000060_f03	157631524	157688922	887
atlas_5e3e_A_R3_w000060_f04	157688922	157746215	887
atlas_5e3e_A_R3_w000060_f05	157746215	157803534	887
atlas_5e3e_A_R3_w000060_f06	157803534	157860882	887
atlas_5e3e_A_R3_w000060_f07	157860882	157918179	887
atlas_5e3e_A_R3_w000060_f08	157918179	157975472	887
atlas_5e3e_A_R3_w000060_f09	157975472	158032687	887
atlas_5e3e_A_R3_w000060_f10	158032687	158089807	887
atlas_5e3e_A_R3_w000060_f11	158089807	158147069	887
atlas_5e3e_A_R3_w000060_f12	158147069	158204257	887
atlas_5e3e_A_R3_w000060_f13	158204257	158261471	887
atlas_5e3e_A_R3_w000060_f14	158261471	158318758	887
atlas_5e3e_A_R3_w000061_f00	158318758	158371056	887
atlas_5e3e_A_R3_w000061_f01	158371056	158428204	887
atlas_5e3e_A_R3_w000061_f02	158428204	158485352	887
atlas_5e3e_A_R3_w000061_f03	158485352	158542655	887
atlas_5e3e_A_R3_w000061_f04	158542655	158599834	887
atlas_5e3e_A_R3_w000061_f05	158599834	158657002	887
atlas_5e3e_A_R3_w000061_f06	158657002	158714077	887
atlas_5e3e_A_R3_w000061_f07	158714077	158771102	887
atlas_5e3e_A_R3_w000061_f08	158771102	158828108	887
atlas_5e3e_A_R3_w000061_f09	158828108	158885150	887
atlas_5e3e_A_R3_w000061_f10	158885150	158942221	887
atlas_5e3e_A_R3_w000061_f11	158942221	158999302	887
atlas_5e3e_A_R3_w000061_f12	158999302	159056406	887
atlas_5e3e_A_R3_w000061_f13	159056406	159113503	887
atlas_5e3e_A_R3_w000061_f14	159113503	159170523	887
atlas_3ilw_A_R1_w000000_f00	159170523	159349908	3677
atlas_3ilw_A_R1_w000000_f01	159349908	159570364	3677
atlas_3ilw_A_R1_w000000_f02	159570364	159790837	3677
atlas_3ilw_A_R1_w000000_f03	159790837	160011183	3677
atlas_3ilw_A_R1_w000000_f04	160011183	160231416	3677
atlas_3ilw_A_R1_w000000_f05	160231416	160451453	3677
atlas_3ilw_A_R1_w000000_f06	160451453	160671535	3677
atlas_3ilw_A_R1_w000000_f07	160671535	160891803	3677
atlas_3ilw_A_R1_w000000_f08	160891803	161111861	3677
atlas_3ilw_A_R1_w000000_f09	161111861	161332020	3677
atlas_3ilw_A_R1_w000000_f10	161332020	161552409	3677
atlas_3ilw_A_R1_w000000_f11	161552409	161772889	3677
atlas_3ilw_A_R1_w000000_f12	161772889	161993172	3677
atlas_3ilw_A_R1_w000000_f13	161993172	162213517	3677
atlas_3ilw_A_R1_w000000_f14	162213517	162433624	3677
atlas_3ilw_A_R1_w000001_f00	162433624	162634902	3677
atlas_3ilw_A_R1_w000001_f01	162634902	162858843	3677
atlas_3ilw_A_R1_w000001_f02	162858843	163082586	3677
atlas_3ilw_A_R1_w000001_f03	163082586	163306491	3677
atlas_3ilw_A_R1_w000001_f04	163306491	163530467	3677
atlas_3ilw_A_R1_w000001_f05	163530467	163754443	3677
atlas_3ilw_A_R1_w000001_f06	163754443	163978452	3677
atlas_3ilw_A_R1_w000001_f07	163978452	164202308	3677
atlas_3ilw_A_R1_w000001_f08	164202308	164426174	3677
atlas_3ilw_A_R1_w000001_f09	164426174	164649998	3677
atlas_3ilw_A_R1_w000001_f10	164649998	164873702	3677
atlas_3ilw_A_R1_w000001_f11	164873702	165097515	3677
atlas_3ilw_A_R1_w000001_f12	165097515	165321470	3677
atlas_3ilw_A_R1_w000001_f13	165321470	165545706	3677
atlas_3ilw_A_R1_w000001_f14	165545706	165769715	3677
atlas_3ilw_A_R1_w000002_f00	165769715	165967436	3677
atlas_3ilw_A_R1_w000002_f01	165967436	166187342	3677
atlas_3ilw_A_R1_w000002_f02	166187342	166407366	3677
atlas_3ilw_A_R1_w000002_f03	166407366	166627440	3677
atlas_3ilw_A_R1_w000002_f04	166627440	166847481	3677
atlas_3ilw_A_R1_w000002_f05	166847481	167067551	3677
atlas_3ilw_A_R1_w000002_f06	167067551	167287583	3677
atlas_3ilw_A_R1_w000002_f07	167287583	167507675	3677
atlas_3ilw_A_R1_w000002_f08	167507675	167727749	3677
atlas_3ilw_A_R1_w000002_f09	167727749	167947725	3677
atlas_3ilw_A_R1_w000002_f10	167947725	168167819	3677
atlas_3ilw_A_R1_w000002_f11	168167819	168387989	3677
atlas_3ilw_A_R1_w000002_f12	168387989	168608185	3677
atlas_3ilw_A_R1_w000002_f13	168608185	168828359	3677
atlas_3ilw_A_R1_w000002_f14	168828359	169048655	3677
atlas_3ilw_A_R1_w000003_f00	169048655	169248673	3677
atlas_3ilw_A_R1_w000003_f01	169248673	169470434	3677
atlas_3ilw_A_R1_w000003_f02	169470434	169692504	3677
atlas_3ilw_A_R1_w000003_f03	169692504	169914645	3677
atlas_3ilw_A_R1_w000003_f04	169914645	170136607	3677
atlas_3ilw_A_R1_w000003_f05	170136607	170358548	3677
atlas_3ilw_A_R1_w000003_f06	170358548	170580551	3677
atlas_3ilw_A_R1_w000003_f07	170580551	170802249	3677
atlas_3ilw_A_R1_w000003_f08	170802249	171023779	3677
atlas_3ilw_A_R1_w000003_f09	171023779	171245335	3677
atlas_3ilw_A_R1_w000003_f10	171245335	171467067	3677
atlas_3ilw_A_R1_w000003_f11	171467067	171688998	3677
atlas_3ilw_A_R1_w000003_f12	171688998	171910902	3677
atlas_3ilw_A_R1_w000003_f13	171910902	172132839	3677
atlas_3ilw_A_R1_w000003_f14	172132839	172354651	3677
atlas_3ilw_A_R1_w000004_f00	172354651	172554621	3677
atlas_3ilw_A_R1_w000004_f01	172554621	172776614	3677
atlas_3ilw_A_R1_w000004_f02	172776614	172998564	3677
atlas_3ilw_A_R1_w000004_f03	172998564	173220374	3677
atlas_3ilw_A_R1_w000004_f04	173220374	173442136	3677
atlas_3ilw_A_R1_w000004_f05	173442136	173663988	3677
atlas_3ilw_A_R1_w000004_f06	173663988	173886038	3677
atlas_3ilw_A_R1_w000004_f07	173886038	174108148	3677
atlas_3ilw_A_R1_w000004_f08	174108148	174329936	3677
atlas_3ilw_A_R1_w000004_f09	174329936	174551475	3677
atlas_3ilw_A_R1_w000004_f10	174551475	174773139	3677
atlas_3ilw_A_R1_w000004_f11	174773139	174994741	3677
atlas_3ilw_A_R1_w000004_f12	174994741	175216737	3677
atlas_3ilw_A_R1_w000004_f13	175216737	175438816	3677
atlas_3ilw_A_R1_w000004_f14	175438816	175660919	3677
atlas_3ilw_A_R1_w000005_f00	175660919	175860506	3677
atlas_3ilw_A_R1_w000005_f01	175860506	176082458	3677
atlas_3ilw_A_R1_w000005_f02	176082458	176304211	3677
atlas_3ilw_A_R1_w000005_f03	176304211	176526128	3677
