condition,step,loss,source
C,1,0.72,/workspace/PVB/outputs/pvb_origin_baselines/static_retrain/train_pilot500.log
C,2,1.06,/workspace/PVB/outputs/pvb_origin_baselines/static_retrain/train_pilot500.log
C,3,1.29,/workspace/PVB/outputs/pvb_origin_baselines/static_retrain/train_pilot500.log
C,4,0.751,/workspace/PVB/outputs/pvb_origin_baselines/static_retrain/train_pilot500.log
C,5,1.17,/workspace/PVB/outputs/pvb_origin_baselines/static_retrain/train_pilot500.log
C,6,1.41,/workspace/PVB/outputs/pvb_origin_baselines/static_retrain/train_pilot500.log
C,7,1.78,/workspace/PVB/outputs/pvb_origin_baselines/static_retrain/train_pilot500.log
C,8,1.33,/workspace/PVB/outputs/pvb_origin_baselines/static_retrain/train_pilot500.log
C,9,1.3,/workspace/PVB/outputs/pvb_origin_baselines/static_retrain/train_pilot500.log
C,10,0.866,/workspace/PVB/outputs/pvb_origin_baselines/static_retrain/train_pilot500.log
C,11,5.52,/workspace/PVB/outputs/pvb_origin_baselines/static_retrain/train_pilot500.log
C,12,1.22,/workspace/PVB/outputs/pvb_origin_baselines/static_retrain/train_pilot500.log
C,13,1.02,/workspace/PVB/outputs/pvb_origin_baselines/static_retrain/train_pilot500.log
C,14,1.35,/workspace/PVB/outputs/pvb_origin_baselines/static_retrain/train_pilot500.log
C,15,1.42,/workspace/PVB/outputs/pvb_origin_baselines/static_retrain/train_pilot500.log
C,16,0.988,/workspace/PVB/outputs/pvb_origin_baselines/static_retrain/train_pilot500.log
C,17,1.56,/workspace/PVB/outputs/pvb_origin_baselines/static_retrain/train_pilot500.log
C,18,1.72,/workspace/PVB/outputs/pvb_origin_baselines/static_retrain/train_pilot500.log
C,19,1.62,/workspace/PVB/outputs/pvb_origin_baselines/static_retrain/train_pilot500.log
C,20,1.13,/workspace/PVB/outputs/pvb_origin_baselines/static_retrain/train_pilot500.log
C,21,1.86,/workspace/PVB/outputs/pvb_origin_baselines/static_retrain/train_pilot500.log
C,22,0.784,/workspace/PVB/outputs/pvb_origin_baselines/static_retrain/train_pilot500.log
C,23,1.77,/workspace/PVB/outputs/pvb_origin_baselines/static_retrain/train_pilot500.log
C,24,2.09,/workspace/PVB/outputs/pvb_origin_baselines/static_retrain/train_pilot500.log
C,25,1.5,/workspace/PVB/outputs/pvb_origin_baselines/static_retrain/train_pilot500.log
C,26,0.853,/workspace/PVB/outputs/pvb_origin_baselines/static_retrain/train_pilot500.log
C,27,1.3,/workspace/PVB/outputs/pvb_origin_baselines/static_retrain/train_pilot500.log
C,28,1.38,/workspace/PVB/outputs/pvb_origin_baselines/static_retrain/train_pilot500.log
C,29,1.32,/workspace/PVB/outputs/pvb_origin_baselines/static_retrain/train_pilot500.log
C,30,1.24,/workspace/PVB/outputs/pvb_origin_baselines/static_retrain/train_pilot500.log
C,31,0.784,/workspace/PVB/outputs/pvb_origin_baselines/static_retrain/train_pilot500.log
C,32,0.996,/workspace/PVB/outputs/pvb_origin_baselines/static_retrain/train_pilot500.log
C,33,1.21,/workspace/PVB/outputs/pvb_origin_baselines/static_retrain/train_pilot500.log
C,34,1.43,/workspace/PVB/outputs/pvb_origin_baselines/static_retrain/train_pilot500.log
C,35,1.62,/workspace/PVB/outputs/pvb_origin_baselines/static_retrain/train_pilot500.log
C,36,0.882,/workspace/PVB/outputs/pvb_origin_baselines/static_retrain/train_pilot500.log
C,37,0.732,/workspace/PVB/outputs/pvb_origin_baselines/static_retrain/train_pilot500.log
C,38,1.16,/workspace/PVB/outputs/pvb_origin_baselines/static_retrain/train_pilot500.log
C,39,1.26,/workspace/PVB/outputs/pvb_origin_baselines/static_retrain/train_pilot500.log
C,40,1.13,/workspace/PVB/outputs/pvb_origin_baselines/static_retrain/train_pilot500.log
C,41,1.09,/workspace/PVB/outputs/pvb_origin_baselines/static_retrain/train_pilot500.log
C,42,1.51,/workspace/PVB/outputs/pvb_origin_baselines/static_retrain/train_pilot500.log
C,43,1.15,/workspace/PVB/outputs/pvb_origin_baselines/static_retrain/train_pilot500.log
C,44,0.687,/workspace/PVB/outputs/pvb_origin_baselines/static_retrain/train_pilot500.log
C,45,0.894,/workspace/PVB/outputs/pvb_origin_baselines/static_retrain/train_pilot500.log
C,46,1.15,/workspace/PVB/outputs/pvb_origin_baselines/static_retrain/train_pilot500.log
C,47,0.956,/workspace/PVB/outputs/pvb_origin_baselines/static_retrain/train_pilot500.log
C,48,0.885,/workspace/PVB/outputs/pvb_origin_baselines/static_retrain/train_pilot500.log
C,49,1.38,/workspace/PVB/outputs/pvb_origin_baselines/static_retrain/train_pilot500.log
C,50,1.65,/workspace/PVB/outputs/pvb_origin_baselines/static_retrain/train_pilot500.log
C,51,1.07,/workspace/PVB/outputs/pvb_origin_baselines/static_retrain/train_pilot500.log
C,52,0.692,/workspace/PVB/outputs/pvb_origin_baselines/static_retrain/train_pilot500.log
C,53,1.54,/workspace/PVB/outputs/pvb_origin_baselines/static_retrain/train_pilot500.log
C,54,2.07,/workspace/PVB/outputs/pvb_origin_baselines/static_retrain/train_pilot500.log
C,55,3.02,/workspace/PVB/outputs/pvb_origin_baselines/static_retrain/train_pilot500.log
C,56,1.07,/workspace/PVB/outputs/pvb_origin_baselines/static_retrain/train_pilot500.log
C,57,1.19,/workspace/PVB/outputs/pvb_origin_baselines/static_retrain/train_pilot500.log
C,58,1.48,/workspace/PVB/outputs/pvb_origin_baselines/static_retrain/train_pilot500.log
C,59,2.37,/workspace/PVB/outputs/pvb_origin_baselines/static_retrain/train_pilot500.log
C,60,1.37,/workspace/PVB/outputs/pvb_origin_baselines/static_retrain/train_pilot500.log
C,61,0.85,/workspace/PVB/outputs/pvb_origin_baselines/static_retrain/train_pilot500.log
C,62,1.9,/workspace/PVB/outputs/pvb_origin_baselines/static_retrain/train_pilot500.log
C,63,0.927,/workspace/PVB/outputs/pvb_origin_baselines/static_retrain/train_pilot500.log
C,64,0.636,/workspace/PVB/outputs/pvb_origin_baselines/static_retrain/train_pilot500.log
C,65,1.97,/workspace/PVB/outputs/pvb_origin_baselines/static_retrain/train_pilot500.log
C,66,7.76,/workspace/PVB/outputs/pvb_origin_baselines/static_retrain/train_pilot500.log
C,67,1.44,/workspace/PVB/outputs/pvb_origin_baselines/static_retrain/train_pilot500.log
C,68,1.99,/workspace/PVB/outputs/pvb_origin_baselines/static_retrain/train_pilot500.log
C,69,1.6,/workspace/PVB/outputs/pvb_origin_baselines/static_retrain/train_pilot500.log
C,70,1.36,/workspace/PVB/outputs/pvb_origin_baselines/static_retrain/train_pilot500.log
C,71,2.39,/workspace/PVB/outputs/pvb_origin_baselines/static_retrain/train_pilot500.log
C,72,1.49,/workspace/PVB/outputs/pvb_origin_baselines/static_retrain/train_pilot500.log
C,73,1.11,/workspace/PVB/outputs/pvb_origin_baselines/static_retrain/train_pilot500.log
C,74,0.815,/workspace/PVB/outputs/pvb_origin_baselines/static_retrain/train_pilot500.log
C,75,1.5,/workspace/PVB/outputs/pvb_origin_baselines/static_retrain/train_pilot500.log
C,76,2.11,/workspace/PVB/outputs/pvb_origin_baselines/static_retrain/train_pilot500.log
C,77,0.947,/workspace/PVB/outputs/pvb_origin_baselines/static_retrain/train_pilot500.log
C,78,1.8,/workspace/PVB/outputs/pvb_origin_baselines/static_retrain/train_pilot500.log
C,79,1.09,/workspace/PVB/outputs/pvb_origin_baselines/static_retrain/train_pilot500.log
C,80,2.35,/workspace/PVB/outputs/pvb_origin_baselines/static_retrain/train_pilot500.log
C,81,1.31,/workspace/PVB/outputs/pvb_origin_baselines/static_retrain/train_pilot500.log
C,82,0.568,/workspace/PVB/outputs/pvb_origin_baselines/static_retrain/train_pilot500.log
C,83,2.37,/workspace/PVB/outputs/pvb_origin_baselines/static_retrain/train_pilot500.log
C,84,0.841,/workspace/PVB/outputs/pvb_origin_baselines/static_retrain/train_pilot500.log
C,85,10.6,/workspace/PVB/outputs/pvb_origin_baselines/static_retrain/train_pilot500.log
C,86,1.39,/workspace/PVB/outputs/pvb_origin_baselines/static_retrain/train_pilot500.log
C,87,1.59,/workspace/PVB/outputs/pvb_origin_baselines/static_retrain/train_pilot500.log
C,88,1.44,/workspace/PVB/outputs/pvb_origin_baselines/static_retrain/train_pilot500.log
C,89,0.908,/workspace/PVB/outputs/pvb_origin_baselines/static_retrain/train_pilot500.log
C,90,1.57,/workspace/PVB/outputs/pvb_origin_baselines/static_retrain/train_pilot500.log
C,91,0.837,/workspace/PVB/outputs/pvb_origin_baselines/static_retrain/train_pilot500.log
C,92,7.34,/workspace/PVB/outputs/pvb_origin_baselines/static_retrain/train_pilot500.log
C,93,1.92,/workspace/PVB/outputs/pvb_origin_baselines/static_retrain/train_pilot500.log
C,94,0.845,/workspace/PVB/outputs/pvb_origin_baselines/static_retrain/train_pilot500.log
C,95,1.39,/workspace/PVB/outputs/pvb_origin_baselines/static_retrain/train_pilot500.log
C,96,1.08,/workspace/PVB/outputs/pvb_origin_baselines/static_retrain/train_pilot500.log
C,97,2.71,/workspace/PVB/outputs/pvb_origin_baselines/static_retrain/train_pilot500.log
C,98,1.29,/workspace/PVB/outputs/pvb_origin_baselines/static_retrain/train_pilot500.log
C,99,0.914,/workspace/PVB/outputs/pvb_origin_baselines/static_retrain/train_pilot500.log
C,100,1.86,/workspace/PVB/outputs/pvb_origin_baselines/static_retrain/train_pilot500.log
C,101,1.42,/workspace/PVB/outputs/pvb_origin_baselines/static_retrain/train_pilot500.log
C,102,1.68,/workspace/PVB/outputs/pvb_origin_baselines/static_retrain/train_pilot500.log
C,103,2.32,/workspace/PVB/outputs/pvb_origin_baselines/static_retrain/train_pilot500.log
C,104,1.73,/workspace/PVB/outputs/pvb_origin_baselines/static_retrain/train_pilot500.log
C,105,1.88,/workspace/PVB/outputs/pvb_origin_baselines/static_retrain/train_pilot500.log
C,106,1.46,/workspace/PVB/outputs/pvb_origin_baselines/static_retrain/train_pilot500.log
C,107,2.13,/workspace/PVB/outputs/pvb_origin_baselines/static_retrain/train_pilot500.log
C,108,1.16,/workspace/PVB/outputs/pvb_origin_baselines/static_retrain/train_pilot500.log
C,109,0.86,/workspace/PVB/outputs/pvb_origin_baselines/static_retrain/train_pilot500.log
C,110,1.48,/workspace/PVB/outputs/pvb_origin_baselines/static_retrain/train_pilot500.log
C,111,1.6,/workspace/PVB/outputs/pvb_origin_baselines/static_retrain/train_pilot500.log
C,112,1.22,/workspace/PVB/outputs/pvb_origin_baselines/static_retrain/train_pilot500.log
C,113,0.98,/workspace/PVB/outputs/pvb_origin_baselines/static_retrain/train_pilot500.log
C,114,1.31,/workspace/PVB/outputs/pvb_origin_baselines/static_retrain/train_pilot500.log
C,115,1.31,/workspace/PVB/outputs/pvb_origin_baselines/static_retrain/train_pilot500.log
C,116,1.31,/workspace/PVB/outputs/pvb_origin_baselines/static_retrain/train_pilot500.log
C,117,1.31,/workspace/PVB/outputs/pvb_origin_baselines/static_retrain/train_pilot500.log
C,118,1.08,/workspace/PVB/outputs/pvb_origin_baselines/static_retrain/train_pilot500.log
C,119,1.49,/workspace/PVB/outputs/pvb_origin_baselines/static_retrain/train_pilot500.log
C,120,2.84,/workspace/PVB/outputs/pvb_origin_baselines/static_retrain/train_pilot500.log
C,121,1.62,/workspace/PVB/outputs/pvb_origin_baselines/static_retrain/train_pilot500.log
C,122,0.823,/workspace/PVB/outputs/pvb_origin_baselines/static_retrain/train_pilot500.log
C,123,0.749,/workspace/PVB/outputs/pvb_origin_baselines/static_retrain/train_pilot500.log
C,124,0.922,/workspace/PVB/outputs/pvb_origin_baselines/static_retrain/train_pilot500.log
C,125,0.922,/workspace/PVB/outputs/pvb_origin_baselines/static_retrain/train_pilot500.log
C,126,0.607,/workspace/PVB/outputs/pvb_origin_baselines/static_retrain/train_pilot500.log
C,127,1.14,/workspace/PVB/outputs/pvb_origin_baselines/static_retrain/train_pilot500.log
C,128,1.14,/workspace/PVB/outputs/pvb_origin_baselines/static_retrain/train_pilot500.log
C,129,1.14,/workspace/PVB/outputs/pvb_origin_baselines/static_retrain/train_pilot500.log
C,130,1.14,/workspace/PVB/outputs/pvb_origin_baselines/static_retrain/train_pilot500.log
C,131,1.01,/workspace/PVB/outputs/pvb_origin_baselines/static_retrain/train_pilot500.log
C,132,1.43,/workspace/PVB/outputs/pvb_origin_baselines/static_retrain/train_pilot500.log
C,133,2.64,/workspace/PVB/outputs/pvb_origin_baselines/static_retrain/train_pilot500.log
C,134,2.64,/workspace/PVB/outputs/pvb_origin_baselines/static_retrain/train_pilot500.log
C,135,1.45,/workspace/PVB/outputs/pvb_origin_baselines/static_retrain/train_pilot500.log
C,136,0.733,/workspace/PVB/outputs/pvb_origin_baselines/static_retrain/train_pilot500.log
C,137,1.04,/workspace/PVB/outputs/pvb_origin_baselines/static_retrain/train_pilot500.log
C,138,0.638,/workspace/PVB/outputs/pvb_origin_baselines/static_retrain/train_pilot500.log
C,139,1.47,/workspace/PVB/outputs/pvb_origin_baselines/static_retrain/train_pilot500.log
C,140,1.08,/workspace/PVB/outputs/pvb_origin_baselines/static_retrain/train_pilot500.log
C,141,1.31,/workspace/PVB/outputs/pvb_origin_baselines/static_retrain/train_pilot500.log
C,142,0.651,/workspace/PVB/outputs/pvb_origin_baselines/static_retrain/train_pilot500.log
C,143,1.08,/workspace/PVB/outputs/pvb_origin_baselines/static_retrain/train_pilot500.log
C,144,0.864,/workspace/PVB/outputs/pvb_origin_baselines/static_retrain/train_pilot500.log
C,145,1.29,/workspace/PVB/outputs/pvb_origin_baselines/static_retrain/train_pilot500.log
C,146,1.96,/workspace/PVB/outputs/pvb_origin_baselines/static_retrain/train_pilot500.log
C,147,1.04,/workspace/PVB/outputs/pvb_origin_baselines/static_retrain/train_pilot500.log
C,148,1.08,/workspace/PVB/outputs/pvb_origin_baselines/static_retrain/train_pilot500.log
C,149,0.767,/workspace/PVB/outputs/pvb_origin_baselines/static_retrain/train_pilot500.log
C,150,1.45,/workspace/PVB/outputs/pvb_origin_baselines/static_retrain/train_pilot500.log
C,151,5.38,/workspace/PVB/outputs/pvb_origin_baselines/static_retrain/train_pilot500.log
C,152,0.946,/workspace/PVB/outputs/pvb_origin_baselines/static_retrain/train_pilot500.log
C,153,1.14,/workspace/PVB/outputs/pvb_origin_baselines/static_retrain/train_pilot500.log
C,154,0.906,/workspace/PVB/outputs/pvb_origin_baselines/static_retrain/train_pilot500.log
C,155,2.03,/workspace/PVB/outputs/pvb_origin_baselines/static_retrain/train_pilot500.log
C,156,2.45,/workspace/PVB/outputs/pvb_origin_baselines/static_retrain/train_pilot500.log
C,157,0.878,/workspace/PVB/outputs/pvb_origin_baselines/static_retrain/train_pilot500.log
C,158,1.02,/workspace/PVB/outputs/pvb_origin_baselines/static_retrain/train_pilot500.log
C,159,0.737,/workspace/PVB/outputs/pvb_origin_baselines/static_retrain/train_pilot500.log
C,160,2.23,/workspace/PVB/outputs/pvb_origin_baselines/static_retrain/train_pilot500.log
C,161,1.76,/workspace/PVB/outputs/pvb_origin_baselines/static_retrain/train_pilot500.log
C,162,0.929,/workspace/PVB/outputs/pvb_origin_baselines/static_retrain/train_pilot500.log
C,163,1.39,/workspace/PVB/outputs/pvb_origin_baselines/static_retrain/train_pilot500.log
C,164,1.73,/workspace/PVB/outputs/pvb_origin_baselines/static_retrain/train_pilot500.log
C,165,1.55,/workspace/PVB/outputs/pvb_origin_baselines/static_retrain/train_pilot500.log
C,166,0.818,/workspace/PVB/outputs/pvb_origin_baselines/static_retrain/train_pilot500.log
C,167,1.6,/workspace/PVB/outputs/pvb_origin_baselines/static_retrain/train_pilot500.log
C,168,0.863,/workspace/PVB/outputs/pvb_origin_baselines/static_retrain/train_pilot500.log
C,169,0.986,/workspace/PVB/outputs/pvb_origin_baselines/static_retrain/train_pilot500.log
C,170,2.06,/workspace/PVB/outputs/pvb_origin_baselines/static_retrain/train_pilot500.log
C,171,0.885,/workspace/PVB/outputs/pvb_origin_baselines/static_retrain/train_pilot500.log
C,172,2.18,/workspace/PVB/outputs/pvb_origin_baselines/static_retrain/train_pilot500.log
C,173,1.79,/workspace/PVB/outputs/pvb_origin_baselines/static_retrain/train_pilot500.log
C,174,0.934,/workspace/PVB/outputs/pvb_origin_baselines/static_retrain/train_pilot500.log
C,175,3.3,/workspace/PVB/outputs/pvb_origin_baselines/static_retrain/train_pilot500.log
C,176,1.02,/workspace/PVB/outputs/pvb_origin_baselines/static_retrain/train_pilot500.log
C,177,1.09,/workspace/PVB/outputs/pvb_origin_baselines/static_retrain/train_pilot500.log
C,178,1.77,/workspace/PVB/outputs/pvb_origin_baselines/static_retrain/train_pilot500.log
C,179,1.59,/workspace/PVB/outputs/pvb_origin_baselines/static_retrain/train_pilot500.log
C,180,0.859,/workspace/PVB/outputs/pvb_origin_baselines/static_retrain/train_pilot500.log
C,181,0.992,/workspace/PVB/outputs/pvb_origin_baselines/static_retrain/train_pilot500.log
C,182,1.03,/workspace/PVB/outputs/pvb_origin_baselines/static_retrain/train_pilot500.log
C,183,1.12,/workspace/PVB/outputs/pvb_origin_baselines/static_retrain/train_pilot500.log
C,184,1.07,/workspace/PVB/outputs/pvb_origin_baselines/static_retrain/train_pilot500.log
C,185,0.633,/workspace/PVB/outputs/pvb_origin_baselines/static_retrain/train_pilot500.log
C,186,3.19,/workspace/PVB/outputs/pvb_origin_baselines/static_retrain/train_pilot500.log
C,187,1.05,/workspace/PVB/outputs/pvb_origin_baselines/static_retrain/train_pilot500.log
C,188,1.42,/workspace/PVB/outputs/pvb_origin_baselines/static_retrain/train_pilot500.log
C,189,0.877,/workspace/PVB/outputs/pvb_origin_baselines/static_retrain/train_pilot500.log
C,190,4.73,/workspace/PVB/outputs/pvb_origin_baselines/static_retrain/train_pilot500.log
C,191,0.762,/workspace/PVB/outputs/pvb_origin_baselines/static_retrain/train_pilot500.log
C,192,1.24,/workspace/PVB/outputs/pvb_origin_baselines/static_retrain/train_pilot500.log
C,193,0.949,/workspace/PVB/outputs/pvb_origin_baselines/static_retrain/train_pilot500.log
C,194,0.608,/workspace/PVB/outputs/pvb_origin_baselines/static_retrain/train_pilot500.log
C,195,1.96,/workspace/PVB/outputs/pvb_origin_baselines/static_retrain/train_pilot500.log
C,196,2.03,/workspace/PVB/outputs/pvb_origin_baselines/static_retrain/train_pilot500.log
C,197,2.68,/workspace/PVB/outputs/pvb_origin_baselines/static_retrain/train_pilot500.log
C,198,1.25,/workspace/PVB/outputs/pvb_origin_baselines/static_retrain/train_pilot500.log
C,199,1.39,/workspace/PVB/outputs/pvb_origin_baselines/static_retrain/train_pilot500.log
C,200,0.878,/workspace/PVB/outputs/pvb_origin_baselines/static_retrain/train_pilot500.log
C,201,0.847,/workspace/PVB/outputs/pvb_origin_baselines/static_retrain/train_pilot500.log
C,202,0.848,/workspace/PVB/outputs/pvb_origin_baselines/static_retrain/train_pilot500.log
C,203,0.6,/workspace/PVB/outputs/pvb_origin_baselines/static_retrain/train_pilot500.log
C,204,0.664,/workspace/PVB/outputs/pvb_origin_baselines/static_retrain/train_pilot500.log
C,205,1.36,/workspace/PVB/outputs/pvb_origin_baselines/static_retrain/train_pilot500.log
C,206,1.5,/workspace/PVB/outputs/pvb_origin_baselines/static_retrain/train_pilot500.log
C,207,1.36,/workspace/PVB/outputs/pvb_origin_baselines/static_retrain/train_pilot500.log
C,208,1.22,/workspace/PVB/outputs/pvb_origin_baselines/static_retrain/train_pilot500.log
C,209,0.548,/workspace/PVB/outputs/pvb_origin_baselines/static_retrain/train_pilot500.log
C,210,1.09,/workspace/PVB/outputs/pvb_origin_baselines/static_retrain/train_pilot500.log
C,211,1.96,/workspace/PVB/outputs/pvb_origin_baselines/static_retrain/train_pilot500.log
C,212,0.888,/workspace/PVB/outputs/pvb_origin_baselines/static_retrain/train_pilot500.log
C,213,0.746,/workspace/PVB/outputs/pvb_origin_baselines/static_retrain/train_pilot500.log
C,214,1.21,/workspace/PVB/outputs/pvb_origin_baselines/static_retrain/train_pilot500.log
C,215,5.11,/workspace/PVB/outputs/pvb_origin_baselines/static_retrain/train_pilot500.log
C,216,1.11,/workspace/PVB/outputs/pvb_origin_baselines/static_retrain/train_pilot500.log
C,217,1.16,/workspace/PVB/outputs/pvb_origin_baselines/static_retrain/train_pilot500.log
C,218,0.882,/workspace/PVB/outputs/pvb_origin_baselines/static_retrain/train_pilot500.log
C,219,2.01,/workspace/PVB/outputs/pvb_origin_baselines/static_retrain/train_pilot500.log
C,220,1.08,/workspace/PVB/outputs/pvb_origin_baselines/static_retrain/train_pilot500.log
C,221,1.58,/workspace/PVB/outputs/pvb_origin_baselines/static_retrain/train_pilot500.log
C,222,2.2,/workspace/PVB/outputs/pvb_origin_baselines/static_retrain/train_pilot500.log
C,223,1.01,/workspace/PVB/outputs/pvb_origin_baselines/static_retrain/train_pilot500.log
C,224,2.37,/workspace/PVB/outputs/pvb_origin_baselines/static_retrain/train_pilot500.log
C,225,1.07,/workspace/PVB/outputs/pvb_origin_baselines/static_retrain/train_pilot500.log
C,226,0.739,/workspace/PVB/outputs/pvb_origin_baselines/static_retrain/train_pilot500.log
C,227,0.698,/workspace/PVB/outputs/pvb_origin_baselines/static_retrain/train_pilot500.log
C,228,1.11,/workspace/PVB/outputs/pvb_origin_baselines/static_retrain/train_pilot500.log
C,229,1.2,/workspace/PVB/outputs/pvb_origin_baselines/static_retrain/train_pilot500.log
C,230,1.76,/workspace/PVB/outputs/pvb_origin_baselines/static_retrain/train_pilot500.log
C,231,2.06,/workspace/PVB/outputs/pvb_origin_baselines/static_retrain/train_pilot500.log
C,232,3.59,/workspace/PVB/outputs/pvb_origin_baselines/static_retrain/train_pilot500.log
C,233,0.657,/workspace/PVB/outputs/pvb_origin_baselines/static_retrain/train_pilot500.log
C,234,0.867,/workspace/PVB/outputs/pvb_origin_baselines/static_retrain/train_pilot500.log
C,235,2.11,/workspace/PVB/outputs/pvb_origin_baselines/static_retrain/train_pilot500.log
C,236,1.65,/workspace/PVB/outputs/pvb_origin_baselines/static_retrain/train_pilot500.log
C,237,1.5,/workspace/PVB/outputs/pvb_origin_baselines/static_retrain/train_pilot500.log
C,238,1.26,/workspace/PVB/outputs/pvb_origin_baselines/static_retrain/train_pilot500.log
C,239,1.02,/workspace/PVB/outputs/pvb_origin_baselines/static_retrain/train_pilot500.log
C,240,2.41,/workspace/PVB/outputs/pvb_origin_baselines/static_retrain/train_pilot500.log
C,241,2.07,/workspace/PVB/outputs/pvb_origin_baselines/static_retrain/train_pilot500.log
C,242,1.18,/workspace/PVB/outputs/pvb_origin_baselines/static_retrain/train_pilot500.log
C,243,0.741,/workspace/PVB/outputs/pvb_origin_baselines/static_retrain/train_pilot500.log
C,244,1.43,/workspace/PVB/outputs/pvb_origin_baselines/static_retrain/train_pilot500.log
C,245,0.825,/workspace/PVB/outputs/pvb_origin_baselines/static_retrain/train_pilot500.log
C,246,1.21,/workspace/PVB/outputs/pvb_origin_baselines/static_retrain/train_pilot500.log
C,247,0.763,/workspace/PVB/outputs/pvb_origin_baselines/static_retrain/train_pilot500.log
C,248,0.771,/workspace/PVB/outputs/pvb_origin_baselines/static_retrain/train_pilot500.log
C,249,1.46,/workspace/PVB/outputs/pvb_origin_baselines/static_retrain/train_pilot500.log
C,250,1.63,/workspace/PVB/outputs/pvb_origin_baselines/static_retrain/train_pilot500.log
C,251,1.3,/workspace/PVB/outputs/pvb_origin_baselines/static_retrain/train_pilot500.log
C,252,1.9,/workspace/PVB/outputs/pvb_origin_baselines/static_retrain/train_pilot500.log
C,253,1.15,/workspace/PVB/outputs/pvb_origin_baselines/static_retrain/train_pilot500.log
C,254,1.02,/workspace/PVB/outputs/pvb_origin_baselines/static_retrain/train_pilot500.log
C,255,1.08,/workspace/PVB/outputs/pvb_origin_baselines/static_retrain/train_pilot500.log
C,256,1.48,/workspace/PVB/outputs/pvb_origin_baselines/static_retrain/train_pilot500.log
C,257,1.48,/workspace/PVB/outputs/pvb_origin_baselines/static_retrain/train_pilot500.log
C,258,1.22,/workspace/PVB/outputs/pvb_origin_baselines/static_retrain/train_pilot500.log
C,259,3.26,/workspace/PVB/outputs/pvb_origin_baselines/static_retrain/train_pilot500.log
C,260,0.983,/workspace/PVB/outputs/pvb_origin_baselines/static_retrain/train_pilot500.log
C,261,0.808,/workspace/PVB/outputs/pvb_origin_baselines/static_retrain/train_pilot500.log
C,262,1.89,/workspace/PVB/outputs/pvb_origin_baselines/static_retrain/train_pilot500.log
C,263,3.89,/workspace/PVB/outputs/pvb_origin_baselines/static_retrain/train_pilot500.log
C,264,0.546,/workspace/PVB/outputs/pvb_origin_baselines/static_retrain/train_pilot500.log
C,265,0.916,/workspace/PVB/outputs/pvb_origin_baselines/static_retrain/train_pilot500.log
C,266,0.664,/workspace/PVB/outputs/pvb_origin_baselines/static_retrain/train_pilot500.log
C,267,1.98,/workspace/PVB/outputs/pvb_origin_baselines/static_retrain/train_pilot500.log
C,268,1.06,/workspace/PVB/outputs/pvb_origin_baselines/static_retrain/train_pilot500.log
C,269,1.7,/workspace/PVB/outputs/pvb_origin_baselines/static_retrain/train_pilot500.log
C,270,1.83,/workspace/PVB/outputs/pvb_origin_baselines/static_retrain/train_pilot500.log
C,271,0.912,/workspace/PVB/outputs/pvb_origin_baselines/static_retrain/train_pilot500.log
C,272,1.1,/workspace/PVB/outputs/pvb_origin_baselines/static_retrain/train_pilot500.log
C,273,1.14,/workspace/PVB/outputs/pvb_origin_baselines/static_retrain/train_pilot500.log
C,274,3.97,/workspace/PVB/outputs/pvb_origin_baselines/static_retrain/train_pilot500.log
C,275,1.68,/workspace/PVB/outputs/pvb_origin_baselines/static_retrain/train_pilot500.log
C,276,2.84,/workspace/PVB/outputs/pvb_origin_baselines/static_retrain/train_pilot500.log
C,277,1.77,/workspace/PVB/outputs/pvb_origin_baselines/static_retrain/train_pilot500.log
C,278,1.2,/workspace/PVB/outputs/pvb_origin_baselines/static_retrain/train_pilot500.log
C,279,0.608,/workspace/PVB/outputs/pvb_origin_baselines/static_retrain/train_pilot500.log
C,280,1.27,/workspace/PVB/outputs/pvb_origin_baselines/static_retrain/train_pilot500.log
C,281,2.37,/workspace/PVB/outputs/pvb_origin_baselines/static_retrain/train_pilot500.log
C,282,0.943,/workspace/PVB/outputs/pvb_origin_baselines/static_retrain/train_pilot500.log
C,283,0.808,/workspace/PVB/outputs/pvb_origin_baselines/static_retrain/train_pilot500.log
C,284,0.699,/workspace/PVB/outputs/pvb_origin_baselines/static_retrain/train_pilot500.log
C,285,1.69,/workspace/PVB/outputs/pvb_origin_baselines/static_retrain/train_pilot500.log
C,286,1.2,/workspace/PVB/outputs/pvb_origin_baselines/static_retrain/train_pilot500.log
C,287,6.07,/workspace/PVB/outputs/pvb_origin_baselines/static_retrain/train_pilot500.log
C,288,0.96,/workspace/PVB/outputs/pvb_origin_baselines/static_retrain/train_pilot500.log
C,289,0.869,/workspace/PVB/outputs/pvb_origin_baselines/static_retrain/train_pilot500.log
C,290,1.89,/workspace/PVB/outputs/pvb_origin_baselines/static_retrain/train_pilot500.log
C,291,1.89,/workspace/PVB/outputs/pvb_origin_baselines/static_retrain/train_pilot500.log
C,292,1.09,/workspace/PVB/outputs/pvb_origin_baselines/static_retrain/train_pilot500.log
C,293,0.959,/workspace/PVB/outputs/pvb_origin_baselines/static_retrain/train_pilot500.log
C,294,1.17,/workspace/PVB/outputs/pvb_origin_baselines/static_retrain/train_pilot500.log
C,295,2.29,/workspace/PVB/outputs/pvb_origin_baselines/static_retrain/train_pilot500.log
C,296,1.18,/workspace/PVB/outputs/pvb_origin_baselines/static_retrain/train_pilot500.log
C,297,1.12,/workspace/PVB/outputs/pvb_origin_baselines/static_retrain/train_pilot500.log
C,298,0.707,/workspace/PVB/outputs/pvb_origin_baselines/static_retrain/train_pilot500.log
C,299,0.883,/workspace/PVB/outputs/pvb_origin_baselines/static_retrain/train_pilot500.log
C,300,1.52,/workspace/PVB/outputs/pvb_origin_baselines/static_retrain/train_pilot500.log
C,301,1.47,/workspace/PVB/outputs/pvb_origin_baselines/static_retrain/train_pilot500.log
C,302,0.61,/workspace/PVB/outputs/pvb_origin_baselines/static_retrain/train_pilot500.log
C,303,1.92,/workspace/PVB/outputs/pvb_origin_baselines/static_retrain/train_pilot500.log
C,304,2.51,/workspace/PVB/outputs/pvb_origin_baselines/static_retrain/train_pilot500.log
C,305,2.48,/workspace/PVB/outputs/pvb_origin_baselines/static_retrain/train_pilot500.log
C,306,0.647,/workspace/PVB/outputs/pvb_origin_baselines/static_retrain/train_pilot500.log
C,307,0.912,/workspace/PVB/outputs/pvb_origin_baselines/static_retrain/train_pilot500.log
C,308,0.993,/workspace/PVB/outputs/pvb_origin_baselines/static_retrain/train_pilot500.log
C,309,0.756,/workspace/PVB/outputs/pvb_origin_baselines/static_retrain/train_pilot500.log
C,310,0.854,/workspace/PVB/outputs/pvb_origin_baselines/static_retrain/train_pilot500.log
C,311,0.644,/workspace/PVB/outputs/pvb_origin_baselines/static_retrain/train_pilot500.log
C,312,1.58,/workspace/PVB/outputs/pvb_origin_baselines/static_retrain/train_pilot500.log
C,313,0.733,/workspace/PVB/outputs/pvb_origin_baselines/static_retrain/train_pilot500.log
C,314,3.09,/workspace/PVB/outputs/pvb_origin_baselines/static_retrain/train_pilot500.log
C,315,1.07,/workspace/PVB/outputs/pvb_origin_baselines/static_retrain/train_pilot500.log
C,316,0.78,/workspace/PVB/outputs/pvb_origin_baselines/static_retrain/train_pilot500.log
C,317,0.825,/workspace/PVB/outputs/pvb_origin_baselines/static_retrain/train_pilot500.log
C,318,0.712,/workspace/PVB/outputs/pvb_origin_baselines/static_retrain/train_pilot500.log
C,319,1.24,/workspace/PVB/outputs/pvb_origin_baselines/static_retrain/train_pilot500.log
C,320,1.22,/workspace/PVB/outputs/pvb_origin_baselines/static_retrain/train_pilot500.log
C,321,1.1,/workspace/PVB/outputs/pvb_origin_baselines/static_retrain/train_pilot500.log
C,322,0.601,/workspace/PVB/outputs/pvb_origin_baselines/static_retrain/train_pilot500.log
C,323,0.934,/workspace/PVB/outputs/pvb_origin_baselines/static_retrain/train_pilot500.log
C,324,1.86,/workspace/PVB/outputs/pvb_origin_baselines/static_retrain/train_pilot500.log
C,325,1.53,/workspace/PVB/outputs/pvb_origin_baselines/static_retrain/train_pilot500.log
C,326,1.67,/workspace/PVB/outputs/pvb_origin_baselines/static_retrain/train_pilot500.log
C,327,2.53,/workspace/PVB/outputs/pvb_origin_baselines/static_retrain/train_pilot500.log
C,328,0.804,/workspace/PVB/outputs/pvb_origin_baselines/static_retrain/train_pilot500.log
C,329,2.47,/workspace/PVB/outputs/pvb_origin_baselines/static_retrain/train_pilot500.log
C,330,2.1,/workspace/PVB/outputs/pvb_origin_baselines/static_retrain/train_pilot500.log
C,331,0.876,/workspace/PVB/outputs/pvb_origin_baselines/static_retrain/train_pilot500.log
C,332,0.984,/workspace/PVB/outputs/pvb_origin_baselines/static_retrain/train_pilot500.log
C,333,0.78,/workspace/PVB/outputs/pvb_origin_baselines/static_retrain/train_pilot500.log
C,334,0.753,/workspace/PVB/outputs/pvb_origin_baselines/static_retrain/train_pilot500.log
C,335,1.06,/workspace/PVB/outputs/pvb_origin_baselines/static_retrain/train_pilot500.log
C,336,2.03,/workspace/PVB/outputs/pvb_origin_baselines/static_retrain/train_pilot500.log
C,337,0.659,/workspace/PVB/outputs/pvb_origin_baselines/static_retrain/train_pilot500.log
C,338,0.536,/workspace/PVB/outputs/pvb_origin_baselines/static_retrain/train_pilot500.log
C,339,0.691,/workspace/PVB/outputs/pvb_origin_baselines/static_retrain/train_pilot500.log
C,340,1.56,/workspace/PVB/outputs/pvb_origin_baselines/static_retrain/train_pilot500.log
C,341,1.55,/workspace/PVB/outputs/pvb_origin_baselines/static_retrain/train_pilot500.log
C,342,0.787,/workspace/PVB/outputs/pvb_origin_baselines/static_retrain/train_pilot500.log
C,343,0.685,/workspace/PVB/outputs/pvb_origin_baselines/static_retrain/train_pilot500.log
C,344,2.19,/workspace/PVB/outputs/pvb_origin_baselines/static_retrain/train_pilot500.log
C,345,5.83,/workspace/PVB/outputs/pvb_origin_baselines/static_retrain/train_pilot500.log
C,346,1.68,/workspace/PVB/outputs/pvb_origin_baselines/static_retrain/train_pilot500.log
C,347,1.47,/workspace/PVB/outputs/pvb_origin_baselines/static_retrain/train_pilot500.log
C,348,0.854,/workspace/PVB/outputs/pvb_origin_baselines/static_retrain/train_pilot500.log
C,349,0.821,/workspace/PVB/outputs/pvb_origin_baselines/static_retrain/train_pilot500.log
C,350,0.838,/workspace/PVB/outputs/pvb_origin_baselines/static_retrain/train_pilot500.log
C,351,1.62,/workspace/PVB/outputs/pvb_origin_baselines/static_retrain/train_pilot500.log
C,352,0.721,/workspace/PVB/outputs/pvb_origin_baselines/static_retrain/train_pilot500.log
C,353,2.28,/workspace/PVB/outputs/pvb_origin_baselines/static_retrain/train_pilot500.log
C,354,1.71,/workspace/PVB/outputs/pvb_origin_baselines/static_retrain/train_pilot500.log
C,355,2.04,/workspace/PVB/outputs/pvb_origin_baselines/static_retrain/train_pilot500.log
C,356,4.62,/workspace/PVB/outputs/pvb_origin_baselines/static_retrain/train_pilot500.log
C,357,1.03,/workspace/PVB/outputs/pvb_origin_baselines/static_retrain/train_pilot500.log
C,358,4.28,/workspace/PVB/outputs/pvb_origin_baselines/static_retrain/train_pilot500.log
C,359,1.05,/workspace/PVB/outputs/pvb_origin_baselines/static_retrain/train_pilot500.log
C,360,1.16,/workspace/PVB/outputs/pvb_origin_baselines/static_retrain/train_pilot500.log
C,361,1.56,/workspace/PVB/outputs/pvb_origin_baselines/static_retrain/train_pilot500.log
C,362,1.47,/workspace/PVB/outputs/pvb_origin_baselines/static_retrain/train_pilot500.log
C,363,9.97,/workspace/PVB/outputs/pvb_origin_baselines/static_retrain/train_pilot500.log
C,364,1.01,/workspace/PVB/outputs/pvb_origin_baselines/static_retrain/train_pilot500.log
C,365,1.71,/workspace/PVB/outputs/pvb_origin_baselines/static_retrain/train_pilot500.log
C,366,1.4,/workspace/PVB/outputs/pvb_origin_baselines/static_retrain/train_pilot500.log
C,367,1.16,/workspace/PVB/outputs/pvb_origin_baselines/static_retrain/train_pilot500.log
C,368,0.936,/workspace/PVB/outputs/pvb_origin_baselines/static_retrain/train_pilot500.log
C,369,0.854,/workspace/PVB/outputs/pvb_origin_baselines/static_retrain/train_pilot500.log
C,370,1.37,/workspace/PVB/outputs/pvb_origin_baselines/static_retrain/train_pilot500.log
C,371,1.37,/workspace/PVB/outputs/pvb_origin_baselines/static_retrain/train_pilot500.log
C,372,0.773,/workspace/PVB/outputs/pvb_origin_baselines/static_retrain/train_pilot500.log
C,373,0.825,/workspace/PVB/outputs/pvb_origin_baselines/static_retrain/train_pilot500.log
C,374,1.45,/workspace/PVB/outputs/pvb_origin_baselines/static_retrain/train_pilot500.log
C,375,0.903,/workspace/PVB/outputs/pvb_origin_baselines/static_retrain/train_pilot500.log
C,376,1.04,/workspace/PVB/outputs/pvb_origin_baselines/static_retrain/train_pilot500.log
C,377,0.761,/workspace/PVB/outputs/pvb_origin_baselines/static_retrain/train_pilot500.log
C,378,0.722,/workspace/PVB/outputs/pvb_origin_baselines/static_retrain/train_pilot500.log
C,379,1.77,/workspace/PVB/outputs/pvb_origin_baselines/static_retrain/train_pilot500.log
C,380,1.76,/workspace/PVB/outputs/pvb_origin_baselines/static_retrain/train_pilot500.log
C,381,0.86,/workspace/PVB/outputs/pvb_origin_baselines/static_retrain/train_pilot500.log
C,382,0.775,/workspace/PVB/outputs/pvb_origin_baselines/static_retrain/train_pilot500.log
C,383,1.14,/workspace/PVB/outputs/pvb_origin_baselines/static_retrain/train_pilot500.log
C,384,2.03,/workspace/PVB/outputs/pvb_origin_baselines/static_retrain/train_pilot500.log
C,385,0.97,/workspace/PVB/outputs/pvb_origin_baselines/static_retrain/train_pilot500.log
C,386,0.85,/workspace/PVB/outputs/pvb_origin_baselines/static_retrain/train_pilot500.log
C,387,0.996,/workspace/PVB/outputs/pvb_origin_baselines/static_retrain/train_pilot500.log
C,388,1.04,/workspace/PVB/outputs/pvb_origin_baselines/static_retrain/train_pilot500.log
C,389,1.32,/workspace/PVB/outputs/pvb_origin_baselines/static_retrain/train_pilot500.log
C,390,1.31,/workspace/PVB/outputs/pvb_origin_baselines/static_retrain/train_pilot500.log
C,391,0.879,/workspace/PVB/outputs/pvb_origin_baselines/static_retrain/train_pilot500.log
C,392,0.928,/workspace/PVB/outputs/pvb_origin_baselines/static_retrain/train_pilot500.log
C,393,2.11,/workspace/PVB/outputs/pvb_origin_baselines/static_retrain/train_pilot500.log
C,394,0.627,/workspace/PVB/outputs/pvb_origin_baselines/static_retrain/train_pilot500.log
C,395,0.988,/workspace/PVB/outputs/pvb_origin_baselines/static_retrain/train_pilot500.log
C,396,0.555,/workspace/PVB/outputs/pvb_origin_baselines/static_retrain/train_pilot500.log
C,397,1.26,/workspace/PVB/outputs/pvb_origin_baselines/static_retrain/train_pilot500.log
C,398,1.15,/workspace/PVB/outputs/pvb_origin_baselines/static_retrain/train_pilot500.log
C,399,1.11,/workspace/PVB/outputs/pvb_origin_baselines/static_retrain/train_pilot500.log
C,400,3.3,/workspace/PVB/outputs/pvb_origin_baselines/static_retrain/train_pilot500.log
C,401,0.987,/workspace/PVB/outputs/pvb_origin_baselines/static_retrain/train_pilot500.log
C,402,1.24,/workspace/PVB/outputs/pvb_origin_baselines/static_retrain/train_pilot500.log
C,403,1.19,/workspace/PVB/outputs/pvb_origin_baselines/static_retrain/train_pilot500.log
C,404,0.609,/workspace/PVB/outputs/pvb_origin_baselines/static_retrain/train_pilot500.log
C,405,1.31,/workspace/PVB/outputs/pvb_origin_baselines/static_retrain/train_pilot500.log
C,406,0.826,/workspace/PVB/outputs/pvb_origin_baselines/static_retrain/train_pilot500.log
C,407,0.931,/workspace/PVB/outputs/pvb_origin_baselines/static_retrain/train_pilot500.log
C,408,1.14,/workspace/PVB/outputs/pvb_origin_baselines/static_retrain/train_pilot500.log
C,409,0.898,/workspace/PVB/outputs/pvb_origin_baselines/static_retrain/train_pilot500.log
C,410,1.53,/workspace/PVB/outputs/pvb_origin_baselines/static_retrain/train_pilot500.log
C,411,0.932,/workspace/PVB/outputs/pvb_origin_baselines/static_retrain/train_pilot500.log
C,412,2.16,/workspace/PVB/outputs/pvb_origin_baselines/static_retrain/train_pilot500.log
C,413,1.17,/workspace/PVB/outputs/pvb_origin_baselines/static_retrain/train_pilot500.log
C,414,1.31,/workspace/PVB/outputs/pvb_origin_baselines/static_retrain/train_pilot500.log
C,415,2.05,/workspace/PVB/outputs/pvb_origin_baselines/static_retrain/train_pilot500.log
C,416,1.43,/workspace/PVB/outputs/pvb_origin_baselines/static_retrain/train_pilot500.log
C,417,1.15,/workspace/PVB/outputs/pvb_origin_baselines/static_retrain/train_pilot500.log
C,418,1.7,/workspace/PVB/outputs/pvb_origin_baselines/static_retrain/train_pilot500.log
C,419,0.788,/workspace/PVB/outputs/pvb_origin_baselines/static_retrain/train_pilot500.log
C,420,0.792,/workspace/PVB/outputs/pvb_origin_baselines/static_retrain/train_pilot500.log
C,421,1.79,/workspace/PVB/outputs/pvb_origin_baselines/static_retrain/train_pilot500.log
C,422,1.27,/workspace/PVB/outputs/pvb_origin_baselines/static_retrain/train_pilot500.log
C,423,1.2,/workspace/PVB/outputs/pvb_origin_baselines/static_retrain/train_pilot500.log
C,424,0.987,/workspace/PVB/outputs/pvb_origin_baselines/static_retrain/train_pilot500.log
C,425,0.969,/workspace/PVB/outputs/pvb_origin_baselines/static_retrain/train_pilot500.log
C,426,0.846,/workspace/PVB/outputs/pvb_origin_baselines/static_retrain/train_pilot500.log
C,427,2.06,/workspace/PVB/outputs/pvb_origin_baselines/static_retrain/train_pilot500.log
C,428,6.73,/workspace/PVB/outputs/pvb_origin_baselines/static_retrain/train_pilot500.log
C,429,2.38,/workspace/PVB/outputs/pvb_origin_baselines/static_retrain/train_pilot500.log
C,430,1.42,/workspace/PVB/outputs/pvb_origin_baselines/static_retrain/train_pilot500.log
C,431,0.994,/workspace/PVB/outputs/pvb_origin_baselines/static_retrain/train_pilot500.log
C,432,1.68,/workspace/PVB/outputs/pvb_origin_baselines/static_retrain/train_pilot500.log
C,433,0.982,/workspace/PVB/outputs/pvb_origin_baselines/static_retrain/train_pilot500.log
C,434,1.11,/workspace/PVB/outputs/pvb_origin_baselines/static_retrain/train_pilot500.log
C,435,1.6,/workspace/PVB/outputs/pvb_origin_baselines/static_retrain/train_pilot500.log
C,436,0.619,/workspace/PVB/outputs/pvb_origin_baselines/static_retrain/train_pilot500.log
C,437,1.5,/workspace/PVB/outputs/pvb_origin_baselines/static_retrain/train_pilot500.log
C,438,4.18,/workspace/PVB/outputs/pvb_origin_baselines/static_retrain/train_pilot500.log
C,439,2.24,/workspace/PVB/outputs/pvb_origin_baselines/static_retrain/train_pilot500.log
C,440,0.918,/workspace/PVB/outputs/pvb_origin_baselines/static_retrain/train_pilot500.log
C,441,0.867,/workspace/PVB/outputs/pvb_origin_baselines/static_retrain/train_pilot500.log
C,442,2.87,/workspace/PVB/outputs/pvb_origin_baselines/static_retrain/train_pilot500.log
C,443,2.95,/workspace/PVB/outputs/pvb_origin_baselines/static_retrain/train_pilot500.log
C,444,0.795,/workspace/PVB/outputs/pvb_origin_baselines/static_retrain/train_pilot500.log
C,445,1.14,/workspace/PVB/outputs/pvb_origin_baselines/static_retrain/train_pilot500.log
C,446,0.88,/workspace/PVB/outputs/pvb_origin_baselines/static_retrain/train_pilot500.log
C,447,1.43,/workspace/PVB/outputs/pvb_origin_baselines/static_retrain/train_pilot500.log
C,448,0.977,/workspace/PVB/outputs/pvb_origin_baselines/static_retrain/train_pilot500.log
C,449,1.5,/workspace/PVB/outputs/pvb_origin_baselines/static_retrain/train_pilot500.log
C,450,0.968,/workspace/PVB/outputs/pvb_origin_baselines/static_retrain/train_pilot500.log
C,451,2.19,/workspace/PVB/outputs/pvb_origin_baselines/static_retrain/train_pilot500.log
C,452,0.859,/workspace/PVB/outputs/pvb_origin_baselines/static_retrain/train_pilot500.log
C,453,0.798,/workspace/PVB/outputs/pvb_origin_baselines/static_retrain/train_pilot500.log
C,454,1.3,/workspace/PVB/outputs/pvb_origin_baselines/static_retrain/train_pilot500.log
C,455,1.4,/workspace/PVB/outputs/pvb_origin_baselines/static_retrain/train_pilot500.log
C,456,1.09,/workspace/PVB/outputs/pvb_origin_baselines/static_retrain/train_pilot500.log
C,457,1.04,/workspace/PVB/outputs/pvb_origin_baselines/static_retrain/train_pilot500.log
C,458,0.793,/workspace/PVB/outputs/pvb_origin_baselines/static_retrain/train_pilot500.log
C,459,1.15,/workspace/PVB/outputs/pvb_origin_baselines/static_retrain/train_pilot500.log
C,460,1.23,/workspace/PVB/outputs/pvb_origin_baselines/static_retrain/train_pilot500.log
C,461,3.56,/workspace/PVB/outputs/pvb_origin_baselines/static_retrain/train_pilot500.log
C,462,2.03,/workspace/PVB/outputs/pvb_origin_baselines/static_retrain/train_pilot500.log
C,463,1.05,/workspace/PVB/outputs/pvb_origin_baselines/static_retrain/train_pilot500.log
C,464,1.84,/workspace/PVB/outputs/pvb_origin_baselines/static_retrain/train_pilot500.log
C,465,2.84,/workspace/PVB/outputs/pvb_origin_baselines/static_retrain/train_pilot500.log
C,466,1.31,/workspace/PVB/outputs/pvb_origin_baselines/static_retrain/train_pilot500.log
C,467,1.86,/workspace/PVB/outputs/pvb_origin_baselines/static_retrain/train_pilot500.log
C,468,0.752,/workspace/PVB/outputs/pvb_origin_baselines/static_retrain/train_pilot500.log
C,469,2.63,/workspace/PVB/outputs/pvb_origin_baselines/static_retrain/train_pilot500.log
C,470,1.02,/workspace/PVB/outputs/pvb_origin_baselines/static_retrain/train_pilot500.log
C,471,0.596,/workspace/PVB/outputs/pvb_origin_baselines/static_retrain/train_pilot500.log
C,472,2.84,/workspace/PVB/outputs/pvb_origin_baselines/static_retrain/train_pilot500.log
C,473,1.26,/workspace/PVB/outputs/pvb_origin_baselines/static_retrain/train_pilot500.log
C,474,0.839,/workspace/PVB/outputs/pvb_origin_baselines/static_retrain/train_pilot500.log
C,475,0.941,/workspace/PVB/outputs/pvb_origin_baselines/static_retrain/train_pilot500.log
C,476,0.793,/workspace/PVB/outputs/pvb_origin_baselines/static_retrain/train_pilot500.log
C,477,1.06,/workspace/PVB/outputs/pvb_origin_baselines/static_retrain/train_pilot500.log
C,478,1.11,/workspace/PVB/outputs/pvb_origin_baselines/static_retrain/train_pilot500.log
C,479,1.3,/workspace/PVB/outputs/pvb_origin_baselines/static_retrain/train_pilot500.log
C,480,1.04,/workspace/PVB/outputs/pvb_origin_baselines/static_retrain/train_pilot500.log
C,481,0.876,/workspace/PVB/outputs/pvb_origin_baselines/static_retrain/train_pilot500.log
C,482,0.864,/workspace/PVB/outputs/pvb_origin_baselines/static_retrain/train_pilot500.log
C,483,0.705,/workspace/PVB/outputs/pvb_origin_baselines/static_retrain/train_pilot500.log
C,484,1.18,/workspace/PVB/outputs/pvb_origin_baselines/static_retrain/train_pilot500.log
C,485,1.03,/workspace/PVB/outputs/pvb_origin_baselines/static_retrain/train_pilot500.log
C,486,1.59,/workspace/PVB/outputs/pvb_origin_baselines/static_retrain/train_pilot500.log
C,487,2.07,/workspace/PVB/outputs/pvb_origin_baselines/static_retrain/train_pilot500.log
C,488,0.743,/workspace/PVB/outputs/pvb_origin_baselines/static_retrain/train_pilot500.log
C,489,1.43,/workspace/PVB/outputs/pvb_origin_baselines/static_retrain/train_pilot500.log
C,490,1.32,/workspace/PVB/outputs/pvb_origin_baselines/static_retrain/train_pilot500.log
C,491,1.24,/workspace/PVB/outputs/pvb_origin_baselines/static_retrain/train_pilot500.log
C,492,0.681,/workspace/PVB/outputs/pvb_origin_baselines/static_retrain/train_pilot500.log
C,493,1.4,/workspace/PVB/outputs/pvb_origin_baselines/static_retrain/train_pilot500.log
C,494,2.17,/workspace/PVB/outputs/pvb_origin_baselines/static_retrain/train_pilot500.log
C,495,1.02,/workspace/PVB/outputs/pvb_origin_baselines/static_retrain/train_pilot500.log
C,496,2.1,/workspace/PVB/outputs/pvb_origin_baselines/static_retrain/train_pilot500.log
C,497,0.775,/workspace/PVB/outputs/pvb_origin_baselines/static_retrain/train_pilot500.log
C,498,1.81,/workspace/PVB/outputs/pvb_origin_baselines/static_retrain/train_pilot500.log
C,499,1.37,/workspace/PVB/outputs/pvb_origin_baselines/static_retrain/train_pilot500.log
C,500,0.953,/workspace/PVB/outputs/pvb_origin_baselines/static_retrain/train_pilot500.log
C,501,0.667,/workspace/PVB/outputs/pvb_origin_baselines/static_retrain/train_pilot500.log
C,502,7.84,/workspace/PVB/outputs/pvb_origin_baselines/static_retrain/train_pilot500.log
C,503,1.19,/workspace/PVB/outputs/pvb_origin_baselines/static_retrain/train_pilot500.log
C,504,1.46,/workspace/PVB/outputs/pvb_origin_baselines/static_retrain/train_pilot500.log
C,505,2.79,/workspace/PVB/outputs/pvb_origin_baselines/static_retrain/train_pilot500.log
C,506,1.04,/workspace/PVB/outputs/pvb_origin_baselines/static_retrain/train_pilot500.log
C,507,1.59,/workspace/PVB/outputs/pvb_origin_baselines/static_retrain/train_pilot500.log
C,508,0.927,/workspace/PVB/outputs/pvb_origin_baselines/static_retrain/train_pilot500.log
C,509,0.886,/workspace/PVB/outputs/pvb_origin_baselines/static_retrain/train_pilot500.log
C,510,1.17,/workspace/PVB/outputs/pvb_origin_baselines/static_retrain/train_pilot500.log
C,511,1.95,/workspace/PVB/outputs/pvb_origin_baselines/static_retrain/train_pilot500.log
C,512,1.03,/workspace/PVB/outputs/pvb_origin_baselines/static_retrain/train_pilot500.log
C,513,0.79,/workspace/PVB/outputs/pvb_origin_baselines/static_retrain/train_pilot500.log
C,514,0.853,/workspace/PVB/outputs/pvb_origin_baselines/static_retrain/train_pilot500.log
C,515,0.769,/workspace/PVB/outputs/pvb_origin_baselines/static_retrain/train_pilot500.log
C,516,0.674,/workspace/PVB/outputs/pvb_origin_baselines/static_retrain/train_pilot500.log
C,517,2.33,/workspace/PVB/outputs/pvb_origin_baselines/static_retrain/train_pilot500.log
C,518,1.83,/workspace/PVB/outputs/pvb_origin_baselines/static_retrain/train_pilot500.log
C,519,4.21,/workspace/PVB/outputs/pvb_origin_baselines/static_retrain/train_pilot500.log
C,520,1.07,/workspace/PVB/outputs/pvb_origin_baselines/static_retrain/train_pilot500.log
C,521,1.21,/workspace/PVB/outputs/pvb_origin_baselines/static_retrain/train_pilot500.log
C,522,1.31,/workspace/PVB/outputs/pvb_origin_baselines/static_retrain/train_pilot500.log
C,523,1.2,/workspace/PVB/outputs/pvb_origin_baselines/static_retrain/train_pilot500.log
C,524,1.98,/workspace/PVB/outputs/pvb_origin_baselines/static_retrain/train_pilot500.log
C,525,1.38,/workspace/PVB/outputs/pvb_origin_baselines/static_retrain/train_pilot500.log
C,526,6.98,/workspace/PVB/outputs/pvb_origin_baselines/static_retrain/train_pilot500.log
C,527,1.96,/workspace/PVB/outputs/pvb_origin_baselines/static_retrain/train_pilot500.log
C,528,2.23,/workspace/PVB/outputs/pvb_origin_baselines/static_retrain/train_pilot500.log
C,529,1.04,/workspace/PVB/outputs/pvb_origin_baselines/static_retrain/train_pilot500.log
C,530,1.08,/workspace/PVB/outputs/pvb_origin_baselines/static_retrain/train_pilot500.log
C,531,0.642,/workspace/PVB/outputs/pvb_origin_baselines/static_retrain/train_pilot500.log
C,532,1.42,/workspace/PVB/outputs/pvb_origin_baselines/static_retrain/train_pilot500.log
C,533,2.48,/workspace/PVB/outputs/pvb_origin_baselines/static_retrain/train_pilot500.log
C,534,0.8,/workspace/PVB/outputs/pvb_origin_baselines/static_retrain/train_pilot500.log
C,535,0.813,/workspace/PVB/outputs/pvb_origin_baselines/static_retrain/train_pilot500.log
C,536,1.02,/workspace/PVB/outputs/pvb_origin_baselines/static_retrain/train_pilot500.log
C,537,0.931,/workspace/PVB/outputs/pvb_origin_baselines/static_retrain/train_pilot500.log
C,538,2.25,/workspace/PVB/outputs/pvb_origin_baselines/static_retrain/train_pilot500.log
C,539,1.93,/workspace/PVB/outputs/pvb_origin_baselines/static_retrain/train_pilot500.log
C,540,2.12,/workspace/PVB/outputs/pvb_origin_baselines/static_retrain/train_pilot500.log
C,541,1.25,/workspace/PVB/outputs/pvb_origin_baselines/static_retrain/train_pilot500.log
C,542,0.689,/workspace/PVB/outputs/pvb_origin_baselines/static_retrain/train_pilot500.log
C,543,0.855,/workspace/PVB/outputs/pvb_origin_baselines/static_retrain/train_pilot500.log
C,544,1.33,/workspace/PVB/outputs/pvb_origin_baselines/static_retrain/train_pilot500.log
C,545,1.67,/workspace/PVB/outputs/pvb_origin_baselines/static_retrain/train_pilot500.log
C,546,1.13,/workspace/PVB/outputs/pvb_origin_baselines/static_retrain/train_pilot500.log
C,547,1.14,/workspace/PVB/outputs/pvb_origin_baselines/static_retrain/train_pilot500.log
C,548,1.01,/workspace/PVB/outputs/pvb_origin_baselines/static_retrain/train_pilot500.log
C,549,1.31,/workspace/PVB/outputs/pvb_origin_baselines/static_retrain/train_pilot500.log
C,550,1.07,/workspace/PVB/outputs/pvb_origin_baselines/static_retrain/train_pilot500.log
C,551,1.42,/workspace/PVB/outputs/pvb_origin_baselines/static_retrain/train_pilot500.log
C,552,1.26,/workspace/PVB/outputs/pvb_origin_baselines/static_retrain/train_pilot500.log
C,553,0.969,/workspace/PVB/outputs/pvb_origin_baselines/static_retrain/train_pilot500.log
C,554,1.05,/workspace/PVB/outputs/pvb_origin_baselines/static_retrain/train_pilot500.log
C,555,0.845,/workspace/PVB/outputs/pvb_origin_baselines/static_retrain/train_pilot500.log
C,556,2.98,/workspace/PVB/outputs/pvb_origin_baselines/static_retrain/train_pilot500.log
C,557,0.589,/workspace/PVB/outputs/pvb_origin_baselines/static_retrain/train_pilot500.log
C,558,0.773,/workspace/PVB/outputs/pvb_origin_baselines/static_retrain/train_pilot500.log
C,559,1.86,/workspace/PVB/outputs/pvb_origin_baselines/static_retrain/train_pilot500.log
C,560,1.15,/workspace/PVB/outputs/pvb_origin_baselines/static_retrain/train_pilot500.log
C,561,1.25,/workspace/PVB/outputs/pvb_origin_baselines/static_retrain/train_pilot500.log
C,562,1.33,/workspace/PVB/outputs/pvb_origin_baselines/static_retrain/train_pilot500.log
C,563,0.903,/workspace/PVB/outputs/pvb_origin_baselines/static_retrain/train_pilot500.log
C,564,1.66,/workspace/PVB/outputs/pvb_origin_baselines/static_retrain/train_pilot500.log
C,565,1.55,/workspace/PVB/outputs/pvb_origin_baselines/static_retrain/train_pilot500.log
C,566,1.74,/workspace/PVB/outputs/pvb_origin_baselines/static_retrain/train_pilot500.log
C,567,1.35,/workspace/PVB/outputs/pvb_origin_baselines/static_retrain/train_pilot500.log
C,568,1.08,/workspace/PVB/outputs/pvb_origin_baselines/static_retrain/train_pilot500.log
C,569,1.08,/workspace/PVB/outputs/pvb_origin_baselines/static_retrain/train_pilot500.log
C,570,2.09,/workspace/PVB/outputs/pvb_origin_baselines/static_retrain/train_pilot500.log
C,571,1.48,/workspace/PVB/outputs/pvb_origin_baselines/static_retrain/train_pilot500.log
C,572,0.921,/workspace/PVB/outputs/pvb_origin_baselines/static_retrain/train_pilot500.log
C,573,1.18,/workspace/PVB/outputs/pvb_origin_baselines/static_retrain/train_pilot500.log
C,574,1.07,/workspace/PVB/outputs/pvb_origin_baselines/static_retrain/train_pilot500.log
C,575,1.19,/workspace/PVB/outputs/pvb_origin_baselines/static_retrain/train_pilot500.log
C,576,0.717,/workspace/PVB/outputs/pvb_origin_baselines/static_retrain/train_pilot500.log
C,577,1.12,/workspace/PVB/outputs/pvb_origin_baselines/static_retrain/train_pilot500.log
C,578,1.34,/workspace/PVB/outputs/pvb_origin_baselines/static_retrain/train_pilot500.log
C,579,1.33,/workspace/PVB/outputs/pvb_origin_baselines/static_retrain/train_pilot500.log
C,580,1.01,/workspace/PVB/outputs/pvb_origin_baselines/static_retrain/train_pilot500.log
C,581,1.56,/workspace/PVB/outputs/pvb_origin_baselines/static_retrain/train_pilot500.log
C,582,1.01,/workspace/PVB/outputs/pvb_origin_baselines/static_retrain/train_pilot500.log
C,583,0.745,/workspace/PVB/outputs/pvb_origin_baselines/static_retrain/train_pilot500.log
C,584,1.05,/workspace/PVB/outputs/pvb_origin_baselines/static_retrain/train_pilot500.log
C,585,0.786,/workspace/PVB/outputs/pvb_origin_baselines/static_retrain/train_pilot500.log
C,586,3.81,/workspace/PVB/outputs/pvb_origin_baselines/static_retrain/train_pilot500.log
C,587,0.94,/workspace/PVB/outputs/pvb_origin_baselines/static_retrain/train_pilot500.log
C,588,1.94,/workspace/PVB/outputs/pvb_origin_baselines/static_retrain/train_pilot500.log
C,589,0.48,/workspace/PVB/outputs/pvb_origin_baselines/static_retrain/train_pilot500.log
C,590,2.84,/workspace/PVB/outputs/pvb_origin_baselines/static_retrain/train_pilot500.log
C,591,1.49,/workspace/PVB/outputs/pvb_origin_baselines/static_retrain/train_pilot500.log
C,592,1.13,/workspace/PVB/outputs/pvb_origin_baselines/static_retrain/train_pilot500.log
C,593,1.91,/workspace/PVB/outputs/pvb_origin_baselines/static_retrain/train_pilot500.log
C,594,0.613,/workspace/PVB/outputs/pvb_origin_baselines/static_retrain/train_pilot500.log
C,595,0.917,/workspace/PVB/outputs/pvb_origin_baselines/static_retrain/train_pilot500.log
C,596,1.03,/workspace/PVB/outputs/pvb_origin_baselines/static_retrain/train_pilot500.log
C,597,1.06,/workspace/PVB/outputs/pvb_origin_baselines/static_retrain/train_pilot500.log
C,598,0.742,/workspace/PVB/outputs/pvb_origin_baselines/static_retrain/train_pilot500.log
C,599,1.42,/workspace/PVB/outputs/pvb_origin_baselines/static_retrain/train_pilot500.log
C,600,3.51,/workspace/PVB/outputs/pvb_origin_baselines/static_retrain/train_pilot500.log
C,601,1.12,/workspace/PVB/outputs/pvb_origin_baselines/static_retrain/train_pilot500.log
C,602,1.07,/workspace/PVB/outputs/pvb_origin_baselines/static_retrain/train_pilot500.log
C,603,1.93,/workspace/PVB/outputs/pvb_origin_baselines/static_retrain/train_pilot500.log
C,604,1.14,/workspace/PVB/outputs/pvb_origin_baselines/static_retrain/train_pilot500.log
C,605,0.969,/workspace/PVB/outputs/pvb_origin_baselines/static_retrain/train_pilot500.log
C,606,1.06,/workspace/PVB/outputs/pvb_origin_baselines/static_retrain/train_pilot500.log
C,607,0.887,/workspace/PVB/outputs/pvb_origin_baselines/static_retrain/train_pilot500.log
C,608,1.36,/workspace/PVB/outputs/pvb_origin_baselines/static_retrain/train_pilot500.log
C,609,1.82,/workspace/PVB/outputs/pvb_origin_baselines/static_retrain/train_pilot500.log
C,610,0.834,/workspace/PVB/outputs/pvb_origin_baselines/static_retrain/train_pilot500.log
C,611,1.1,/workspace/PVB/outputs/pvb_origin_baselines/static_retrain/train_pilot500.log
C,612,1.57,/workspace/PVB/outputs/pvb_origin_baselines/static_retrain/train_pilot500.log
C,613,2.62,/workspace/PVB/outputs/pvb_origin_baselines/static_retrain/train_pilot500.log
C,614,1.34,/workspace/PVB/outputs/pvb_origin_baselines/static_retrain/train_pilot500.log
C,615,0.843,/workspace/PVB/outputs/pvb_origin_baselines/static_retrain/train_pilot500.log
C,616,2.23,/workspace/PVB/outputs/pvb_origin_baselines/static_retrain/train_pilot500.log
C,617,0.95,/workspace/PVB/outputs/pvb_origin_baselines/static_retrain/train_pilot500.log
C,618,1.71,/workspace/PVB/outputs/pvb_origin_baselines/static_retrain/train_pilot500.log
C,619,1.48,/workspace/PVB/outputs/pvb_origin_baselines/static_retrain/train_pilot500.log
C,620,2.2,/workspace/PVB/outputs/pvb_origin_baselines/static_retrain/train_pilot500.log
C,621,1.46,/workspace/PVB/outputs/pvb_origin_baselines/static_retrain/train_pilot500.log
C,622,8.23,/workspace/PVB/outputs/pvb_origin_baselines/static_retrain/train_pilot500.log
C,623,1.71,/workspace/PVB/outputs/pvb_origin_baselines/static_retrain/train_pilot500.log
C,624,1.49,/workspace/PVB/outputs/pvb_origin_baselines/static_retrain/train_pilot500.log
C,625,2.13,/workspace/PVB/outputs/pvb_origin_baselines/static_retrain/train_pilot500.log
C,626,1.37,/workspace/PVB/outputs/pvb_origin_baselines/static_retrain/train_pilot500.log
C,627,2.58,/workspace/PVB/outputs/pvb_origin_baselines/static_retrain/train_pilot500.log
C,628,1.49,/workspace/PVB/outputs/pvb_origin_baselines/static_retrain/train_pilot500.log
C,629,0.843,/workspace/PVB/outputs/pvb_origin_baselines/static_retrain/train_pilot500.log
C,630,1.19,/workspace/PVB/outputs/pvb_origin_baselines/static_retrain/train_pilot500.log
C,631,0.759,/workspace/PVB/outputs/pvb_origin_baselines/static_retrain/train_pilot500.log
C,632,1.42,/workspace/PVB/outputs/pvb_origin_baselines/static_retrain/train_pilot500.log
C,633,3.01,/workspace/PVB/outputs/pvb_origin_baselines/static_retrain/train_pilot500.log
C,634,1.03,/workspace/PVB/outputs/pvb_origin_baselines/static_retrain/train_pilot500.log
C,635,1.45,/workspace/PVB/outputs/pvb_origin_baselines/static_retrain/train_pilot500.log
C,636,1.74,/workspace/PVB/outputs/pvb_origin_baselines/static_retrain/train_pilot500.log
C,637,0.903,/workspace/PVB/outputs/pvb_origin_baselines/static_retrain/train_pilot500.log
C,638,2.24,/workspace/PVB/outputs/pvb_origin_baselines/static_retrain/train_pilot500.log
C,639,1.84,/workspace/PVB/outputs/pvb_origin_baselines/static_retrain/train_pilot500.log
C,640,0.887,/workspace/PVB/outputs/pvb_origin_baselines/static_retrain/train_pilot500.log
C,641,0.528,/workspace/PVB/outputs/pvb_origin_baselines/static_retrain/train_pilot500.log
C,642,0.692,/workspace/PVB/outputs/pvb_origin_baselines/static_retrain/train_pilot500.log
C,643,1.08,/workspace/PVB/outputs/pvb_origin_baselines/static_retrain/train_pilot500.log
C,644,1.16,/workspace/PVB/outputs/pvb_origin_baselines/static_retrain/train_pilot500.log
C,645,0.758,/workspace/PVB/outputs/pvb_origin_baselines/static_retrain/train_pilot500.log
C,646,2.07,/workspace/PVB/outputs/pvb_origin_baselines/static_retrain/train_pilot500.log
C,647,4.75,/workspace/PVB/outputs/pvb_origin_baselines/static_retrain/train_pilot500.log
C,648,0.905,/workspace/PVB/outputs/pvb_origin_baselines/static_retrain/train_pilot500.log
C,649,1.13,/workspace/PVB/outputs/pvb_origin_baselines/static_retrain/train_pilot500.log
C,650,0.963,/workspace/PVB/outputs/pvb_origin_baselines/static_retrain/train_pilot500.log
C,651,1.2,/workspace/PVB/outputs/pvb_origin_baselines/static_retrain/train_pilot500.log
C,652,2.88,/workspace/PVB/outputs/pvb_origin_baselines/static_retrain/train_pilot500.log
C,653,1.83,/workspace/PVB/outputs/pvb_origin_baselines/static_retrain/train_pilot500.log
C,654,1.05,/workspace/PVB/outputs/pvb_origin_baselines/static_retrain/train_pilot500.log
C,655,0.816,/workspace/PVB/outputs/pvb_origin_baselines/static_retrain/train_pilot500.log
C,656,0.677,/workspace/PVB/outputs/pvb_origin_baselines/static_retrain/train_pilot500.log
C,657,1.85,/workspace/PVB/outputs/pvb_origin_baselines/static_retrain/train_pilot500.log
C,658,1.18,/workspace/PVB/outputs/pvb_origin_baselines/static_retrain/train_pilot500.log
C,659,2.62,/workspace/PVB/outputs/pvb_origin_baselines/static_retrain/train_pilot500.log
C,660,0.904,/workspace/PVB/outputs/pvb_origin_baselines/static_retrain/train_pilot500.log
C,661,0.975,/workspace/PVB/outputs/pvb_origin_baselines/static_retrain/train_pilot500.log
C,662,0.71,/workspace/PVB/outputs/pvb_origin_baselines/static_retrain/train_pilot500.log
C,663,1.06,/workspace/PVB/outputs/pvb_origin_baselines/static_retrain/train_pilot500.log
C,664,2.47,/workspace/PVB/outputs/pvb_origin_baselines/static_retrain/train_pilot500.log
C,665,1.85,/workspace/PVB/outputs/pvb_origin_baselines/static_retrain/train_pilot500.log
C,666,1.01,/workspace/PVB/outputs/pvb_origin_baselines/static_retrain/train_pilot500.log
C,667,1.98,/workspace/PVB/outputs/pvb_origin_baselines/static_retrain/train_pilot500.log
C,668,1.17,/workspace/PVB/outputs/pvb_origin_baselines/static_retrain/train_pilot500.log
C,669,1.9,/workspace/PVB/outputs/pvb_origin_baselines/static_retrain/train_pilot500.log
C,670,1.38,/workspace/PVB/outputs/pvb_origin_baselines/static_retrain/train_pilot500.log
C,671,1.1,/workspace/PVB/outputs/pvb_origin_baselines/static_retrain/train_pilot500.log
C,672,0.92,/workspace/PVB/outputs/pvb_origin_baselines/static_retrain/train_pilot500.log
C,673,0.674,/workspace/PVB/outputs/pvb_origin_baselines/static_retrain/train_pilot500.log
C,674,0.949,/workspace/PVB/outputs/pvb_origin_baselines/static_retrain/train_pilot500.log
C,675,1.02,/workspace/PVB/outputs/pvb_origin_baselines/static_retrain/train_pilot500.log
C,676,0.636,/workspace/PVB/outputs/pvb_origin_baselines/static_retrain/train_pilot500.log
C,677,1.34,/workspace/PVB/outputs/pvb_origin_baselines/static_retrain/train_pilot500.log
C,678,0.678,/workspace/PVB/outputs/pvb_origin_baselines/static_retrain/train_pilot500.log
C,679,0.816,/workspace/PVB/outputs/pvb_origin_baselines/static_retrain/train_pilot500.log
C,680,0.966,/workspace/PVB/outputs/pvb_origin_baselines/static_retrain/train_pilot500.log
C,681,1.02,/workspace/PVB/outputs/pvb_origin_baselines/static_retrain/train_pilot500.log
C,682,0.985,/workspace/PVB/outputs/pvb_origin_baselines/static_retrain/train_pilot500.log
C,683,0.884,/workspace/PVB/outputs/pvb_origin_baselines/static_retrain/train_pilot500.log
C,684,0.91,/workspace/PVB/outputs/pvb_origin_baselines/static_retrain/train_pilot500.log
C,685,0.569,/workspace/PVB/outputs/pvb_origin_baselines/static_retrain/train_pilot500.log
C,686,1.27,/workspace/PVB/outputs/pvb_origin_baselines/static_retrain/train_pilot500.log
C,687,1.21,/workspace/PVB/outputs/pvb_origin_baselines/static_retrain/train_pilot500.log
C,688,1.57,/workspace/PVB/outputs/pvb_origin_baselines/static_retrain/train_pilot500.log
C,689,2.71,/workspace/PVB/outputs/pvb_origin_baselines/static_retrain/train_pilot500.log
C,690,1.15,/workspace/PVB/outputs/pvb_origin_baselines/static_retrain/train_pilot500.log
C,691,0.52,/workspace/PVB/outputs/pvb_origin_baselines/static_retrain/train_pilot500.log
C,692,2.51,/workspace/PVB/outputs/pvb_origin_baselines/static_retrain/train_pilot500.log
C,693,7.63,/workspace/PVB/outputs/pvb_origin_baselines/static_retrain/train_pilot500.log
C,694,1.65,/workspace/PVB/outputs/pvb_origin_baselines/static_retrain/train_pilot500.log
C,695,1.29,/workspace/PVB/outputs/pvb_origin_baselines/static_retrain/train_pilot500.log
C,696,1.19,/workspace/PVB/outputs/pvb_origin_baselines/static_retrain/train_pilot500.log
C,697,10.5,/workspace/PVB/outputs/pvb_origin_baselines/static_retrain/train_pilot500.log
C,698,1.25,/workspace/PVB/outputs/pvb_origin_baselines/static_retrain/train_pilot500.log
C,699,3.18,/workspace/PVB/outputs/pvb_origin_baselines/static_retrain/train_pilot500.log
C,700,1.21,/workspace/PVB/outputs/pvb_origin_baselines/static_retrain/train_pilot500.log
C,701,0.412,/workspace/PVB/outputs/pvb_origin_baselines/static_retrain/train_pilot500.log
C,702,0.898,/workspace/PVB/outputs/pvb_origin_baselines/static_retrain/train_pilot500.log
C,703,1.77,/workspace/PVB/outputs/pvb_origin_baselines/static_retrain/train_pilot500.log
C,704,2.9,/workspace/PVB/outputs/pvb_origin_baselines/static_retrain/train_pilot500.log
C,705,2.32,/workspace/PVB/outputs/pvb_origin_baselines/static_retrain/train_pilot500.log
C,706,0.539,/workspace/PVB/outputs/pvb_origin_baselines/static_retrain/train_pilot500.log
C,707,1.17,/workspace/PVB/outputs/pvb_origin_baselines/static_retrain/train_pilot500.log
C,708,0.837,/workspace/PVB/outputs/pvb_origin_baselines/static_retrain/train_pilot500.log
C,709,2.9,/workspace/PVB/outputs/pvb_origin_baselines/static_retrain/train_pilot500.log
C,710,0.964,/workspace/PVB/outputs/pvb_origin_baselines/static_retrain/train_pilot500.log
C,711,1.41,/workspace/PVB/outputs/pvb_origin_baselines/static_retrain/train_pilot500.log
C,712,1.1,/workspace/PVB/outputs/pvb_origin_baselines/static_retrain/train_pilot500.log
C,713,1.21,/workspace/PVB/outputs/pvb_origin_baselines/static_retrain/train_pilot500.log
C,714,1.84,/workspace/PVB/outputs/pvb_origin_baselines/static_retrain/train_pilot500.log
C,715,1.71,/workspace/PVB/outputs/pvb_origin_baselines/static_retrain/train_pilot500.log
C,716,8.94,/workspace/PVB/outputs/pvb_origin_baselines/static_retrain/train_pilot500.log
C,717,3.45,/workspace/PVB/outputs/pvb_origin_baselines/static_retrain/train_pilot500.log
C,718,0.572,/workspace/PVB/outputs/pvb_origin_baselines/static_retrain/train_pilot500.log
C,719,0.815,/workspace/PVB/outputs/pvb_origin_baselines/static_retrain/train_pilot500.log
C,720,1.04,/workspace/PVB/outputs/pvb_origin_baselines/static_retrain/train_pilot500.log
C,721,1.39,/workspace/PVB/outputs/pvb_origin_baselines/static_retrain/train_pilot500.log
C,722,1.48,/workspace/PVB/outputs/pvb_origin_baselines/static_retrain/train_pilot500.log
C,723,2.41,/workspace/PVB/outputs/pvb_origin_baselines/static_retrain/train_pilot500.log
C,724,1.69,/workspace/PVB/outputs/pvb_origin_baselines/static_retrain/train_pilot500.log
C,725,1.09,/workspace/PVB/outputs/pvb_origin_baselines/static_retrain/train_pilot500.log
C,726,0.601,/workspace/PVB/outputs/pvb_origin_baselines/static_retrain/train_pilot500.log
C,727,0.96,/workspace/PVB/outputs/pvb_origin_baselines/static_retrain/train_pilot500.log
C,728,0.949,/workspace/PVB/outputs/pvb_origin_baselines/static_retrain/train_pilot500.log
C,729,1.1,/workspace/PVB/outputs/pvb_origin_baselines/static_retrain/train_pilot500.log
C,730,1.0,/workspace/PVB/outputs/pvb_origin_baselines/static_retrain/train_pilot500.log
C,731,1.08,/workspace/PVB/outputs/pvb_origin_baselines/static_retrain/train_pilot500.log
C,732,1.79,/workspace/PVB/outputs/pvb_origin_baselines/static_retrain/train_pilot500.log
C,733,0.889,/workspace/PVB/outputs/pvb_origin_baselines/static_retrain/train_pilot500.log
C,734,1.42,/workspace/PVB/outputs/pvb_origin_baselines/static_retrain/train_pilot500.log
C,735,1.31,/workspace/PVB/outputs/pvb_origin_baselines/static_retrain/train_pilot500.log
C,736,1.04,/workspace/PVB/outputs/pvb_origin_baselines/static_retrain/train_pilot500.log
C,737,1.15,/workspace/PVB/outputs/pvb_origin_baselines/static_retrain/train_pilot500.log
C,738,1.68,/workspace/PVB/outputs/pvb_origin_baselines/static_retrain/train_pilot500.log
C,739,0.906,/workspace/PVB/outputs/pvb_origin_baselines/static_retrain/train_pilot500.log
C,740,2.05,/workspace/PVB/outputs/pvb_origin_baselines/static_retrain/train_pilot500.log
C,741,1.03,/workspace/PVB/outputs/pvb_origin_baselines/static_retrain/train_pilot500.log
C,742,1.34,/workspace/PVB/outputs/pvb_origin_baselines/static_retrain/train_pilot500.log
C,743,1.48,/workspace/PVB/outputs/pvb_origin_baselines/static_retrain/train_pilot500.log
C,744,1.19,/workspace/PVB/outputs/pvb_origin_baselines/static_retrain/train_pilot500.log
C,745,1.12,/workspace/PVB/outputs/pvb_origin_baselines/static_retrain/train_pilot500.log
C,746,6.73,/workspace/PVB/outputs/pvb_origin_baselines/static_retrain/train_pilot500.log
C,747,0.921,/workspace/PVB/outputs/pvb_origin_baselines/static_retrain/train_pilot500.log
C,748,1.84,/workspace/PVB/outputs/pvb_origin_baselines/static_retrain/train_pilot500.log
C,749,1.86,/workspace/PVB/outputs/pvb_origin_baselines/static_retrain/train_pilot500.log
C,750,1.24,/workspace/PVB/outputs/pvb_origin_baselines/static_retrain/train_pilot500.log
C,751,0.638,/workspace/PVB/outputs/pvb_origin_baselines/static_retrain/train_pilot500.log
C,752,0.923,/workspace/PVB/outputs/pvb_origin_baselines/static_retrain/train_pilot500.log
C,753,1.62,/workspace/PVB/outputs/pvb_origin_baselines/static_retrain/train_pilot500.log
C,754,5.94,/workspace/PVB/outputs/pvb_origin_baselines/static_retrain/train_pilot500.log
C,755,3.24,/workspace/PVB/outputs/pvb_origin_baselines/static_retrain/train_pilot500.log
C,756,0.745,/workspace/PVB/outputs/pvb_origin_baselines/static_retrain/train_pilot500.log
C,757,1.68,/workspace/PVB/outputs/pvb_origin_baselines/static_retrain/train_pilot500.log
C,758,4.0,/workspace/PVB/outputs/pvb_origin_baselines/static_retrain/train_pilot500.log
C,759,2.24,/workspace/PVB/outputs/pvb_origin_baselines/static_retrain/train_pilot500.log
C,760,1.44,/workspace/PVB/outputs/pvb_origin_baselines/static_retrain/train_pilot500.log
C,761,1.45,/workspace/PVB/outputs/pvb_origin_baselines/static_retrain/train_pilot500.log
C,762,1.16,/workspace/PVB/outputs/pvb_origin_baselines/static_retrain/train_pilot500.log
C,763,1.05,/workspace/PVB/outputs/pvb_origin_baselines/static_retrain/train_pilot500.log
C,764,2.21,/workspace/PVB/outputs/pvb_origin_baselines/static_retrain/train_pilot500.log
C,765,0.968,/workspace/PVB/outputs/pvb_origin_baselines/static_retrain/train_pilot500.log
C,766,1.48,/workspace/PVB/outputs/pvb_origin_baselines/static_retrain/train_pilot500.log
C,767,0.983,/workspace/PVB/outputs/pvb_origin_baselines/static_retrain/train_pilot500.log
C,768,0.741,/workspace/PVB/outputs/pvb_origin_baselines/static_retrain/train_pilot500.log
C,769,1.24,/workspace/PVB/outputs/pvb_origin_baselines/static_retrain/train_pilot500.log
C,770,1.23,/workspace/PVB/outputs/pvb_origin_baselines/static_retrain/train_pilot500.log
C,771,1.84,/workspace/PVB/outputs/pvb_origin_baselines/static_retrain/train_pilot500.log
C,772,1.2,/workspace/PVB/outputs/pvb_origin_baselines/static_retrain/train_pilot500.log
C,773,1.46,/workspace/PVB/outputs/pvb_origin_baselines/static_retrain/train_pilot500.log
C,774,0.789,/workspace/PVB/outputs/pvb_origin_baselines/static_retrain/train_pilot500.log
C,775,2.41,/workspace/PVB/outputs/pvb_origin_baselines/static_retrain/train_pilot500.log
C,776,5.03,/workspace/PVB/outputs/pvb_origin_baselines/static_retrain/train_pilot500.log
C,777,1.03,/workspace/PVB/outputs/pvb_origin_baselines/static_retrain/train_pilot500.log
C,778,0.87,/workspace/PVB/outputs/pvb_origin_baselines/static_retrain/train_pilot500.log
C,779,1.46,/workspace/PVB/outputs/pvb_origin_baselines/static_retrain/train_pilot500.log
C,780,0.546,/workspace/PVB/outputs/pvb_origin_baselines/static_retrain/train_pilot500.log
C,781,1.06,/workspace/PVB/outputs/pvb_origin_baselines/static_retrain/train_pilot500.log
C,782,2.55,/workspace/PVB/outputs/pvb_origin_baselines/static_retrain/train_pilot500.log
C,783,0.884,/workspace/PVB/outputs/pvb_origin_baselines/static_retrain/train_pilot500.log
C,784,1.06,/workspace/PVB/outputs/pvb_origin_baselines/static_retrain/train_pilot500.log
C,785,0.823,/workspace/PVB/outputs/pvb_origin_baselines/static_retrain/train_pilot500.log
C,786,0.978,/workspace/PVB/outputs/pvb_origin_baselines/static_retrain/train_pilot500.log
C,787,0.905,/workspace/PVB/outputs/pvb_origin_baselines/static_retrain/train_pilot500.log
C,788,3.01,/workspace/PVB/outputs/pvb_origin_baselines/static_retrain/train_pilot500.log
C,789,12.4,/workspace/PVB/outputs/pvb_origin_baselines/static_retrain/train_pilot500.log
C,790,2.24,/workspace/PVB/outputs/pvb_origin_baselines/static_retrain/train_pilot500.log
C,791,0.961,/workspace/PVB/outputs/pvb_origin_baselines/static_retrain/train_pilot500.log
C,792,1.1,/workspace/PVB/outputs/pvb_origin_baselines/static_retrain/train_pilot500.log
C,793,1.32,/workspace/PVB/outputs/pvb_origin_baselines/static_retrain/train_pilot500.log
C,794,1.15,/workspace/PVB/outputs/pvb_origin_baselines/static_retrain/train_pilot500.log
C,795,1.25,/workspace/PVB/outputs/pvb_origin_baselines/static_retrain/train_pilot500.log
C,796,0.936,/workspace/PVB/outputs/pvb_origin_baselines/static_retrain/train_pilot500.log
C,797,1.1,/workspace/PVB/outputs/pvb_origin_baselines/static_retrain/train_pilot500.log
C,798,1.11,/workspace/PVB/outputs/pvb_origin_baselines/static_retrain/train_pilot500.log
C,799,1.71,/workspace/PVB/outputs/pvb_origin_baselines/static_retrain/train_pilot500.log
C,800,1.33,/workspace/PVB/outputs/pvb_origin_baselines/static_retrain/train_pilot500.log
C,801,0.854,/workspace/PVB/outputs/pvb_origin_baselines/static_retrain/train_pilot500.log
C,802,0.853,/workspace/PVB/outputs/pvb_origin_baselines/static_retrain/train_pilot500.log
C,803,1.34,/workspace/PVB/outputs/pvb_origin_baselines/static_retrain/train_pilot500.log
C,804,1.02,/workspace/PVB/outputs/pvb_origin_baselines/static_retrain/train_pilot500.log
C,805,1.24,/workspace/PVB/outputs/pvb_origin_baselines/static_retrain/train_pilot500.log
C,806,0.678,/workspace/PVB/outputs/pvb_origin_baselines/static_retrain/train_pilot500.log
C,807,1.23,/workspace/PVB/outputs/pvb_origin_baselines/static_retrain/train_pilot500.log
C,808,1.0,/workspace/PVB/outputs/pvb_origin_baselines/static_retrain/train_pilot500.log
C,809,1.28,/workspace/PVB/outputs/pvb_origin_baselines/static_retrain/train_pilot500.log
C,810,5.11,/workspace/PVB/outputs/pvb_origin_baselines/static_retrain/train_pilot500.log
C,811,0.988,/workspace/PVB/outputs/pvb_origin_baselines/static_retrain/train_pilot500.log
C,812,1.47,/workspace/PVB/outputs/pvb_origin_baselines/static_retrain/train_pilot500.log
C,813,1.58,/workspace/PVB/outputs/pvb_origin_baselines/static_retrain/train_pilot500.log
C,814,1.0,/workspace/PVB/outputs/pvb_origin_baselines/static_retrain/train_pilot500.log
C,815,1.67,/workspace/PVB/outputs/pvb_origin_baselines/static_retrain/train_pilot500.log
C,816,1.66,/workspace/PVB/outputs/pvb_origin_baselines/static_retrain/train_pilot500.log
C,817,4.95,/workspace/PVB/outputs/pvb_origin_baselines/static_retrain/train_pilot500.log
C,818,1.18,/workspace/PVB/outputs/pvb_origin_baselines/static_retrain/train_pilot500.log
C,819,1.96,/workspace/PVB/outputs/pvb_origin_baselines/static_retrain/train_pilot500.log
C,820,1.73,/workspace/PVB/outputs/pvb_origin_baselines/static_retrain/train_pilot500.log
C,821,0.803,/workspace/PVB/outputs/pvb_origin_baselines/static_retrain/train_pilot500.log
C,822,1.6,/workspace/PVB/outputs/pvb_origin_baselines/static_retrain/train_pilot500.log
C,823,1.06,/workspace/PVB/outputs/pvb_origin_baselines/static_retrain/train_pilot500.log
C,824,1.97,/workspace/PVB/outputs/pvb_origin_baselines/static_retrain/train_pilot500.log
C,825,3.92,/workspace/PVB/outputs/pvb_origin_baselines/static_retrain/train_pilot500.log
C,826,0.623,/workspace/PVB/outputs/pvb_origin_baselines/static_retrain/train_pilot500.log
C,827,2.6,/workspace/PVB/outputs/pvb_origin_baselines/static_retrain/train_pilot500.log
C,828,1.09,/workspace/PVB/outputs/pvb_origin_baselines/static_retrain/train_pilot500.log
C,829,1.02,/workspace/PVB/outputs/pvb_origin_baselines/static_retrain/train_pilot500.log
C,830,1.5,/workspace/PVB/outputs/pvb_origin_baselines/static_retrain/train_pilot500.log
C,831,1.15,/workspace/PVB/outputs/pvb_origin_baselines/static_retrain/train_pilot500.log
C,832,1.79,/workspace/PVB/outputs/pvb_origin_baselines/static_retrain/train_pilot500.log
C,833,0.719,/workspace/PVB/outputs/pvb_origin_baselines/static_retrain/train_pilot500.log
C,834,0.758,/workspace/PVB/outputs/pvb_origin_baselines/static_retrain/train_pilot500.log
C,835,1.03,/workspace/PVB/outputs/pvb_origin_baselines/static_retrain/train_pilot500.log
C,836,1.21,/workspace/PVB/outputs/pvb_origin_baselines/static_retrain/train_pilot500.log
C,837,0.835,/workspace/PVB/outputs/pvb_origin_baselines/static_retrain/train_pilot500.log
C,838,0.571,/workspace/PVB/outputs/pvb_origin_baselines/static_retrain/train_pilot500.log
C,839,1.01,/workspace/PVB/outputs/pvb_origin_baselines/static_retrain/train_pilot500.log
C,840,2.71,/workspace/PVB/outputs/pvb_origin_baselines/static_retrain/train_pilot500.log
C,841,0.618,/workspace/PVB/outputs/pvb_origin_baselines/static_retrain/train_pilot500.log
C,842,1.05,/workspace/PVB/outputs/pvb_origin_baselines/static_retrain/train_pilot500.log
C,843,0.887,/workspace/PVB/outputs/pvb_origin_baselines/static_retrain/train_pilot500.log
C,844,1.47,/workspace/PVB/outputs/pvb_origin_baselines/static_retrain/train_pilot500.log
C,845,0.761,/workspace/PVB/outputs/pvb_origin_baselines/static_retrain/train_pilot500.log
C,846,0.837,/workspace/PVB/outputs/pvb_origin_baselines/static_retrain/train_pilot500.log
C,847,1.86,/workspace/PVB/outputs/pvb_origin_baselines/static_retrain/train_pilot500.log
C,848,3.84,/workspace/PVB/outputs/pvb_origin_baselines/static_retrain/train_pilot500.log
C,849,0.806,/workspace/PVB/outputs/pvb_origin_baselines/static_retrain/train_pilot500.log
C,850,1.51,/workspace/PVB/outputs/pvb_origin_baselines/static_retrain/train_pilot500.log
C,851,1.12,/workspace/PVB/outputs/pvb_origin_baselines/static_retrain/train_pilot500.log
C,852,11.5,/workspace/PVB/outputs/pvb_origin_baselines/static_retrain/train_pilot500.log
C,853,1.21,/workspace/PVB/outputs/pvb_origin_baselines/static_retrain/train_pilot500.log
C,854,0.981,/workspace/PVB/outputs/pvb_origin_baselines/static_retrain/train_pilot500.log
C,855,4.01,/workspace/PVB/outputs/pvb_origin_baselines/static_retrain/train_pilot500.log
C,856,1.62,/workspace/PVB/outputs/pvb_origin_baselines/static_retrain/train_pilot500.log
C,857,1.24,/workspace/PVB/outputs/pvb_origin_baselines/static_retrain/train_pilot500.log
C,858,1.01,/workspace/PVB/outputs/pvb_origin_baselines/static_retrain/train_pilot500.log
C,859,2.17,/workspace/PVB/outputs/pvb_origin_baselines/static_retrain/train_pilot500.log
C,860,1.63,/workspace/PVB/outputs/pvb_origin_baselines/static_retrain/train_pilot500.log
C,861,2.06,/workspace/PVB/outputs/pvb_origin_baselines/static_retrain/train_pilot500.log
C,862,1.01,/workspace/PVB/outputs/pvb_origin_baselines/static_retrain/train_pilot500.log
C,863,1.96,/workspace/PVB/outputs/pvb_origin_baselines/static_retrain/train_pilot500.log
C,864,2.02,/workspace/PVB/outputs/pvb_origin_baselines/static_retrain/train_pilot500.log
C,865,2.87,/workspace/PVB/outputs/pvb_origin_baselines/static_retrain/train_pilot500.log
C,866,1.12,/workspace/PVB/outputs/pvb_origin_baselines/static_retrain/train_pilot500.log
C,867,1.1,/workspace/PVB/outputs/pvb_origin_baselines/static_retrain/train_pilot500.log
C,868,1.03,/workspace/PVB/outputs/pvb_origin_baselines/static_retrain/train_pilot500.log
C,869,1.55,/workspace/PVB/outputs/pvb_origin_baselines/static_retrain/train_pilot500.log
C,870,1.26,/workspace/PVB/outputs/pvb_origin_baselines/static_retrain/train_pilot500.log
C,871,0.504,/workspace/PVB/outputs/pvb_origin_baselines/static_retrain/train_pilot500.log
C,872,0.806,/workspace/PVB/outputs/pvb_origin_baselines/static_retrain/train_pilot500.log
C,873,6.56,/workspace/PVB/outputs/pvb_origin_baselines/static_retrain/train_pilot500.log
C,874,1.79,/workspace/PVB/outputs/pvb_origin_baselines/static_retrain/train_pilot500.log
C,875,1.8,/workspace/PVB/outputs/pvb_origin_baselines/static_retrain/train_pilot500.log
C,876,1.34,/workspace/PVB/outputs/pvb_origin_baselines/static_retrain/train_pilot500.log
C,877,1.23,/workspace/PVB/outputs/pvb_origin_baselines/static_retrain/train_pilot500.log
C,878,0.868,/workspace/PVB/outputs/pvb_origin_baselines/static_retrain/train_pilot500.log
C,879,1.19,/workspace/PVB/outputs/pvb_origin_baselines/static_retrain/train_pilot500.log
C,880,0.772,/workspace/PVB/outputs/pvb_origin_baselines/static_retrain/train_pilot500.log
C,881,1.03,/workspace/PVB/outputs/pvb_origin_baselines/static_retrain/train_pilot500.log
C,882,1.17,/workspace/PVB/outputs/pvb_origin_baselines/static_retrain/train_pilot500.log
C,883,1.15,/workspace/PVB/outputs/pvb_origin_baselines/static_retrain/train_pilot500.log
C,884,1.14,/workspace/PVB/outputs/pvb_origin_baselines/static_retrain/train_pilot500.log
C,885,0.711,/workspace/PVB/outputs/pvb_origin_baselines/static_retrain/train_pilot500.log
C,886,1.4,/workspace/PVB/outputs/pvb_origin_baselines/static_retrain/train_pilot500.log
C,887,1.21,/workspace/PVB/outputs/pvb_origin_baselines/static_retrain/train_pilot500.log
C,888,0.959,/workspace/PVB/outputs/pvb_origin_baselines/static_retrain/train_pilot500.log
C,889,0.854,/workspace/PVB/outputs/pvb_origin_baselines/static_retrain/train_pilot500.log
C,890,0.86,/workspace/PVB/outputs/pvb_origin_baselines/static_retrain/train_pilot500.log
C,891,0.773,/workspace/PVB/outputs/pvb_origin_baselines/static_retrain/train_pilot500.log
C,892,1.72,/workspace/PVB/outputs/pvb_origin_baselines/static_retrain/train_pilot500.log
C,893,1.14,/workspace/PVB/outputs/pvb_origin_baselines/static_retrain/train_pilot500.log
C,894,1.4,/workspace/PVB/outputs/pvb_origin_baselines/static_retrain/train_pilot500.log
C,895,3.42,/workspace/PVB/outputs/pvb_origin_baselines/static_retrain/train_pilot500.log
C,896,0.866,/workspace/PVB/outputs/pvb_origin_baselines/static_retrain/train_pilot500.log
C,897,1.01,/workspace/PVB/outputs/pvb_origin_baselines/static_retrain/train_pilot500.log
C,898,0.629,/workspace/PVB/outputs/pvb_origin_baselines/static_retrain/train_pilot500.log
C,899,1.17,/workspace/PVB/outputs/pvb_origin_baselines/static_retrain/train_pilot500.log
C,900,1.48,/workspace/PVB/outputs/pvb_origin_baselines/static_retrain/train_pilot500.log
C,901,1.06,/workspace/PVB/outputs/pvb_origin_baselines/static_retrain/train_pilot500.log
C,902,1.38,/workspace/PVB/outputs/pvb_origin_baselines/static_retrain/train_pilot500.log
C,903,0.824,/workspace/PVB/outputs/pvb_origin_baselines/static_retrain/train_pilot500.log
C,904,0.8,/workspace/PVB/outputs/pvb_origin_baselines/static_retrain/train_pilot500.log
C,905,0.784,/workspace/PVB/outputs/pvb_origin_baselines/static_retrain/train_pilot500.log
C,906,2.58,/workspace/PVB/outputs/pvb_origin_baselines/static_retrain/train_pilot500.log
C,907,1.59,/workspace/PVB/outputs/pvb_origin_baselines/static_retrain/train_pilot500.log
C,908,0.755,/workspace/PVB/outputs/pvb_origin_baselines/static_retrain/train_pilot500.log
C,909,1.51,/workspace/PVB/outputs/pvb_origin_baselines/static_retrain/train_pilot500.log
C,910,18.6,/workspace/PVB/outputs/pvb_origin_baselines/static_retrain/train_pilot500.log
C,911,0.717,/workspace/PVB/outputs/pvb_origin_baselines/static_retrain/train_pilot500.log
C,912,1.27,/workspace/PVB/outputs/pvb_origin_baselines/static_retrain/train_pilot500.log
C,913,0.959,/workspace/PVB/outputs/pvb_origin_baselines/static_retrain/train_pilot500.log
C,914,1.02,/workspace/PVB/outputs/pvb_origin_baselines/static_retrain/train_pilot500.log
C,915,1.4,/workspace/PVB/outputs/pvb_origin_baselines/static_retrain/train_pilot500.log
C,916,1.49,/workspace/PVB/outputs/pvb_origin_baselines/static_retrain/train_pilot500.log
C,917,2.63,/workspace/PVB/outputs/pvb_origin_baselines/static_retrain/train_pilot500.log
C,918,1.4,/workspace/PVB/outputs/pvb_origin_baselines/static_retrain/train_pilot500.log
C,919,1.45,/workspace/PVB/outputs/pvb_origin_baselines/static_retrain/train_pilot500.log
C,920,1.77,/workspace/PVB/outputs/pvb_origin_baselines/static_retrain/train_pilot500.log
C,921,1.41,/workspace/PVB/outputs/pvb_origin_baselines/static_retrain/train_pilot500.log
C,922,1.01,/workspace/PVB/outputs/pvb_origin_baselines/static_retrain/train_pilot500.log
C,923,2.07,/workspace/PVB/outputs/pvb_origin_baselines/static_retrain/train_pilot500.log
C,924,0.713,/workspace/PVB/outputs/pvb_origin_baselines/static_retrain/train_pilot500.log
C,925,3.32,/workspace/PVB/outputs/pvb_origin_baselines/static_retrain/train_pilot500.log
C,926,0.821,/workspace/PVB/outputs/pvb_origin_baselines/static_retrain/train_pilot500.log
C,927,0.948,/workspace/PVB/outputs/pvb_origin_baselines/static_retrain/train_pilot500.log
C,928,1.38,/workspace/PVB/outputs/pvb_origin_baselines/static_retrain/train_pilot500.log
C,929,1.46,/workspace/PVB/outputs/pvb_origin_baselines/static_retrain/train_pilot500.log
C,930,1.36,/workspace/PVB/outputs/pvb_origin_baselines/static_retrain/train_pilot500.log
C,931,0.954,/workspace/PVB/outputs/pvb_origin_baselines/static_retrain/train_pilot500.log
C,932,3.28,/workspace/PVB/outputs/pvb_origin_baselines/static_retrain/train_pilot500.log
C,933,1.25,/workspace/PVB/outputs/pvb_origin_baselines/static_retrain/train_pilot500.log
C,934,1.96,/workspace/PVB/outputs/pvb_origin_baselines/static_retrain/train_pilot500.log
C,935,1.7,/workspace/PVB/outputs/pvb_origin_baselines/static_retrain/train_pilot500.log
C,936,1.11,/workspace/PVB/outputs/pvb_origin_baselines/static_retrain/train_pilot500.log
C,937,1.34,/workspace/PVB/outputs/pvb_origin_baselines/static_retrain/train_pilot500.log
C,938,1.4,/workspace/PVB/outputs/pvb_origin_baselines/static_retrain/train_pilot500.log
C,939,1.29,/workspace/PVB/outputs/pvb_origin_baselines/static_retrain/train_pilot500.log
C,940,0.915,/workspace/PVB/outputs/pvb_origin_baselines/static_retrain/train_pilot500.log
C,941,1.38,/workspace/PVB/outputs/pvb_origin_baselines/static_retrain/train_pilot500.log
C,942,0.907,/workspace/PVB/outputs/pvb_origin_baselines/static_retrain/train_pilot500.log
C,943,1.45,/workspace/PVB/outputs/pvb_origin_baselines/static_retrain/train_pilot500.log
C,944,0.783,/workspace/PVB/outputs/pvb_origin_baselines/static_retrain/train_pilot500.log
C,945,1.92,/workspace/PVB/outputs/pvb_origin_baselines/static_retrain/train_pilot500.log
C,946,1.04,/workspace/PVB/outputs/pvb_origin_baselines/static_retrain/train_pilot500.log
C,947,1.08,/workspace/PVB/outputs/pvb_origin_baselines/static_retrain/train_pilot500.log
C,948,0.813,/workspace/PVB/outputs/pvb_origin_baselines/static_retrain/train_pilot500.log
C,949,1.43,/workspace/PVB/outputs/pvb_origin_baselines/static_retrain/train_pilot500.log
C,950,3.09,/workspace/PVB/outputs/pvb_origin_baselines/static_retrain/train_pilot500.log
C,951,2.23,/workspace/PVB/outputs/pvb_origin_baselines/static_retrain/train_pilot500.log
C,952,1.18,/workspace/PVB/outputs/pvb_origin_baselines/static_retrain/train_pilot500.log
C,953,2.14,/workspace/PVB/outputs/pvb_origin_baselines/static_retrain/train_pilot500.log
C,954,1.13,/workspace/PVB/outputs/pvb_origin_baselines/static_retrain/train_pilot500.log
C,955,1.23,/workspace/PVB/outputs/pvb_origin_baselines/static_retrain/train_pilot500.log
C,956,1.07,/workspace/PVB/outputs/pvb_origin_baselines/static_retrain/train_pilot500.log
C,957,1.17,/workspace/PVB/outputs/pvb_origin_baselines/static_retrain/train_pilot500.log
C,958,1.54,/workspace/PVB/outputs/pvb_origin_baselines/static_retrain/train_pilot500.log
C,959,0.711,/workspace/PVB/outputs/pvb_origin_baselines/static_retrain/train_pilot500.log
C,960,10.4,/workspace/PVB/outputs/pvb_origin_baselines/static_retrain/train_pilot500.log
C,961,0.864,/workspace/PVB/outputs/pvb_origin_baselines/static_retrain/train_pilot500.log
C,962,1.07,/workspace/PVB/outputs/pvb_origin_baselines/static_retrain/train_pilot500.log
C,963,1.55,/workspace/PVB/outputs/pvb_origin_baselines/static_retrain/train_pilot500.log
C,964,0.588,/workspace/PVB/outputs/pvb_origin_baselines/static_retrain/train_pilot500.log
C,965,2.42,/workspace/PVB/outputs/pvb_origin_baselines/static_retrain/train_pilot500.log
C,966,0.541,/workspace/PVB/outputs/pvb_origin_baselines/static_retrain/train_pilot500.log
C,967,1.14,/workspace/PVB/outputs/pvb_origin_baselines/static_retrain/train_pilot500.log
C,968,1.51,/workspace/PVB/outputs/pvb_origin_baselines/static_retrain/train_pilot500.log
C,969,1.44,/workspace/PVB/outputs/pvb_origin_baselines/static_retrain/train_pilot500.log
C,970,1.71,/workspace/PVB/outputs/pvb_origin_baselines/static_retrain/train_pilot500.log
C,971,2.08,/workspace/PVB/outputs/pvb_origin_baselines/static_retrain/train_pilot500.log
C,972,0.626,/workspace/PVB/outputs/pvb_origin_baselines/static_retrain/train_pilot500.log
C,973,1.13,/workspace/PVB/outputs/pvb_origin_baselines/static_retrain/train_pilot500.log
C,974,2.5,/workspace/PVB/outputs/pvb_origin_baselines/static_retrain/train_pilot500.log
C,975,3.15,/workspace/PVB/outputs/pvb_origin_baselines/static_retrain/train_pilot500.log
C,976,1.81,/workspace/PVB/outputs/pvb_origin_baselines/static_retrain/train_pilot500.log
C,977,0.921,/workspace/PVB/outputs/pvb_origin_baselines/static_retrain/train_pilot500.log
C,978,0.65,/workspace/PVB/outputs/pvb_origin_baselines/static_retrain/train_pilot500.log
C,979,1.62,/workspace/PVB/outputs/pvb_origin_baselines/static_retrain/train_pilot500.log
C,980,0.827,/workspace/PVB/outputs/pvb_origin_baselines/static_retrain/train_pilot500.log
C,981,1.42,/workspace/PVB/outputs/pvb_origin_baselines/static_retrain/train_pilot500.log
C,982,0.843,/workspace/PVB/outputs/pvb_origin_baselines/static_retrain/train_pilot500.log
C,983,1.26,/workspace/PVB/outputs/pvb_origin_baselines/static_retrain/train_pilot500.log
C,984,0.785,/workspace/PVB/outputs/pvb_origin_baselines/static_retrain/train_pilot500.log
C,985,10.8,/workspace/PVB/outputs/pvb_origin_baselines/static_retrain/train_pilot500.log
C,986,2.82,/workspace/PVB/outputs/pvb_origin_baselines/static_retrain/train_pilot500.log
C,987,1.7,/workspace/PVB/outputs/pvb_origin_baselines/static_retrain/train_pilot500.log
C,988,0.77,/workspace/PVB/outputs/pvb_origin_baselines/static_retrain/train_pilot500.log
C,989,0.761,/workspace/PVB/outputs/pvb_origin_baselines/static_retrain/train_pilot500.log
C,990,1.24,/workspace/PVB/outputs/pvb_origin_baselines/static_retrain/train_pilot500.log
C,991,1.45,/workspace/PVB/outputs/pvb_origin_baselines/static_retrain/train_pilot500.log
C,992,0.712,/workspace/PVB/outputs/pvb_origin_baselines/static_retrain/train_pilot500.log
C,993,1.87,/workspace/PVB/outputs/pvb_origin_baselines/static_retrain/train_pilot500.log
C,994,1.57,/workspace/PVB/outputs/pvb_origin_baselines/static_retrain/train_pilot500.log
C,995,1.11,/workspace/PVB/outputs/pvb_origin_baselines/static_retrain/train_pilot500.log
C,996,1.3,/workspace/PVB/outputs/pvb_origin_baselines/static_retrain/train_pilot500.log
C,997,1.8,/workspace/PVB/outputs/pvb_origin_baselines/static_retrain/train_pilot500.log
C,998,0.966,/workspace/PVB/outputs/pvb_origin_baselines/static_retrain/train_pilot500.log
C,999,1.6,/workspace/PVB/outputs/pvb_origin_baselines/static_retrain/train_pilot500.log
C,1000,1.6,/workspace/PVB/outputs/pvb_origin_baselines/static_retrain/train_pilot500.log
D,1,3.4,/workspace/PVB/outputs/pvb_origin_baselines/dynamic_retrain/baseline_d_train_gpu4_main.log
D,2,9.52,/workspace/PVB/outputs/pvb_origin_baselines/dynamic_retrain/baseline_d_train_gpu4_main.log
D,3,1.7,/workspace/PVB/outputs/pvb_origin_baselines/dynamic_retrain/baseline_d_train_gpu4_main.log
D,4,1.23,/workspace/PVB/outputs/pvb_origin_baselines/dynamic_retrain/baseline_d_train_gpu4_main.log
D,5,1.21,/workspace/PVB/outputs/pvb_origin_baselines/dynamic_retrain/baseline_d_train_gpu4_main.log
D,6,0.777,/workspace/PVB/outputs/pvb_origin_baselines/dynamic_retrain/baseline_d_train_gpu4_main.log
D,7,1.47,/workspace/PVB/outputs/pvb_origin_baselines/dynamic_retrain/baseline_d_train_gpu4_main.log
D,8,0.558,/workspace/PVB/outputs/pvb_origin_baselines/dynamic_retrain/baseline_d_train_gpu4_main.log
D,9,0.885,/workspace/PVB/outputs/pvb_origin_baselines/dynamic_retrain/baseline_d_train_gpu4_main.log
D,10,1.15,/workspace/PVB/outputs/pvb_origin_baselines/dynamic_retrain/baseline_d_train_gpu4_main.log
D,11,1.06,/workspace/PVB/outputs/pvb_origin_baselines/dynamic_retrain/baseline_d_train_gpu4_main.log
D,12,1.9,/workspace/PVB/outputs/pvb_origin_baselines/dynamic_retrain/baseline_d_train_gpu4_main.log
D,13,1.42,/workspace/PVB/outputs/pvb_origin_baselines/dynamic_retrain/baseline_d_train_gpu4_main.log
D,14,0.54,/workspace/PVB/outputs/pvb_origin_baselines/dynamic_retrain/baseline_d_train_gpu4_main.log
D,15,1.28,/workspace/PVB/outputs/pvb_origin_baselines/dynamic_retrain/baseline_d_train_gpu4_main.log
D,16,1.21,/workspace/PVB/outputs/pvb_origin_baselines/dynamic_retrain/baseline_d_train_gpu4_main.log
D,17,1.32,/workspace/PVB/outputs/pvb_origin_baselines/dynamic_retrain/baseline_d_train_gpu4_main.log
D,18,0.929,/workspace/PVB/outputs/pvb_origin_baselines/dynamic_retrain/baseline_d_train_gpu4_main.log
D,19,0.77,/workspace/PVB/outputs/pvb_origin_baselines/dynamic_retrain/baseline_d_train_gpu4_main.log
D,20,1.33,/workspace/PVB/outputs/pvb_origin_baselines/dynamic_retrain/baseline_d_train_gpu4_main.log
D,21,2.32,/workspace/PVB/outputs/pvb_origin_baselines/dynamic_retrain/baseline_d_train_gpu4_main.log
D,22,1.33,/workspace/PVB/outputs/pvb_origin_baselines/dynamic_retrain/baseline_d_train_gpu4_main.log
D,23,1.11,/workspace/PVB/outputs/pvb_origin_baselines/dynamic_retrain/baseline_d_train_gpu4_main.log
D,24,1.46,/workspace/PVB/outputs/pvb_origin_baselines/dynamic_retrain/baseline_d_train_gpu4_main.log
D,25,1.06,/workspace/PVB/outputs/pvb_origin_baselines/dynamic_retrain/baseline_d_train_gpu4_main.log
D,26,1.3,/workspace/PVB/outputs/pvb_origin_baselines/dynamic_retrain/baseline_d_train_gpu4_main.log
D,27,0.811,/workspace/PVB/outputs/pvb_origin_baselines/dynamic_retrain/baseline_d_train_gpu4_main.log
D,28,1.55,/workspace/PVB/outputs/pvb_origin_baselines/dynamic_retrain/baseline_d_train_gpu4_main.log
D,29,0.908,/workspace/PVB/outputs/pvb_origin_baselines/dynamic_retrain/baseline_d_train_gpu4_main.log
D,30,2.26,/workspace/PVB/outputs/pvb_origin_baselines/dynamic_retrain/baseline_d_train_gpu4_main.log
D,31,0.595,/workspace/PVB/outputs/pvb_origin_baselines/dynamic_retrain/baseline_d_train_gpu4_main.log
D,32,0.733,/workspace/PVB/outputs/pvb_origin_baselines/dynamic_retrain/baseline_d_train_gpu4_main.log
D,33,5.79,/workspace/PVB/outputs/pvb_origin_baselines/dynamic_retrain/baseline_d_train_gpu4_main.log
D,34,0.703,/workspace/PVB/outputs/pvb_origin_baselines/dynamic_retrain/baseline_d_train_gpu4_main.log
D,35,0.912,/workspace/PVB/outputs/pvb_origin_baselines/dynamic_retrain/baseline_d_train_gpu4_main.log
D,36,0.54,/workspace/PVB/outputs/pvb_origin_baselines/dynamic_retrain/baseline_d_train_gpu4_main.log
D,37,0.387,/workspace/PVB/outputs/pvb_origin_baselines/dynamic_retrain/baseline_d_train_gpu4_main.log
D,38,0.436,/workspace/PVB/outputs/pvb_origin_baselines/dynamic_retrain/baseline_d_train_gpu4_main.log
D,39,1.32,/workspace/PVB/outputs/pvb_origin_baselines/dynamic_retrain/baseline_d_train_gpu4_main.log
D,40,0.339,/workspace/PVB/outputs/pvb_origin_baselines/dynamic_retrain/baseline_d_train_gpu4_main.log
D,41,0.683,/workspace/PVB/outputs/pvb_origin_baselines/dynamic_retrain/baseline_d_train_gpu4_main.log
D,42,0.656,/workspace/PVB/outputs/pvb_origin_baselines/dynamic_retrain/baseline_d_train_gpu4_main.log
D,43,3.19,/workspace/PVB/outputs/pvb_origin_baselines/dynamic_retrain/baseline_d_train_gpu4_main.log
D,44,1.68,/workspace/PVB/outputs/pvb_origin_baselines/dynamic_retrain/baseline_d_train_gpu4_main.log
D,45,0.658,/workspace/PVB/outputs/pvb_origin_baselines/dynamic_retrain/baseline_d_train_gpu4_main.log
D,46,3.27,/workspace/PVB/outputs/pvb_origin_baselines/dynamic_retrain/baseline_d_train_gpu4_main.log
D,47,1.05,/workspace/PVB/outputs/pvb_origin_baselines/dynamic_retrain/baseline_d_train_gpu4_main.log
D,48,0.613,/workspace/PVB/outputs/pvb_origin_baselines/dynamic_retrain/baseline_d_train_gpu4_main.log
D,49,0.646,/workspace/PVB/outputs/pvb_origin_baselines/dynamic_retrain/baseline_d_train_gpu4_main.log
D,50,0.898,/workspace/PVB/outputs/pvb_origin_baselines/dynamic_retrain/baseline_d_train_gpu4_main.log
D,51,0.846,/workspace/PVB/outputs/pvb_origin_baselines/dynamic_retrain/baseline_d_train_gpu4_main.log
D,52,1.52,/workspace/PVB/outputs/pvb_origin_baselines/dynamic_retrain/baseline_d_train_gpu4_main.log
D,53,0.644,/workspace/PVB/outputs/pvb_origin_baselines/dynamic_retrain/baseline_d_train_gpu4_main.log
D,54,0.838,/workspace/PVB/outputs/pvb_origin_baselines/dynamic_retrain/baseline_d_train_gpu4_main.log
D,55,1.74,/workspace/PVB/outputs/pvb_origin_baselines/dynamic_retrain/baseline_d_train_gpu4_main.log
D,56,0.536,/workspace/PVB/outputs/pvb_origin_baselines/dynamic_retrain/baseline_d_train_gpu4_main.log
D,57,0.523,/workspace/PVB/outputs/pvb_origin_baselines/dynamic_retrain/baseline_d_train_gpu4_main.log
D,58,19.9,/workspace/PVB/outputs/pvb_origin_baselines/dynamic_retrain/baseline_d_train_gpu4_main.log
D,59,0.886,/workspace/PVB/outputs/pvb_origin_baselines/dynamic_retrain/baseline_d_train_gpu4_main.log
D,60,1.75,/workspace/PVB/outputs/pvb_origin_baselines/dynamic_retrain/baseline_d_train_gpu4_main.log
D,61,0.584,/workspace/PVB/outputs/pvb_origin_baselines/dynamic_retrain/baseline_d_train_gpu4_main.log
D,62,0.665,/workspace/PVB/outputs/pvb_origin_baselines/dynamic_retrain/baseline_d_train_gpu4_main.log
D,63,0.544,/workspace/PVB/outputs/pvb_origin_baselines/dynamic_retrain/baseline_d_train_gpu4_main.log
D,64,0.412,/workspace/PVB/outputs/pvb_origin_baselines/dynamic_retrain/baseline_d_train_gpu4_main.log
D,65,1.47,/workspace/PVB/outputs/pvb_origin_baselines/dynamic_retrain/baseline_d_train_gpu4_main.log
D,66,1.19,/workspace/PVB/outputs/pvb_origin_baselines/dynamic_retrain/baseline_d_train_gpu4_main.log
D,67,0.862,/workspace/PVB/outputs/pvb_origin_baselines/dynamic_retrain/baseline_d_train_gpu4_main.log
D,68,0.627,/workspace/PVB/outputs/pvb_origin_baselines/dynamic_retrain/baseline_d_train_gpu4_main.log
D,69,0.606,/workspace/PVB/outputs/pvb_origin_baselines/dynamic_retrain/baseline_d_train_gpu4_main.log
D,70,0.675,/workspace/PVB/outputs/pvb_origin_baselines/dynamic_retrain/baseline_d_train_gpu4_main.log
D,71,0.765,/workspace/PVB/outputs/pvb_origin_baselines/dynamic_retrain/baseline_d_train_gpu4_main.log
D,72,0.437,/workspace/PVB/outputs/pvb_origin_baselines/dynamic_retrain/baseline_d_train_gpu4_main.log
D,73,0.699,/workspace/PVB/outputs/pvb_origin_baselines/dynamic_retrain/baseline_d_train_gpu4_main.log
D,74,0.919,/workspace/PVB/outputs/pvb_origin_baselines/dynamic_retrain/baseline_d_train_gpu4_main.log
D,75,0.514,/workspace/PVB/outputs/pvb_origin_baselines/dynamic_retrain/baseline_d_train_gpu4_main.log
D,76,0.53,/workspace/PVB/outputs/pvb_origin_baselines/dynamic_retrain/baseline_d_train_gpu4_main.log
D,77,0.939,/workspace/PVB/outputs/pvb_origin_baselines/dynamic_retrain/baseline_d_train_gpu4_main.log
D,78,1.05,/workspace/PVB/outputs/pvb_origin_baselines/dynamic_retrain/baseline_d_train_gpu4_main.log
D,79,0.591,/workspace/PVB/outputs/pvb_origin_baselines/dynamic_retrain/baseline_d_train_gpu4_main.log
D,80,0.808,/workspace/PVB/outputs/pvb_origin_baselines/dynamic_retrain/baseline_d_train_gpu4_main.log
D,81,3.63,/workspace/PVB/outputs/pvb_origin_baselines/dynamic_retrain/baseline_d_train_gpu4_main.log
D,82,0.563,/workspace/PVB/outputs/pvb_origin_baselines/dynamic_retrain/baseline_d_train_gpu4_main.log
D,83,2.89,/workspace/PVB/outputs/pvb_origin_baselines/dynamic_retrain/baseline_d_train_gpu4_main.log
D,84,0.601,/workspace/PVB/outputs/pvb_origin_baselines/dynamic_retrain/baseline_d_train_gpu4_main.log
D,85,1.11,/workspace/PVB/outputs/pvb_origin_baselines/dynamic_retrain/baseline_d_train_gpu4_main.log
D,86,0.525,/workspace/PVB/outputs/pvb_origin_baselines/dynamic_retrain/baseline_d_train_gpu4_main.log
D,87,1.21,/workspace/PVB/outputs/pvb_origin_baselines/dynamic_retrain/baseline_d_train_gpu4_main.log
D,88,0.529,/workspace/PVB/outputs/pvb_origin_baselines/dynamic_retrain/baseline_d_train_gpu4_main.log
D,89,0.866,/workspace/PVB/outputs/pvb_origin_baselines/dynamic_retrain/baseline_d_train_gpu4_main.log
D,90,7.19,/workspace/PVB/outputs/pvb_origin_baselines/dynamic_retrain/baseline_d_train_gpu4_main.log
D,91,1.41,/workspace/PVB/outputs/pvb_origin_baselines/dynamic_retrain/baseline_d_train_gpu4_main.log
D,92,1.0,/workspace/PVB/outputs/pvb_origin_baselines/dynamic_retrain/baseline_d_train_gpu4_main.log
D,93,2.01,/workspace/PVB/outputs/pvb_origin_baselines/dynamic_retrain/baseline_d_train_gpu4_main.log
D,94,0.836,/workspace/PVB/outputs/pvb_origin_baselines/dynamic_retrain/baseline_d_train_gpu4_main.log
D,95,1.27,/workspace/PVB/outputs/pvb_origin_baselines/dynamic_retrain/baseline_d_train_gpu4_main.log
D,96,2.99,/workspace/PVB/outputs/pvb_origin_baselines/dynamic_retrain/baseline_d_train_gpu4_main.log
D,97,1.21,/workspace/PVB/outputs/pvb_origin_baselines/dynamic_retrain/baseline_d_train_gpu4_main.log
D,98,1.41,/workspace/PVB/outputs/pvb_origin_baselines/dynamic_retrain/baseline_d_train_gpu4_main.log
D,99,0.691,/workspace/PVB/outputs/pvb_origin_baselines/dynamic_retrain/baseline_d_train_gpu4_main.log
D,100,1.54,/workspace/PVB/outputs/pvb_origin_baselines/dynamic_retrain/baseline_d_train_gpu4_main.log
D,101,1.22,/workspace/PVB/outputs/pvb_origin_baselines/dynamic_retrain/baseline_d_train_gpu4_main.log
D,102,0.966,/workspace/PVB/outputs/pvb_origin_baselines/dynamic_retrain/baseline_d_train_gpu4_main.log
D,103,1.89,/workspace/PVB/outputs/pvb_origin_baselines/dynamic_retrain/baseline_d_train_gpu4_main.log
D,104,0.366,/workspace/PVB/outputs/pvb_origin_baselines/dynamic_retrain/baseline_d_train_gpu4_main.log
D,105,1.25,/workspace/PVB/outputs/pvb_origin_baselines/dynamic_retrain/baseline_d_train_gpu4_main.log
D,106,1.39,/workspace/PVB/outputs/pvb_origin_baselines/dynamic_retrain/baseline_d_train_gpu4_main.log
D,107,1.42,/workspace/PVB/outputs/pvb_origin_baselines/dynamic_retrain/baseline_d_train_gpu4_main.log
D,108,0.777,/workspace/PVB/outputs/pvb_origin_baselines/dynamic_retrain/baseline_d_train_gpu4_main.log
D,109,0.634,/workspace/PVB/outputs/pvb_origin_baselines/dynamic_retrain/baseline_d_train_gpu4_main.log
D,110,1.66,/workspace/PVB/outputs/pvb_origin_baselines/dynamic_retrain/baseline_d_train_gpu4_main.log
D,111,0.384,/workspace/PVB/outputs/pvb_origin_baselines/dynamic_retrain/baseline_d_train_gpu4_main.log
D,112,1.19,/workspace/PVB/outputs/pvb_origin_baselines/dynamic_retrain/baseline_d_train_gpu4_main.log
D,113,0.733,/workspace/PVB/outputs/pvb_origin_baselines/dynamic_retrain/baseline_d_train_gpu4_main.log
D,114,1.05,/workspace/PVB/outputs/pvb_origin_baselines/dynamic_retrain/baseline_d_train_gpu4_main.log
D,115,0.849,/workspace/PVB/outputs/pvb_origin_baselines/dynamic_retrain/baseline_d_train_gpu4_main.log
D,116,3.67,/workspace/PVB/outputs/pvb_origin_baselines/dynamic_retrain/baseline_d_train_gpu4_main.log
D,117,0.827,/workspace/PVB/outputs/pvb_origin_baselines/dynamic_retrain/baseline_d_train_gpu4_main.log
D,118,0.757,/workspace/PVB/outputs/pvb_origin_baselines/dynamic_retrain/baseline_d_train_gpu4_main.log
D,119,0.523,/workspace/PVB/outputs/pvb_origin_baselines/dynamic_retrain/baseline_d_train_gpu4_main.log
D,120,0.485,/workspace/PVB/outputs/pvb_origin_baselines/dynamic_retrain/baseline_d_train_gpu4_main.log
D,121,0.794,/workspace/PVB/outputs/pvb_origin_baselines/dynamic_retrain/baseline_d_train_gpu4_main.log
D,122,0.573,/workspace/PVB/outputs/pvb_origin_baselines/dynamic_retrain/baseline_d_train_gpu4_main.log
D,123,0.499,/workspace/PVB/outputs/pvb_origin_baselines/dynamic_retrain/baseline_d_train_gpu4_main.log
D,124,0.864,/workspace/PVB/outputs/pvb_origin_baselines/dynamic_retrain/baseline_d_train_gpu4_main.log
D,125,1.1,/workspace/PVB/outputs/pvb_origin_baselines/dynamic_retrain/baseline_d_train_gpu4_main.log
D,126,1.43,/workspace/PVB/outputs/pvb_origin_baselines/dynamic_retrain/baseline_d_train_gpu4_main.log
D,127,0.35,/workspace/PVB/outputs/pvb_origin_baselines/dynamic_retrain/baseline_d_train_gpu4_main.log
D,128,0.883,/workspace/PVB/outputs/pvb_origin_baselines/dynamic_retrain/baseline_d_train_gpu4_main.log
D,129,0.408,/workspace/PVB/outputs/pvb_origin_baselines/dynamic_retrain/baseline_d_train_gpu4_main.log
D,130,0.438,/workspace/PVB/outputs/pvb_origin_baselines/dynamic_retrain/baseline_d_train_gpu4_main.log
D,131,2.3,/workspace/PVB/outputs/pvb_origin_baselines/dynamic_retrain/baseline_d_train_gpu4_main.log
D,132,0.655,/workspace/PVB/outputs/pvb_origin_baselines/dynamic_retrain/baseline_d_train_gpu4_main.log
D,133,1.08,/workspace/PVB/outputs/pvb_origin_baselines/dynamic_retrain/baseline_d_train_gpu4_main.log
D,134,2.38,/workspace/PVB/outputs/pvb_origin_baselines/dynamic_retrain/baseline_d_train_gpu4_main.log
D,135,1.06,/workspace/PVB/outputs/pvb_origin_baselines/dynamic_retrain/baseline_d_train_gpu4_main.log
D,136,0.813,/workspace/PVB/outputs/pvb_origin_baselines/dynamic_retrain/baseline_d_train_gpu4_main.log
D,137,1.09,/workspace/PVB/outputs/pvb_origin_baselines/dynamic_retrain/baseline_d_train_gpu4_main.log
D,138,0.816,/workspace/PVB/outputs/pvb_origin_baselines/dynamic_retrain/baseline_d_train_gpu4_main.log
D,139,0.7,/workspace/PVB/outputs/pvb_origin_baselines/dynamic_retrain/baseline_d_train_gpu4_main.log
D,140,0.408,/workspace/PVB/outputs/pvb_origin_baselines/dynamic_retrain/baseline_d_train_gpu4_main.log
D,141,0.812,/workspace/PVB/outputs/pvb_origin_baselines/dynamic_retrain/baseline_d_train_gpu4_main.log
D,142,0.482,/workspace/PVB/outputs/pvb_origin_baselines/dynamic_retrain/baseline_d_train_gpu4_main.log
D,143,1.38,/workspace/PVB/outputs/pvb_origin_baselines/dynamic_retrain/baseline_d_train_gpu4_main.log
D,144,1.15,/workspace/PVB/outputs/pvb_origin_baselines/dynamic_retrain/baseline_d_train_gpu4_main.log
D,145,0.398,/workspace/PVB/outputs/pvb_origin_baselines/dynamic_retrain/baseline_d_train_gpu4_main.log
D,146,0.6,/workspace/PVB/outputs/pvb_origin_baselines/dynamic_retrain/baseline_d_train_gpu4_main.log
D,147,0.708,/workspace/PVB/outputs/pvb_origin_baselines/dynamic_retrain/baseline_d_train_gpu4_main.log
D,148,0.721,/workspace/PVB/outputs/pvb_origin_baselines/dynamic_retrain/baseline_d_train_gpu4_main.log
D,149,0.583,/workspace/PVB/outputs/pvb_origin_baselines/dynamic_retrain/baseline_d_train_gpu4_main.log
D,150,0.539,/workspace/PVB/outputs/pvb_origin_baselines/dynamic_retrain/baseline_d_train_gpu4_main.log
D,151,1.1,/workspace/PVB/outputs/pvb_origin_baselines/dynamic_retrain/baseline_d_train_gpu4_main.log
D,152,1.3,/workspace/PVB/outputs/pvb_origin_baselines/dynamic_retrain/baseline_d_train_gpu4_main.log
D,153,2.0,/workspace/PVB/outputs/pvb_origin_baselines/dynamic_retrain/baseline_d_train_gpu4_main.log
D,154,5.37,/workspace/PVB/outputs/pvb_origin_baselines/dynamic_retrain/baseline_d_train_gpu4_main.log
D,155,2.27,/workspace/PVB/outputs/pvb_origin_baselines/dynamic_retrain/baseline_d_train_gpu4_main.log
D,156,0.598,/workspace/PVB/outputs/pvb_origin_baselines/dynamic_retrain/baseline_d_train_gpu4_main.log
D,157,0.87,/workspace/PVB/outputs/pvb_origin_baselines/dynamic_retrain/baseline_d_train_gpu4_main.log
D,158,3.38,/workspace/PVB/outputs/pvb_origin_baselines/dynamic_retrain/baseline_d_train_gpu4_main.log
D,159,0.411,/workspace/PVB/outputs/pvb_origin_baselines/dynamic_retrain/baseline_d_train_gpu4_main.log
D,160,0.553,/workspace/PVB/outputs/pvb_origin_baselines/dynamic_retrain/baseline_d_train_gpu4_main.log
D,161,0.997,/workspace/PVB/outputs/pvb_origin_baselines/dynamic_retrain/baseline_d_train_gpu4_main.log
D,162,0.599,/workspace/PVB/outputs/pvb_origin_baselines/dynamic_retrain/baseline_d_train_gpu4_main.log
D,163,1.4,/workspace/PVB/outputs/pvb_origin_baselines/dynamic_retrain/baseline_d_train_gpu4_main.log
D,164,1.11,/workspace/PVB/outputs/pvb_origin_baselines/dynamic_retrain/baseline_d_train_gpu4_main.log
D,165,0.975,/workspace/PVB/outputs/pvb_origin_baselines/dynamic_retrain/baseline_d_train_gpu4_main.log
D,166,1.42,/workspace/PVB/outputs/pvb_origin_baselines/dynamic_retrain/baseline_d_train_gpu4_main.log
D,167,0.284,/workspace/PVB/outputs/pvb_origin_baselines/dynamic_retrain/baseline_d_train_gpu4_main.log
D,168,1.38,/workspace/PVB/outputs/pvb_origin_baselines/dynamic_retrain/baseline_d_train_gpu4_main.log
D,169,1.06,/workspace/PVB/outputs/pvb_origin_baselines/dynamic_retrain/baseline_d_train_gpu4_main.log
D,170,2.9,/workspace/PVB/outputs/pvb_origin_baselines/dynamic_retrain/baseline_d_train_gpu4_main.log
D,171,0.532,/workspace/PVB/outputs/pvb_origin_baselines/dynamic_retrain/baseline_d_train_gpu4_main.log
D,172,0.728,/workspace/PVB/outputs/pvb_origin_baselines/dynamic_retrain/baseline_d_train_gpu4_main.log
D,173,0.353,/workspace/PVB/outputs/pvb_origin_baselines/dynamic_retrain/baseline_d_train_gpu4_main.log
D,174,0.97,/workspace/PVB/outputs/pvb_origin_baselines/dynamic_retrain/baseline_d_train_gpu4_main.log
D,175,0.279,/workspace/PVB/outputs/pvb_origin_baselines/dynamic_retrain/baseline_d_train_gpu4_main.log
D,176,2.14,/workspace/PVB/outputs/pvb_origin_baselines/dynamic_retrain/baseline_d_train_gpu4_main.log
D,177,0.399,/workspace/PVB/outputs/pvb_origin_baselines/dynamic_retrain/baseline_d_train_gpu4_main.log
D,178,1.32,/workspace/PVB/outputs/pvb_origin_baselines/dynamic_retrain/baseline_d_train_gpu4_main.log
D,179,0.905,/workspace/PVB/outputs/pvb_origin_baselines/dynamic_retrain/baseline_d_train_gpu4_main.log
D,180,0.244,/workspace/PVB/outputs/pvb_origin_baselines/dynamic_retrain/baseline_d_train_gpu4_main.log
D,181,0.405,/workspace/PVB/outputs/pvb_origin_baselines/dynamic_retrain/baseline_d_train_gpu4_main.log
D,182,1.3,/workspace/PVB/outputs/pvb_origin_baselines/dynamic_retrain/baseline_d_train_gpu4_main.log
D,183,0.385,/workspace/PVB/outputs/pvb_origin_baselines/dynamic_retrain/baseline_d_train_gpu4_main.log
D,184,1.06,/workspace/PVB/outputs/pvb_origin_baselines/dynamic_retrain/baseline_d_train_gpu4_main.log
D,185,1.06,/workspace/PVB/outputs/pvb_origin_baselines/dynamic_retrain/baseline_d_train_gpu4_main.log
D,186,0.962,/workspace/PVB/outputs/pvb_origin_baselines/dynamic_retrain/baseline_d_train_gpu4_main.log
D,187,1.12,/workspace/PVB/outputs/pvb_origin_baselines/dynamic_retrain/baseline_d_train_gpu4_main.log
D,188,0.841,/workspace/PVB/outputs/pvb_origin_baselines/dynamic_retrain/baseline_d_train_gpu4_main.log
D,189,0.694,/workspace/PVB/outputs/pvb_origin_baselines/dynamic_retrain/baseline_d_train_gpu4_main.log
D,190,0.856,/workspace/PVB/outputs/pvb_origin_baselines/dynamic_retrain/baseline_d_train_gpu4_main.log
D,191,0.405,/workspace/PVB/outputs/pvb_origin_baselines/dynamic_retrain/baseline_d_train_gpu4_main.log
D,192,2.13,/workspace/PVB/outputs/pvb_origin_baselines/dynamic_retrain/baseline_d_train_gpu4_main.log
D,193,2.99,/workspace/PVB/outputs/pvb_origin_baselines/dynamic_retrain/baseline_d_train_gpu4_main.log
D,194,2.32,/workspace/PVB/outputs/pvb_origin_baselines/dynamic_retrain/baseline_d_train_gpu4_main.log
D,195,0.322,/workspace/PVB/outputs/pvb_origin_baselines/dynamic_retrain/baseline_d_train_gpu4_main.log
D,196,0.712,/workspace/PVB/outputs/pvb_origin_baselines/dynamic_retrain/baseline_d_train_gpu4_main.log
D,197,0.698,/workspace/PVB/outputs/pvb_origin_baselines/dynamic_retrain/baseline_d_train_gpu4_main.log
D,198,0.723,/workspace/PVB/outputs/pvb_origin_baselines/dynamic_retrain/baseline_d_train_gpu4_main.log
D,199,0.784,/workspace/PVB/outputs/pvb_origin_baselines/dynamic_retrain/baseline_d_train_gpu4_main.log
D,200,2.27,/workspace/PVB/outputs/pvb_origin_baselines/dynamic_retrain/baseline_d_train_gpu4_main.log
D,201,0.687,/workspace/PVB/outputs/pvb_origin_baselines/dynamic_retrain/baseline_d_train_gpu4_main.log
D,202,0.6,/workspace/PVB/outputs/pvb_origin_baselines/dynamic_retrain/baseline_d_train_gpu4_main.log
D,203,0.831,/workspace/PVB/outputs/pvb_origin_baselines/dynamic_retrain/baseline_d_train_gpu4_main.log
D,204,0.487,/workspace/PVB/outputs/pvb_origin_baselines/dynamic_retrain/baseline_d_train_gpu4_main.log
D,205,0.28,/workspace/PVB/outputs/pvb_origin_baselines/dynamic_retrain/baseline_d_train_gpu4_main.log
D,206,1.01,/workspace/PVB/outputs/pvb_origin_baselines/dynamic_retrain/baseline_d_train_gpu4_main.log
D,207,0.583,/workspace/PVB/outputs/pvb_origin_baselines/dynamic_retrain/baseline_d_train_gpu4_main.log
D,208,0.78,/workspace/PVB/outputs/pvb_origin_baselines/dynamic_retrain/baseline_d_train_gpu4_main.log
D,209,0.773,/workspace/PVB/outputs/pvb_origin_baselines/dynamic_retrain/baseline_d_train_gpu4_main.log
D,210,0.57,/workspace/PVB/outputs/pvb_origin_baselines/dynamic_retrain/baseline_d_train_gpu4_main.log
D,211,1.54,/workspace/PVB/outputs/pvb_origin_baselines/dynamic_retrain/baseline_d_train_gpu4_main.log
D,212,0.387,/workspace/PVB/outputs/pvb_origin_baselines/dynamic_retrain/baseline_d_train_gpu4_main.log
D,213,0.508,/workspace/PVB/outputs/pvb_origin_baselines/dynamic_retrain/baseline_d_train_gpu4_main.log
D,214,1.01,/workspace/PVB/outputs/pvb_origin_baselines/dynamic_retrain/baseline_d_train_gpu4_main.log
D,215,0.691,/workspace/PVB/outputs/pvb_origin_baselines/dynamic_retrain/baseline_d_train_gpu4_main.log
D,216,0.818,/workspace/PVB/outputs/pvb_origin_baselines/dynamic_retrain/baseline_d_train_gpu4_main.log
D,217,1.07,/workspace/PVB/outputs/pvb_origin_baselines/dynamic_retrain/baseline_d_train_gpu4_main.log
D,218,2.32,/workspace/PVB/outputs/pvb_origin_baselines/dynamic_retrain/baseline_d_train_gpu4_main.log
D,219,0.494,/workspace/PVB/outputs/pvb_origin_baselines/dynamic_retrain/baseline_d_train_gpu4_main.log
D,220,1.04,/workspace/PVB/outputs/pvb_origin_baselines/dynamic_retrain/baseline_d_train_gpu4_main.log
D,221,0.88,/workspace/PVB/outputs/pvb_origin_baselines/dynamic_retrain/baseline_d_train_gpu4_main.log
D,222,0.681,/workspace/PVB/outputs/pvb_origin_baselines/dynamic_retrain/baseline_d_train_gpu4_main.log
D,223,0.702,/workspace/PVB/outputs/pvb_origin_baselines/dynamic_retrain/baseline_d_train_gpu4_main.log
D,224,0.73,/workspace/PVB/outputs/pvb_origin_baselines/dynamic_retrain/baseline_d_train_gpu4_main.log
D,225,0.818,/workspace/PVB/outputs/pvb_origin_baselines/dynamic_retrain/baseline_d_train_gpu4_main.log
D,226,0.411,/workspace/PVB/outputs/pvb_origin_baselines/dynamic_retrain/baseline_d_train_gpu4_main.log
D,227,1.13,/workspace/PVB/outputs/pvb_origin_baselines/dynamic_retrain/baseline_d_train_gpu4_main.log
D,228,0.389,/workspace/PVB/outputs/pvb_origin_baselines/dynamic_retrain/baseline_d_train_gpu4_main.log
D,229,0.83,/workspace/PVB/outputs/pvb_origin_baselines/dynamic_retrain/baseline_d_train_gpu4_main.log
D,230,0.469,/workspace/PVB/outputs/pvb_origin_baselines/dynamic_retrain/baseline_d_train_gpu4_main.log
D,231,1.01,/workspace/PVB/outputs/pvb_origin_baselines/dynamic_retrain/baseline_d_train_gpu4_main.log
D,232,0.873,/workspace/PVB/outputs/pvb_origin_baselines/dynamic_retrain/baseline_d_train_gpu4_main.log
D,233,1.38,/workspace/PVB/outputs/pvb_origin_baselines/dynamic_retrain/baseline_d_train_gpu4_main.log
D,234,0.677,/workspace/PVB/outputs/pvb_origin_baselines/dynamic_retrain/baseline_d_train_gpu4_main.log
D,235,2.22,/workspace/PVB/outputs/pvb_origin_baselines/dynamic_retrain/baseline_d_train_gpu4_main.log
D,236,0.807,/workspace/PVB/outputs/pvb_origin_baselines/dynamic_retrain/baseline_d_train_gpu4_main.log
D,237,0.509,/workspace/PVB/outputs/pvb_origin_baselines/dynamic_retrain/baseline_d_train_gpu4_main.log
D,238,0.53,/workspace/PVB/outputs/pvb_origin_baselines/dynamic_retrain/baseline_d_train_gpu4_main.log
D,239,0.552,/workspace/PVB/outputs/pvb_origin_baselines/dynamic_retrain/baseline_d_train_gpu4_main.log
D,240,0.646,/workspace/PVB/outputs/pvb_origin_baselines/dynamic_retrain/baseline_d_train_gpu4_main.log
D,241,0.677,/workspace/PVB/outputs/pvb_origin_baselines/dynamic_retrain/baseline_d_train_gpu4_main.log
D,242,0.875,/workspace/PVB/outputs/pvb_origin_baselines/dynamic_retrain/baseline_d_train_gpu4_main.log
D,243,2.13,/workspace/PVB/outputs/pvb_origin_baselines/dynamic_retrain/baseline_d_train_gpu4_main.log
D,244,0.732,/workspace/PVB/outputs/pvb_origin_baselines/dynamic_retrain/baseline_d_train_gpu4_main.log
D,245,1.21,/workspace/PVB/outputs/pvb_origin_baselines/dynamic_retrain/baseline_d_train_gpu4_main.log
D,246,0.732,/workspace/PVB/outputs/pvb_origin_baselines/dynamic_retrain/baseline_d_train_gpu4_main.log
D,247,1.22,/workspace/PVB/outputs/pvb_origin_baselines/dynamic_retrain/baseline_d_train_gpu4_main.log
D,248,0.628,/workspace/PVB/outputs/pvb_origin_baselines/dynamic_retrain/baseline_d_train_gpu4_main.log
D,249,0.623,/workspace/PVB/outputs/pvb_origin_baselines/dynamic_retrain/baseline_d_train_gpu4_main.log
D,250,1.75,/workspace/PVB/outputs/pvb_origin_baselines/dynamic_retrain/baseline_d_train_gpu4_main.log
D,251,9.36,/workspace/PVB/outputs/pvb_origin_baselines/dynamic_retrain/baseline_d_train_gpu4_main.log
D,252,0.808,/workspace/PVB/outputs/pvb_origin_baselines/dynamic_retrain/baseline_d_train_gpu4_main.log
D,253,0.381,/workspace/PVB/outputs/pvb_origin_baselines/dynamic_retrain/baseline_d_train_gpu4_main.log
D,254,1.09,/workspace/PVB/outputs/pvb_origin_baselines/dynamic_retrain/baseline_d_train_gpu4_main.log
D,255,0.518,/workspace/PVB/outputs/pvb_origin_baselines/dynamic_retrain/baseline_d_train_gpu4_main.log
D,256,1.33,/workspace/PVB/outputs/pvb_origin_baselines/dynamic_retrain/baseline_d_train_gpu4_main.log
D,257,0.491,/workspace/PVB/outputs/pvb_origin_baselines/dynamic_retrain/baseline_d_train_gpu4_main.log
D,258,0.481,/workspace/PVB/outputs/pvb_origin_baselines/dynamic_retrain/baseline_d_train_gpu4_main.log
D,259,0.517,/workspace/PVB/outputs/pvb_origin_baselines/dynamic_retrain/baseline_d_train_gpu4_main.log
D,260,0.713,/workspace/PVB/outputs/pvb_origin_baselines/dynamic_retrain/baseline_d_train_gpu4_main.log
D,261,0.415,/workspace/PVB/outputs/pvb_origin_baselines/dynamic_retrain/baseline_d_train_gpu4_main.log
D,262,1.0,/workspace/PVB/outputs/pvb_origin_baselines/dynamic_retrain/baseline_d_train_gpu4_main.log
D,263,5.28,/workspace/PVB/outputs/pvb_origin_baselines/dynamic_retrain/baseline_d_train_gpu4_main.log
D,264,5.43,/workspace/PVB/outputs/pvb_origin_baselines/dynamic_retrain/baseline_d_train_gpu4_main.log
D,265,1.06,/workspace/PVB/outputs/pvb_origin_baselines/dynamic_retrain/baseline_d_train_gpu4_main.log
D,266,0.541,/workspace/PVB/outputs/pvb_origin_baselines/dynamic_retrain/baseline_d_train_gpu4_main.log
D,267,5.54,/workspace/PVB/outputs/pvb_origin_baselines/dynamic_retrain/baseline_d_train_gpu4_main.log
D,268,0.753,/workspace/PVB/outputs/pvb_origin_baselines/dynamic_retrain/baseline_d_train_gpu4_main.log
D,269,0.63,/workspace/PVB/outputs/pvb_origin_baselines/dynamic_retrain/baseline_d_train_gpu4_main.log
D,270,0.718,/workspace/PVB/outputs/pvb_origin_baselines/dynamic_retrain/baseline_d_train_gpu4_main.log
D,271,0.577,/workspace/PVB/outputs/pvb_origin_baselines/dynamic_retrain/baseline_d_train_gpu4_main.log
D,272,1.26,/workspace/PVB/outputs/pvb_origin_baselines/dynamic_retrain/baseline_d_train_gpu4_main.log
D,273,0.76,/workspace/PVB/outputs/pvb_origin_baselines/dynamic_retrain/baseline_d_train_gpu4_main.log
D,274,1.86,/workspace/PVB/outputs/pvb_origin_baselines/dynamic_retrain/baseline_d_train_gpu4_main.log
D,275,0.852,/workspace/PVB/outputs/pvb_origin_baselines/dynamic_retrain/baseline_d_train_gpu4_main.log
D,276,0.656,/workspace/PVB/outputs/pvb_origin_baselines/dynamic_retrain/baseline_d_train_gpu4_main.log
D,277,0.913,/workspace/PVB/outputs/pvb_origin_baselines/dynamic_retrain/baseline_d_train_gpu4_main.log
D,278,1.2,/workspace/PVB/outputs/pvb_origin_baselines/dynamic_retrain/baseline_d_train_gpu4_main.log
D,279,0.64,/workspace/PVB/outputs/pvb_origin_baselines/dynamic_retrain/baseline_d_train_gpu4_main.log
D,280,0.513,/workspace/PVB/outputs/pvb_origin_baselines/dynamic_retrain/baseline_d_train_gpu4_main.log
D,281,0.552,/workspace/PVB/outputs/pvb_origin_baselines/dynamic_retrain/baseline_d_train_gpu4_main.log
D,282,0.973,/workspace/PVB/outputs/pvb_origin_baselines/dynamic_retrain/baseline_d_train_gpu4_main.log
D,283,0.66,/workspace/PVB/outputs/pvb_origin_baselines/dynamic_retrain/baseline_d_train_gpu4_main.log
D,284,0.702,/workspace/PVB/outputs/pvb_origin_baselines/dynamic_retrain/baseline_d_train_gpu4_main.log
D,285,0.738,/workspace/PVB/outputs/pvb_origin_baselines/dynamic_retrain/baseline_d_train_gpu4_main.log
D,286,0.755,/workspace/PVB/outputs/pvb_origin_baselines/dynamic_retrain/baseline_d_train_gpu4_main.log
D,287,0.71,/workspace/PVB/outputs/pvb_origin_baselines/dynamic_retrain/baseline_d_train_gpu4_main.log
D,288,0.929,/workspace/PVB/outputs/pvb_origin_baselines/dynamic_retrain/baseline_d_train_gpu4_main.log
D,289,0.89,/workspace/PVB/outputs/pvb_origin_baselines/dynamic_retrain/baseline_d_train_gpu4_main.log
D,290,2.07,/workspace/PVB/outputs/pvb_origin_baselines/dynamic_retrain/baseline_d_train_gpu4_main.log
D,291,1.02,/workspace/PVB/outputs/pvb_origin_baselines/dynamic_retrain/baseline_d_train_gpu4_main.log
D,292,0.737,/workspace/PVB/outputs/pvb_origin_baselines/dynamic_retrain/baseline_d_train_gpu4_main.log
D,293,2.0,/workspace/PVB/outputs/pvb_origin_baselines/dynamic_retrain/baseline_d_train_gpu4_main.log
D,294,0.47,/workspace/PVB/outputs/pvb_origin_baselines/dynamic_retrain/baseline_d_train_gpu4_main.log
D,295,1.12,/workspace/PVB/outputs/pvb_origin_baselines/dynamic_retrain/baseline_d_train_gpu4_main.log
D,296,0.761,/workspace/PVB/outputs/pvb_origin_baselines/dynamic_retrain/baseline_d_train_gpu4_main.log
D,297,5.46,/workspace/PVB/outputs/pvb_origin_baselines/dynamic_retrain/baseline_d_train_gpu4_main.log
D,298,0.744,/workspace/PVB/outputs/pvb_origin_baselines/dynamic_retrain/baseline_d_train_gpu4_main.log
D,299,2.03,/workspace/PVB/outputs/pvb_origin_baselines/dynamic_retrain/baseline_d_train_gpu4_main.log
D,300,0.775,/workspace/PVB/outputs/pvb_origin_baselines/dynamic_retrain/baseline_d_train_gpu4_main.log
D,301,0.645,/workspace/PVB/outputs/pvb_origin_baselines/dynamic_retrain/baseline_d_train_gpu4_main.log
D,302,0.555,/workspace/PVB/outputs/pvb_origin_baselines/dynamic_retrain/baseline_d_train_gpu4_main.log
D,303,1.08,/workspace/PVB/outputs/pvb_origin_baselines/dynamic_retrain/baseline_d_train_gpu4_main.log
D,304,0.684,/workspace/PVB/outputs/pvb_origin_baselines/dynamic_retrain/baseline_d_train_gpu4_main.log
D,305,1.65,/workspace/PVB/outputs/pvb_origin_baselines/dynamic_retrain/baseline_d_train_gpu4_main.log
D,306,0.953,/workspace/PVB/outputs/pvb_origin_baselines/dynamic_retrain/baseline_d_train_gpu4_main.log
D,307,0.992,/workspace/PVB/outputs/pvb_origin_baselines/dynamic_retrain/baseline_d_train_gpu4_main.log
D,308,1.18,/workspace/PVB/outputs/pvb_origin_baselines/dynamic_retrain/baseline_d_train_gpu4_main.log
D,309,0.534,/workspace/PVB/outputs/pvb_origin_baselines/dynamic_retrain/baseline_d_train_gpu4_main.log
D,310,0.679,/workspace/PVB/outputs/pvb_origin_baselines/dynamic_retrain/baseline_d_train_gpu4_main.log
D,311,1.53,/workspace/PVB/outputs/pvb_origin_baselines/dynamic_retrain/baseline_d_train_gpu4_main.log
D,312,1.18,/workspace/PVB/outputs/pvb_origin_baselines/dynamic_retrain/baseline_d_train_gpu4_main.log
D,313,1.33,/workspace/PVB/outputs/pvb_origin_baselines/dynamic_retrain/baseline_d_train_gpu4_main.log
D,314,1.02,/workspace/PVB/outputs/pvb_origin_baselines/dynamic_retrain/baseline_d_train_gpu4_main.log
D,315,0.737,/workspace/PVB/outputs/pvb_origin_baselines/dynamic_retrain/baseline_d_train_gpu4_main.log
D,316,1.07,/workspace/PVB/outputs/pvb_origin_baselines/dynamic_retrain/baseline_d_train_gpu4_main.log
D,317,0.733,/workspace/PVB/outputs/pvb_origin_baselines/dynamic_retrain/baseline_d_train_gpu4_main.log
D,318,1.38,/workspace/PVB/outputs/pvb_origin_baselines/dynamic_retrain/baseline_d_train_gpu4_main.log
D,319,0.898,/workspace/PVB/outputs/pvb_origin_baselines/dynamic_retrain/baseline_d_train_gpu4_main.log
D,320,0.354,/workspace/PVB/outputs/pvb_origin_baselines/dynamic_retrain/baseline_d_train_gpu4_main.log
D,321,0.916,/workspace/PVB/outputs/pvb_origin_baselines/dynamic_retrain/baseline_d_train_gpu4_main.log
D,322,0.548,/workspace/PVB/outputs/pvb_origin_baselines/dynamic_retrain/baseline_d_train_gpu4_main.log
D,323,0.502,/workspace/PVB/outputs/pvb_origin_baselines/dynamic_retrain/baseline_d_train_gpu4_main.log
D,324,0.447,/workspace/PVB/outputs/pvb_origin_baselines/dynamic_retrain/baseline_d_train_gpu4_main.log
D,325,0.981,/workspace/PVB/outputs/pvb_origin_baselines/dynamic_retrain/baseline_d_train_gpu4_main.log
D,326,1.08,/workspace/PVB/outputs/pvb_origin_baselines/dynamic_retrain/baseline_d_train_gpu4_main.log
D,327,0.654,/workspace/PVB/outputs/pvb_origin_baselines/dynamic_retrain/baseline_d_train_gpu4_main.log
D,328,0.362,/workspace/PVB/outputs/pvb_origin_baselines/dynamic_retrain/baseline_d_train_gpu4_main.log
D,329,0.981,/workspace/PVB/outputs/pvb_origin_baselines/dynamic_retrain/baseline_d_train_gpu4_main.log
D,330,0.57,/workspace/PVB/outputs/pvb_origin_baselines/dynamic_retrain/baseline_d_train_gpu4_main.log
D,331,0.769,/workspace/PVB/outputs/pvb_origin_baselines/dynamic_retrain/baseline_d_train_gpu4_main.log
D,332,1.05,/workspace/PVB/outputs/pvb_origin_baselines/dynamic_retrain/baseline_d_train_gpu4_main.log
D,333,0.736,/workspace/PVB/outputs/pvb_origin_baselines/dynamic_retrain/baseline_d_train_gpu4_main.log
D,334,1.04,/workspace/PVB/outputs/pvb_origin_baselines/dynamic_retrain/baseline_d_train_gpu4_main.log
D,335,0.627,/workspace/PVB/outputs/pvb_origin_baselines/dynamic_retrain/baseline_d_train_gpu4_main.log
D,336,0.415,/workspace/PVB/outputs/pvb_origin_baselines/dynamic_retrain/baseline_d_train_gpu4_main.log
D,337,0.852,/workspace/PVB/outputs/pvb_origin_baselines/dynamic_retrain/baseline_d_train_gpu4_main.log
D,338,0.925,/workspace/PVB/outputs/pvb_origin_baselines/dynamic_retrain/baseline_d_train_gpu4_main.log
D,339,1.18,/workspace/PVB/outputs/pvb_origin_baselines/dynamic_retrain/baseline_d_train_gpu4_main.log
D,340,1.22,/workspace/PVB/outputs/pvb_origin_baselines/dynamic_retrain/baseline_d_train_gpu4_main.log
D,341,0.588,/workspace/PVB/outputs/pvb_origin_baselines/dynamic_retrain/baseline_d_train_gpu4_main.log
D,342,0.386,/workspace/PVB/outputs/pvb_origin_baselines/dynamic_retrain/baseline_d_train_gpu4_main.log
D,343,2.43,/workspace/PVB/outputs/pvb_origin_baselines/dynamic_retrain/baseline_d_train_gpu4_main.log
D,344,0.775,/workspace/PVB/outputs/pvb_origin_baselines/dynamic_retrain/baseline_d_train_gpu4_main.log
D,345,0.817,/workspace/PVB/outputs/pvb_origin_baselines/dynamic_retrain/baseline_d_train_gpu4_main.log
D,346,0.457,/workspace/PVB/outputs/pvb_origin_baselines/dynamic_retrain/baseline_d_train_gpu4_main.log
D,347,0.534,/workspace/PVB/outputs/pvb_origin_baselines/dynamic_retrain/baseline_d_train_gpu4_main.log
D,348,0.882,/workspace/PVB/outputs/pvb_origin_baselines/dynamic_retrain/baseline_d_train_gpu4_main.log
D,349,0.829,/workspace/PVB/outputs/pvb_origin_baselines/dynamic_retrain/baseline_d_train_gpu4_main.log
D,350,0.397,/workspace/PVB/outputs/pvb_origin_baselines/dynamic_retrain/baseline_d_train_gpu4_main.log
D,351,0.584,/workspace/PVB/outputs/pvb_origin_baselines/dynamic_retrain/baseline_d_train_gpu4_main.log
D,352,0.656,/workspace/PVB/outputs/pvb_origin_baselines/dynamic_retrain/baseline_d_train_gpu4_main.log
D,353,0.178,/workspace/PVB/outputs/pvb_origin_baselines/dynamic_retrain/baseline_d_train_gpu4_main.log
D,354,0.824,/workspace/PVB/outputs/pvb_origin_baselines/dynamic_retrain/baseline_d_train_gpu4_main.log
D,355,0.755,/workspace/PVB/outputs/pvb_origin_baselines/dynamic_retrain/baseline_d_train_gpu4_main.log
D,356,1.43,/workspace/PVB/outputs/pvb_origin_baselines/dynamic_retrain/baseline_d_train_gpu4_main.log
D,357,1.62,/workspace/PVB/outputs/pvb_origin_baselines/dynamic_retrain/baseline_d_train_gpu4_main.log
D,358,0.697,/workspace/PVB/outputs/pvb_origin_baselines/dynamic_retrain/baseline_d_train_gpu4_main.log
D,359,0.945,/workspace/PVB/outputs/pvb_origin_baselines/dynamic_retrain/baseline_d_train_gpu4_main.log
D,360,0.293,/workspace/PVB/outputs/pvb_origin_baselines/dynamic_retrain/baseline_d_train_gpu4_main.log
D,361,2.0,/workspace/PVB/outputs/pvb_origin_baselines/dynamic_retrain/baseline_d_train_gpu4_main.log
D,362,0.57,/workspace/PVB/outputs/pvb_origin_baselines/dynamic_retrain/baseline_d_train_gpu4_main.log
D,363,0.523,/workspace/PVB/outputs/pvb_origin_baselines/dynamic_retrain/baseline_d_train_gpu4_main.log
D,364,0.585,/workspace/PVB/outputs/pvb_origin_baselines/dynamic_retrain/baseline_d_train_gpu4_main.log
D,365,0.539,/workspace/PVB/outputs/pvb_origin_baselines/dynamic_retrain/baseline_d_train_gpu4_main.log
D,366,0.537,/workspace/PVB/outputs/pvb_origin_baselines/dynamic_retrain/baseline_d_train_gpu4_main.log
D,367,0.563,/workspace/PVB/outputs/pvb_origin_baselines/dynamic_retrain/baseline_d_train_gpu4_main.log
D,368,0.737,/workspace/PVB/outputs/pvb_origin_baselines/dynamic_retrain/baseline_d_train_gpu4_main.log
D,369,0.375,/workspace/PVB/outputs/pvb_origin_baselines/dynamic_retrain/baseline_d_train_gpu4_main.log
D,370,0.741,/workspace/PVB/outputs/pvb_origin_baselines/dynamic_retrain/baseline_d_train_gpu4_main.log
D,371,0.544,/workspace/PVB/outputs/pvb_origin_baselines/dynamic_retrain/baseline_d_train_gpu4_main.log
D,372,0.828,/workspace/PVB/outputs/pvb_origin_baselines/dynamic_retrain/baseline_d_train_gpu4_main.log
D,373,0.625,/workspace/PVB/outputs/pvb_origin_baselines/dynamic_retrain/baseline_d_train_gpu4_main.log
D,374,0.708,/workspace/PVB/outputs/pvb_origin_baselines/dynamic_retrain/baseline_d_train_gpu4_main.log
D,375,0.517,/workspace/PVB/outputs/pvb_origin_baselines/dynamic_retrain/baseline_d_train_gpu4_main.log
D,376,0.638,/workspace/PVB/outputs/pvb_origin_baselines/dynamic_retrain/baseline_d_train_gpu4_main.log
D,377,1.78,/workspace/PVB/outputs/pvb_origin_baselines/dynamic_retrain/baseline_d_train_gpu4_main.log
D,378,0.59,/workspace/PVB/outputs/pvb_origin_baselines/dynamic_retrain/baseline_d_train_gpu4_main.log
D,379,4.68,/workspace/PVB/outputs/pvb_origin_baselines/dynamic_retrain/baseline_d_train_gpu4_main.log
D,380,1.91,/workspace/PVB/outputs/pvb_origin_baselines/dynamic_retrain/baseline_d_train_gpu4_main.log
D,381,1.75,/workspace/PVB/outputs/pvb_origin_baselines/dynamic_retrain/baseline_d_train_gpu4_main.log
D,382,0.476,/workspace/PVB/outputs/pvb_origin_baselines/dynamic_retrain/baseline_d_train_gpu4_main.log
D,383,0.609,/workspace/PVB/outputs/pvb_origin_baselines/dynamic_retrain/baseline_d_train_gpu4_main.log
D,384,0.438,/workspace/PVB/outputs/pvb_origin_baselines/dynamic_retrain/baseline_d_train_gpu4_main.log
D,385,1.58,/workspace/PVB/outputs/pvb_origin_baselines/dynamic_retrain/baseline_d_train_gpu4_main.log
D,386,0.933,/workspace/PVB/outputs/pvb_origin_baselines/dynamic_retrain/baseline_d_train_gpu4_main.log
D,387,0.507,/workspace/PVB/outputs/pvb_origin_baselines/dynamic_retrain/baseline_d_train_gpu4_main.log
D,388,1.17,/workspace/PVB/outputs/pvb_origin_baselines/dynamic_retrain/baseline_d_train_gpu4_main.log
D,389,0.839,/workspace/PVB/outputs/pvb_origin_baselines/dynamic_retrain/baseline_d_train_gpu4_main.log
D,390,0.546,/workspace/PVB/outputs/pvb_origin_baselines/dynamic_retrain/baseline_d_train_gpu4_main.log
D,391,0.66,/workspace/PVB/outputs/pvb_origin_baselines/dynamic_retrain/baseline_d_train_gpu4_main.log
D,392,1.96,/workspace/PVB/outputs/pvb_origin_baselines/dynamic_retrain/baseline_d_train_gpu4_main.log
D,393,1.49,/workspace/PVB/outputs/pvb_origin_baselines/dynamic_retrain/baseline_d_train_gpu4_main.log
D,394,0.416,/workspace/PVB/outputs/pvb_origin_baselines/dynamic_retrain/baseline_d_train_gpu4_main.log
D,395,0.677,/workspace/PVB/outputs/pvb_origin_baselines/dynamic_retrain/baseline_d_train_gpu4_main.log
D,396,1.05,/workspace/PVB/outputs/pvb_origin_baselines/dynamic_retrain/baseline_d_train_gpu4_main.log
D,397,2.17,/workspace/PVB/outputs/pvb_origin_baselines/dynamic_retrain/baseline_d_train_gpu4_main.log
D,398,1.36,/workspace/PVB/outputs/pvb_origin_baselines/dynamic_retrain/baseline_d_train_gpu4_main.log
D,399,1.36,/workspace/PVB/outputs/pvb_origin_baselines/dynamic_retrain/baseline_d_train_gpu4_main.log
D,400,0.773,/workspace/PVB/outputs/pvb_origin_baselines/dynamic_retrain/baseline_d_train_gpu4_main.log
D,401,0.306,/workspace/PVB/outputs/pvb_origin_baselines/dynamic_retrain/baseline_d_train_gpu4_main.log
D,402,0.948,/workspace/PVB/outputs/pvb_origin_baselines/dynamic_retrain/baseline_d_train_gpu4_main.log
D,403,1.15,/workspace/PVB/outputs/pvb_origin_baselines/dynamic_retrain/baseline_d_train_gpu4_main.log
D,404,0.413,/workspace/PVB/outputs/pvb_origin_baselines/dynamic_retrain/baseline_d_train_gpu4_main.log
D,405,0.904,/workspace/PVB/outputs/pvb_origin_baselines/dynamic_retrain/baseline_d_train_gpu4_main.log
D,406,0.284,/workspace/PVB/outputs/pvb_origin_baselines/dynamic_retrain/baseline_d_train_gpu4_main.log
D,407,1.1,/workspace/PVB/outputs/pvb_origin_baselines/dynamic_retrain/baseline_d_train_gpu4_main.log
D,408,0.925,/workspace/PVB/outputs/pvb_origin_baselines/dynamic_retrain/baseline_d_train_gpu4_main.log
D,409,5.36,/workspace/PVB/outputs/pvb_origin_baselines/dynamic_retrain/baseline_d_train_gpu4_main.log
D,410,0.635,/workspace/PVB/outputs/pvb_origin_baselines/dynamic_retrain/baseline_d_train_gpu4_main.log
D,411,0.548,/workspace/PVB/outputs/pvb_origin_baselines/dynamic_retrain/baseline_d_train_gpu4_main.log
D,412,0.727,/workspace/PVB/outputs/pvb_origin_baselines/dynamic_retrain/baseline_d_train_gpu4_main.log
D,413,0.775,/workspace/PVB/outputs/pvb_origin_baselines/dynamic_retrain/baseline_d_train_gpu4_main.log
D,414,0.959,/workspace/PVB/outputs/pvb_origin_baselines/dynamic_retrain/baseline_d_train_gpu4_main.log
D,415,0.376,/workspace/PVB/outputs/pvb_origin_baselines/dynamic_retrain/baseline_d_train_gpu4_main.log
D,416,0.903,/workspace/PVB/outputs/pvb_origin_baselines/dynamic_retrain/baseline_d_train_gpu4_main.log
D,417,0.42,/workspace/PVB/outputs/pvb_origin_baselines/dynamic_retrain/baseline_d_train_gpu4_main.log
D,418,0.556,/workspace/PVB/outputs/pvb_origin_baselines/dynamic_retrain/baseline_d_train_gpu4_main.log
D,419,0.343,/workspace/PVB/outputs/pvb_origin_baselines/dynamic_retrain/baseline_d_train_gpu4_main.log
D,420,0.87,/workspace/PVB/outputs/pvb_origin_baselines/dynamic_retrain/baseline_d_train_gpu4_main.log
D,421,0.93,/workspace/PVB/outputs/pvb_origin_baselines/dynamic_retrain/baseline_d_train_gpu4_main.log
D,422,0.69,/workspace/PVB/outputs/pvb_origin_baselines/dynamic_retrain/baseline_d_train_gpu4_main.log
D,423,0.31,/workspace/PVB/outputs/pvb_origin_baselines/dynamic_retrain/baseline_d_train_gpu4_main.log
D,424,0.764,/workspace/PVB/outputs/pvb_origin_baselines/dynamic_retrain/baseline_d_train_gpu4_main.log
D,425,1.16,/workspace/PVB/outputs/pvb_origin_baselines/dynamic_retrain/baseline_d_train_gpu4_main.log
D,426,0.822,/workspace/PVB/outputs/pvb_origin_baselines/dynamic_retrain/baseline_d_train_gpu4_main.log
D,427,1.25,/workspace/PVB/outputs/pvb_origin_baselines/dynamic_retrain/baseline_d_train_gpu4_main.log
D,428,0.781,/workspace/PVB/outputs/pvb_origin_baselines/dynamic_retrain/baseline_d_train_gpu4_main.log
D,429,0.934,/workspace/PVB/outputs/pvb_origin_baselines/dynamic_retrain/baseline_d_train_gpu4_main.log
D,430,0.66,/workspace/PVB/outputs/pvb_origin_baselines/dynamic_retrain/baseline_d_train_gpu4_main.log
D,431,0.809,/workspace/PVB/outputs/pvb_origin_baselines/dynamic_retrain/baseline_d_train_gpu4_main.log
D,432,1.26,/workspace/PVB/outputs/pvb_origin_baselines/dynamic_retrain/baseline_d_train_gpu4_main.log
D,433,0.652,/workspace/PVB/outputs/pvb_origin_baselines/dynamic_retrain/baseline_d_train_gpu4_main.log
D,434,3.39,/workspace/PVB/outputs/pvb_origin_baselines/dynamic_retrain/baseline_d_train_gpu4_main.log
D,435,0.552,/workspace/PVB/outputs/pvb_origin_baselines/dynamic_retrain/baseline_d_train_gpu4_main.log
D,436,1.07,/workspace/PVB/outputs/pvb_origin_baselines/dynamic_retrain/baseline_d_train_gpu4_main.log
D,437,0.304,/workspace/PVB/outputs/pvb_origin_baselines/dynamic_retrain/baseline_d_train_gpu4_main.log
D,438,0.663,/workspace/PVB/outputs/pvb_origin_baselines/dynamic_retrain/baseline_d_train_gpu4_main.log
D,439,0.745,/workspace/PVB/outputs/pvb_origin_baselines/dynamic_retrain/baseline_d_train_gpu4_main.log
D,440,1.47,/workspace/PVB/outputs/pvb_origin_baselines/dynamic_retrain/baseline_d_train_gpu4_main.log
D,441,0.434,/workspace/PVB/outputs/pvb_origin_baselines/dynamic_retrain/baseline_d_train_gpu4_main.log
D,442,0.778,/workspace/PVB/outputs/pvb_origin_baselines/dynamic_retrain/baseline_d_train_gpu4_main.log
D,443,0.665,/workspace/PVB/outputs/pvb_origin_baselines/dynamic_retrain/baseline_d_train_gpu4_main.log
D,444,0.663,/workspace/PVB/outputs/pvb_origin_baselines/dynamic_retrain/baseline_d_train_gpu4_main.log
D,445,1.15,/workspace/PVB/outputs/pvb_origin_baselines/dynamic_retrain/baseline_d_train_gpu4_main.log
D,446,1.86,/workspace/PVB/outputs/pvb_origin_baselines/dynamic_retrain/baseline_d_train_gpu4_main.log
D,447,0.867,/workspace/PVB/outputs/pvb_origin_baselines/dynamic_retrain/baseline_d_train_gpu4_main.log
D,448,0.288,/workspace/PVB/outputs/pvb_origin_baselines/dynamic_retrain/baseline_d_train_gpu4_main.log
D,449,0.543,/workspace/PVB/outputs/pvb_origin_baselines/dynamic_retrain/baseline_d_train_gpu4_main.log
D,450,0.873,/workspace/PVB/outputs/pvb_origin_baselines/dynamic_retrain/baseline_d_train_gpu4_main.log
D,451,0.556,/workspace/PVB/outputs/pvb_origin_baselines/dynamic_retrain/baseline_d_train_gpu4_main.log
D,452,0.789,/workspace/PVB/outputs/pvb_origin_baselines/dynamic_retrain/baseline_d_train_gpu4_main.log
D,453,0.508,/workspace/PVB/outputs/pvb_origin_baselines/dynamic_retrain/baseline_d_train_gpu4_main.log
D,454,0.454,/workspace/PVB/outputs/pvb_origin_baselines/dynamic_retrain/baseline_d_train_gpu4_main.log
D,455,2.46,/workspace/PVB/outputs/pvb_origin_baselines/dynamic_retrain/baseline_d_train_gpu4_main.log
D,456,1.96,/workspace/PVB/outputs/pvb_origin_baselines/dynamic_retrain/baseline_d_train_gpu4_main.log
D,457,0.517,/workspace/PVB/outputs/pvb_origin_baselines/dynamic_retrain/baseline_d_train_gpu4_main.log
D,458,0.607,/workspace/PVB/outputs/pvb_origin_baselines/dynamic_retrain/baseline_d_train_gpu4_main.log
D,459,1.27,/workspace/PVB/outputs/pvb_origin_baselines/dynamic_retrain/baseline_d_train_gpu4_main.log
D,460,0.715,/workspace/PVB/outputs/pvb_origin_baselines/dynamic_retrain/baseline_d_train_gpu4_main.log
D,461,0.517,/workspace/PVB/outputs/pvb_origin_baselines/dynamic_retrain/baseline_d_train_gpu4_main.log
D,462,0.473,/workspace/PVB/outputs/pvb_origin_baselines/dynamic_retrain/baseline_d_train_gpu4_main.log
D,463,1.08,/workspace/PVB/outputs/pvb_origin_baselines/dynamic_retrain/baseline_d_train_gpu4_main.log
D,464,1.05,/workspace/PVB/outputs/pvb_origin_baselines/dynamic_retrain/baseline_d_train_gpu4_main.log
D,465,1.09,/workspace/PVB/outputs/pvb_origin_baselines/dynamic_retrain/baseline_d_train_gpu4_main.log
D,466,0.659,/workspace/PVB/outputs/pvb_origin_baselines/dynamic_retrain/baseline_d_train_gpu4_main.log
D,467,0.729,/workspace/PVB/outputs/pvb_origin_baselines/dynamic_retrain/baseline_d_train_gpu4_main.log
D,468,4.86,/workspace/PVB/outputs/pvb_origin_baselines/dynamic_retrain/baseline_d_train_gpu4_main.log
D,469,0.432,/workspace/PVB/outputs/pvb_origin_baselines/dynamic_retrain/baseline_d_train_gpu4_main.log
D,470,1.17,/workspace/PVB/outputs/pvb_origin_baselines/dynamic_retrain/baseline_d_train_gpu4_main.log
D,471,0.484,/workspace/PVB/outputs/pvb_origin_baselines/dynamic_retrain/baseline_d_train_gpu4_main.log
D,472,1.93,/workspace/PVB/outputs/pvb_origin_baselines/dynamic_retrain/baseline_d_train_gpu4_main.log
D,473,7.95,/workspace/PVB/outputs/pvb_origin_baselines/dynamic_retrain/baseline_d_train_gpu4_main.log
D,474,1.53,/workspace/PVB/outputs/pvb_origin_baselines/dynamic_retrain/baseline_d_train_gpu4_main.log
D,475,0.618,/workspace/PVB/outputs/pvb_origin_baselines/dynamic_retrain/baseline_d_train_gpu4_main.log
D,476,1.42,/workspace/PVB/outputs/pvb_origin_baselines/dynamic_retrain/baseline_d_train_gpu4_main.log
D,477,0.556,/workspace/PVB/outputs/pvb_origin_baselines/dynamic_retrain/baseline_d_train_gpu4_main.log
D,478,0.682,/workspace/PVB/outputs/pvb_origin_baselines/dynamic_retrain/baseline_d_train_gpu4_main.log
D,479,0.705,/workspace/PVB/outputs/pvb_origin_baselines/dynamic_retrain/baseline_d_train_gpu4_main.log
D,480,0.753,/workspace/PVB/outputs/pvb_origin_baselines/dynamic_retrain/baseline_d_train_gpu4_main.log
D,481,0.716,/workspace/PVB/outputs/pvb_origin_baselines/dynamic_retrain/baseline_d_train_gpu4_main.log
D,482,5.97,/workspace/PVB/outputs/pvb_origin_baselines/dynamic_retrain/baseline_d_train_gpu4_main.log
D,483,0.981,/workspace/PVB/outputs/pvb_origin_baselines/dynamic_retrain/baseline_d_train_gpu4_main.log
D,484,0.354,/workspace/PVB/outputs/pvb_origin_baselines/dynamic_retrain/baseline_d_train_gpu4_main.log
D,485,0.816,/workspace/PVB/outputs/pvb_origin_baselines/dynamic_retrain/baseline_d_train_gpu4_main.log
D,486,0.683,/workspace/PVB/outputs/pvb_origin_baselines/dynamic_retrain/baseline_d_train_gpu4_main.log
D,487,0.555,/workspace/PVB/outputs/pvb_origin_baselines/dynamic_retrain/baseline_d_train_gpu4_main.log
D,488,1.28,/workspace/PVB/outputs/pvb_origin_baselines/dynamic_retrain/baseline_d_train_gpu4_main.log
D,489,0.454,/workspace/PVB/outputs/pvb_origin_baselines/dynamic_retrain/baseline_d_train_gpu4_main.log
D,490,0.478,/workspace/PVB/outputs/pvb_origin_baselines/dynamic_retrain/baseline_d_train_gpu4_main.log
D,491,0.47,/workspace/PVB/outputs/pvb_origin_baselines/dynamic_retrain/baseline_d_train_gpu4_main.log
D,492,0.831,/workspace/PVB/outputs/pvb_origin_baselines/dynamic_retrain/baseline_d_train_gpu4_main.log
D,493,0.391,/workspace/PVB/outputs/pvb_origin_baselines/dynamic_retrain/baseline_d_train_gpu4_main.log
D,494,0.573,/workspace/PVB/outputs/pvb_origin_baselines/dynamic_retrain/baseline_d_train_gpu4_main.log
D,495,0.982,/workspace/PVB/outputs/pvb_origin_baselines/dynamic_retrain/baseline_d_train_gpu4_main.log
D,496,8.15,/workspace/PVB/outputs/pvb_origin_baselines/dynamic_retrain/baseline_d_train_gpu4_main.log
D,497,1.05,/workspace/PVB/outputs/pvb_origin_baselines/dynamic_retrain/baseline_d_train_gpu4_main.log
D,498,2.91,/workspace/PVB/outputs/pvb_origin_baselines/dynamic_retrain/baseline_d_train_gpu4_main.log
D,499,0.634,/workspace/PVB/outputs/pvb_origin_baselines/dynamic_retrain/baseline_d_train_gpu4_main.log
D,500,0.44,/workspace/PVB/outputs/pvb_origin_baselines/dynamic_retrain/baseline_d_train_gpu4_main.log
D,501,0.595,/workspace/PVB/outputs/pvb_origin_baselines/dynamic_retrain/baseline_d_train_gpu4_main.log
D,502,2.27,/workspace/PVB/outputs/pvb_origin_baselines/dynamic_retrain/baseline_d_train_gpu4_main.log
D,503,1.46,/workspace/PVB/outputs/pvb_origin_baselines/dynamic_retrain/baseline_d_train_gpu4_main.log
D,504,1.14,/workspace/PVB/outputs/pvb_origin_baselines/dynamic_retrain/baseline_d_train_gpu4_main.log
D,505,0.925,/workspace/PVB/outputs/pvb_origin_baselines/dynamic_retrain/baseline_d_train_gpu4_main.log
D,506,2.22,/workspace/PVB/outputs/pvb_origin_baselines/dynamic_retrain/baseline_d_train_gpu4_main.log
D,507,0.799,/workspace/PVB/outputs/pvb_origin_baselines/dynamic_retrain/baseline_d_train_gpu4_main.log
D,508,0.354,/workspace/PVB/outputs/pvb_origin_baselines/dynamic_retrain/baseline_d_train_gpu4_main.log
D,509,0.916,/workspace/PVB/outputs/pvb_origin_baselines/dynamic_retrain/baseline_d_train_gpu4_main.log
D,510,0.431,/workspace/PVB/outputs/pvb_origin_baselines/dynamic_retrain/baseline_d_train_gpu4_main.log
D,511,5.25,/workspace/PVB/outputs/pvb_origin_baselines/dynamic_retrain/baseline_d_train_gpu4_main.log
D,512,0.742,/workspace/PVB/outputs/pvb_origin_baselines/dynamic_retrain/baseline_d_train_gpu4_main.log
D,513,0.763,/workspace/PVB/outputs/pvb_origin_baselines/dynamic_retrain/baseline_d_train_gpu4_main.log
D,514,0.372,/workspace/PVB/outputs/pvb_origin_baselines/dynamic_retrain/baseline_d_train_gpu4_main.log
D,515,0.876,/workspace/PVB/outputs/pvb_origin_baselines/dynamic_retrain/baseline_d_train_gpu4_main.log
D,516,0.359,/workspace/PVB/outputs/pvb_origin_baselines/dynamic_retrain/baseline_d_train_gpu4_main.log
D,517,1.02,/workspace/PVB/outputs/pvb_origin_baselines/dynamic_retrain/baseline_d_train_gpu4_main.log
D,518,1.05,/workspace/PVB/outputs/pvb_origin_baselines/dynamic_retrain/baseline_d_train_gpu4_main.log
D,519,0.849,/workspace/PVB/outputs/pvb_origin_baselines/dynamic_retrain/baseline_d_train_gpu4_main.log
D,520,0.34,/workspace/PVB/outputs/pvb_origin_baselines/dynamic_retrain/baseline_d_train_gpu4_main.log
D,521,0.539,/workspace/PVB/outputs/pvb_origin_baselines/dynamic_retrain/baseline_d_train_gpu4_main.log
D,522,1.14,/workspace/PVB/outputs/pvb_origin_baselines/dynamic_retrain/baseline_d_train_gpu4_main.log
D,523,0.333,/workspace/PVB/outputs/pvb_origin_baselines/dynamic_retrain/baseline_d_train_gpu4_main.log
D,524,1.06,/workspace/PVB/outputs/pvb_origin_baselines/dynamic_retrain/baseline_d_train_gpu4_main.log
D,525,0.656,/workspace/PVB/outputs/pvb_origin_baselines/dynamic_retrain/baseline_d_train_gpu4_main.log
D,526,0.832,/workspace/PVB/outputs/pvb_origin_baselines/dynamic_retrain/baseline_d_train_gpu4_main.log
D,527,0.885,/workspace/PVB/outputs/pvb_origin_baselines/dynamic_retrain/baseline_d_train_gpu4_main.log
D,528,0.802,/workspace/PVB/outputs/pvb_origin_baselines/dynamic_retrain/baseline_d_train_gpu4_main.log
D,529,0.643,/workspace/PVB/outputs/pvb_origin_baselines/dynamic_retrain/baseline_d_train_gpu4_main.log
D,530,3.91,/workspace/PVB/outputs/pvb_origin_baselines/dynamic_retrain/baseline_d_train_gpu4_main.log
D,531,0.669,/workspace/PVB/outputs/pvb_origin_baselines/dynamic_retrain/baseline_d_train_gpu4_main.log
D,532,0.339,/workspace/PVB/outputs/pvb_origin_baselines/dynamic_retrain/baseline_d_train_gpu4_main.log
D,533,0.881,/workspace/PVB/outputs/pvb_origin_baselines/dynamic_retrain/baseline_d_train_gpu4_main.log
D,534,0.652,/workspace/PVB/outputs/pvb_origin_baselines/dynamic_retrain/baseline_d_train_gpu4_main.log
D,535,0.868,/workspace/PVB/outputs/pvb_origin_baselines/dynamic_retrain/baseline_d_train_gpu4_main.log
D,536,0.971,/workspace/PVB/outputs/pvb_origin_baselines/dynamic_retrain/baseline_d_train_gpu4_main.log
D,537,0.541,/workspace/PVB/outputs/pvb_origin_baselines/dynamic_retrain/baseline_d_train_gpu4_main.log
D,538,0.457,/workspace/PVB/outputs/pvb_origin_baselines/dynamic_retrain/baseline_d_train_gpu4_main.log
D,539,5.68,/workspace/PVB/outputs/pvb_origin_baselines/dynamic_retrain/baseline_d_train_gpu4_main.log
D,540,0.421,/workspace/PVB/outputs/pvb_origin_baselines/dynamic_retrain/baseline_d_train_gpu4_main.log
D,541,0.718,/workspace/PVB/outputs/pvb_origin_baselines/dynamic_retrain/baseline_d_train_gpu4_main.log
D,542,0.377,/workspace/PVB/outputs/pvb_origin_baselines/dynamic_retrain/baseline_d_train_gpu4_main.log
D,543,1.61,/workspace/PVB/outputs/pvb_origin_baselines/dynamic_retrain/baseline_d_train_gpu4_main.log
D,544,0.24,/workspace/PVB/outputs/pvb_origin_baselines/dynamic_retrain/baseline_d_train_gpu4_main.log
D,545,0.455,/workspace/PVB/outputs/pvb_origin_baselines/dynamic_retrain/baseline_d_train_gpu4_main.log
D,546,0.721,/workspace/PVB/outputs/pvb_origin_baselines/dynamic_retrain/baseline_d_train_gpu4_main.log
D,547,0.639,/workspace/PVB/outputs/pvb_origin_baselines/dynamic_retrain/baseline_d_train_gpu4_main.log
D,548,0.471,/workspace/PVB/outputs/pvb_origin_baselines/dynamic_retrain/baseline_d_train_gpu4_main.log
D,549,0.869,/workspace/PVB/outputs/pvb_origin_baselines/dynamic_retrain/baseline_d_train_gpu4_main.log
D,550,1.62,/workspace/PVB/outputs/pvb_origin_baselines/dynamic_retrain/baseline_d_train_gpu4_main.log
D,551,0.842,/workspace/PVB/outputs/pvb_origin_baselines/dynamic_retrain/baseline_d_train_gpu4_main.log
D,552,1.18,/workspace/PVB/outputs/pvb_origin_baselines/dynamic_retrain/baseline_d_train_gpu4_main.log
D,553,0.541,/workspace/PVB/outputs/pvb_origin_baselines/dynamic_retrain/baseline_d_train_gpu4_main.log
D,554,0.794,/workspace/PVB/outputs/pvb_origin_baselines/dynamic_retrain/baseline_d_train_gpu4_main.log
D,555,0.987,/workspace/PVB/outputs/pvb_origin_baselines/dynamic_retrain/baseline_d_train_gpu4_main.log
D,556,0.618,/workspace/PVB/outputs/pvb_origin_baselines/dynamic_retrain/baseline_d_train_gpu4_main.log
D,557,1.55,/workspace/PVB/outputs/pvb_origin_baselines/dynamic_retrain/baseline_d_train_gpu4_main.log
D,558,0.516,/workspace/PVB/outputs/pvb_origin_baselines/dynamic_retrain/baseline_d_train_gpu4_main.log
D,559,0.517,/workspace/PVB/outputs/pvb_origin_baselines/dynamic_retrain/baseline_d_train_gpu4_main.log
D,560,0.608,/workspace/PVB/outputs/pvb_origin_baselines/dynamic_retrain/baseline_d_train_gpu4_main.log
D,561,1.23,/workspace/PVB/outputs/pvb_origin_baselines/dynamic_retrain/baseline_d_train_gpu4_main.log
D,562,0.74,/workspace/PVB/outputs/pvb_origin_baselines/dynamic_retrain/baseline_d_train_gpu4_main.log
D,563,0.553,/workspace/PVB/outputs/pvb_origin_baselines/dynamic_retrain/baseline_d_train_gpu4_main.log
D,564,2.48,/workspace/PVB/outputs/pvb_origin_baselines/dynamic_retrain/baseline_d_train_gpu4_main.log
D,565,0.763,/workspace/PVB/outputs/pvb_origin_baselines/dynamic_retrain/baseline_d_train_gpu4_main.log
D,566,0.385,/workspace/PVB/outputs/pvb_origin_baselines/dynamic_retrain/baseline_d_train_gpu4_main.log
D,567,0.536,/workspace/PVB/outputs/pvb_origin_baselines/dynamic_retrain/baseline_d_train_gpu4_main.log
D,568,0.492,/workspace/PVB/outputs/pvb_origin_baselines/dynamic_retrain/baseline_d_train_gpu4_main.log
D,569,1.86,/workspace/PVB/outputs/pvb_origin_baselines/dynamic_retrain/baseline_d_train_gpu4_main.log
D,570,0.947,/workspace/PVB/outputs/pvb_origin_baselines/dynamic_retrain/baseline_d_train_gpu4_main.log
D,571,0.467,/workspace/PVB/outputs/pvb_origin_baselines/dynamic_retrain/baseline_d_train_gpu4_main.log
D,572,0.88,/workspace/PVB/outputs/pvb_origin_baselines/dynamic_retrain/baseline_d_train_gpu4_main.log
D,573,0.715,/workspace/PVB/outputs/pvb_origin_baselines/dynamic_retrain/baseline_d_train_gpu4_main.log
D,574,1.04,/workspace/PVB/outputs/pvb_origin_baselines/dynamic_retrain/baseline_d_train_gpu4_main.log
D,575,0.866,/workspace/PVB/outputs/pvb_origin_baselines/dynamic_retrain/baseline_d_train_gpu4_main.log
D,576,0.517,/workspace/PVB/outputs/pvb_origin_baselines/dynamic_retrain/baseline_d_train_gpu4_main.log
D,577,0.686,/workspace/PVB/outputs/pvb_origin_baselines/dynamic_retrain/baseline_d_train_gpu4_main.log
D,578,1.66,/workspace/PVB/outputs/pvb_origin_baselines/dynamic_retrain/baseline_d_train_gpu4_main.log
D,579,0.638,/workspace/PVB/outputs/pvb_origin_baselines/dynamic_retrain/baseline_d_train_gpu4_main.log
D,580,0.932,/workspace/PVB/outputs/pvb_origin_baselines/dynamic_retrain/baseline_d_train_gpu4_main.log
D,581,0.91,/workspace/PVB/outputs/pvb_origin_baselines/dynamic_retrain/baseline_d_train_gpu4_main.log
D,582,0.495,/workspace/PVB/outputs/pvb_origin_baselines/dynamic_retrain/baseline_d_train_gpu4_main.log
D,583,1.78,/workspace/PVB/outputs/pvb_origin_baselines/dynamic_retrain/baseline_d_train_gpu4_main.log
D,584,1.84,/workspace/PVB/outputs/pvb_origin_baselines/dynamic_retrain/baseline_d_train_gpu4_main.log
D,585,0.374,/workspace/PVB/outputs/pvb_origin_baselines/dynamic_retrain/baseline_d_train_gpu4_main.log
D,586,0.803,/workspace/PVB/outputs/pvb_origin_baselines/dynamic_retrain/baseline_d_train_gpu4_main.log
D,587,0.605,/workspace/PVB/outputs/pvb_origin_baselines/dynamic_retrain/baseline_d_train_gpu4_main.log
D,588,0.801,/workspace/PVB/outputs/pvb_origin_baselines/dynamic_retrain/baseline_d_train_gpu4_main.log
D,589,1.56,/workspace/PVB/outputs/pvb_origin_baselines/dynamic_retrain/baseline_d_train_gpu4_main.log
D,590,0.608,/workspace/PVB/outputs/pvb_origin_baselines/dynamic_retrain/baseline_d_train_gpu4_main.log
D,591,0.498,/workspace/PVB/outputs/pvb_origin_baselines/dynamic_retrain/baseline_d_train_gpu4_main.log
D,592,0.687,/workspace/PVB/outputs/pvb_origin_baselines/dynamic_retrain/baseline_d_train_gpu4_main.log
D,593,0.417,/workspace/PVB/outputs/pvb_origin_baselines/dynamic_retrain/baseline_d_train_gpu4_main.log
D,594,1.04,/workspace/PVB/outputs/pvb_origin_baselines/dynamic_retrain/baseline_d_train_gpu4_main.log
D,595,0.66,/workspace/PVB/outputs/pvb_origin_baselines/dynamic_retrain/baseline_d_train_gpu4_main.log
D,596,0.65,/workspace/PVB/outputs/pvb_origin_baselines/dynamic_retrain/baseline_d_train_gpu4_main.log
D,597,2.3,/workspace/PVB/outputs/pvb_origin_baselines/dynamic_retrain/baseline_d_train_gpu4_main.log
D,598,0.687,/workspace/PVB/outputs/pvb_origin_baselines/dynamic_retrain/baseline_d_train_gpu4_main.log
D,599,0.835,/workspace/PVB/outputs/pvb_origin_baselines/dynamic_retrain/baseline_d_train_gpu4_main.log
D,600,0.873,/workspace/PVB/outputs/pvb_origin_baselines/dynamic_retrain/baseline_d_train_gpu4_main.log
D,601,1.95,/workspace/PVB/outputs/pvb_origin_baselines/dynamic_retrain/baseline_d_train_gpu4_main.log
D,602,0.663,/workspace/PVB/outputs/pvb_origin_baselines/dynamic_retrain/baseline_d_train_gpu4_main.log
D,603,0.648,/workspace/PVB/outputs/pvb_origin_baselines/dynamic_retrain/baseline_d_train_gpu4_main.log
D,604,0.615,/workspace/PVB/outputs/pvb_origin_baselines/dynamic_retrain/baseline_d_train_gpu4_main.log
D,605,0.988,/workspace/PVB/outputs/pvb_origin_baselines/dynamic_retrain/baseline_d_train_gpu4_main.log
D,606,0.285,/workspace/PVB/outputs/pvb_origin_baselines/dynamic_retrain/baseline_d_train_gpu4_main.log
D,607,0.358,/workspace/PVB/outputs/pvb_origin_baselines/dynamic_retrain/baseline_d_train_gpu4_main.log
D,608,0.374,/workspace/PVB/outputs/pvb_origin_baselines/dynamic_retrain/baseline_d_train_gpu4_main.log
D,609,1.6,/workspace/PVB/outputs/pvb_origin_baselines/dynamic_retrain/baseline_d_train_gpu4_main.log
D,610,1.2,/workspace/PVB/outputs/pvb_origin_baselines/dynamic_retrain/baseline_d_train_gpu4_main.log
D,611,0.621,/workspace/PVB/outputs/pvb_origin_baselines/dynamic_retrain/baseline_d_train_gpu4_main.log
D,612,0.943,/workspace/PVB/outputs/pvb_origin_baselines/dynamic_retrain/baseline_d_train_gpu4_main.log
D,613,0.801,/workspace/PVB/outputs/pvb_origin_baselines/dynamic_retrain/baseline_d_train_gpu4_main.log
D,614,1.22,/workspace/PVB/outputs/pvb_origin_baselines/dynamic_retrain/baseline_d_train_gpu4_main.log
D,615,0.663,/workspace/PVB/outputs/pvb_origin_baselines/dynamic_retrain/baseline_d_train_gpu4_main.log
D,616,0.484,/workspace/PVB/outputs/pvb_origin_baselines/dynamic_retrain/baseline_d_train_gpu4_main.log
D,617,0.549,/workspace/PVB/outputs/pvb_origin_baselines/dynamic_retrain/baseline_d_train_gpu4_main.log
D,618,1.26,/workspace/PVB/outputs/pvb_origin_baselines/dynamic_retrain/baseline_d_train_gpu4_main.log
D,619,1.54,/workspace/PVB/outputs/pvb_origin_baselines/dynamic_retrain/baseline_d_train_gpu4_main.log
D,620,0.486,/workspace/PVB/outputs/pvb_origin_baselines/dynamic_retrain/baseline_d_train_gpu4_main.log
D,621,0.939,/workspace/PVB/outputs/pvb_origin_baselines/dynamic_retrain/baseline_d_train_gpu4_main.log
D,622,0.862,/workspace/PVB/outputs/pvb_origin_baselines/dynamic_retrain/baseline_d_train_gpu4_main.log
D,623,0.61,/workspace/PVB/outputs/pvb_origin_baselines/dynamic_retrain/baseline_d_train_gpu4_main.log
D,624,1.95,/workspace/PVB/outputs/pvb_origin_baselines/dynamic_retrain/baseline_d_train_gpu4_main.log
D,625,2.16,/workspace/PVB/outputs/pvb_origin_baselines/dynamic_retrain/baseline_d_train_gpu4_main.log
D,626,0.671,/workspace/PVB/outputs/pvb_origin_baselines/dynamic_retrain/baseline_d_train_gpu4_main.log
D,627,0.646,/workspace/PVB/outputs/pvb_origin_baselines/dynamic_retrain/baseline_d_train_gpu4_main.log
D,628,0.648,/workspace/PVB/outputs/pvb_origin_baselines/dynamic_retrain/baseline_d_train_gpu4_main.log
D,629,0.711,/workspace/PVB/outputs/pvb_origin_baselines/dynamic_retrain/baseline_d_train_gpu4_main.log
D,630,1.06,/workspace/PVB/outputs/pvb_origin_baselines/dynamic_retrain/baseline_d_train_gpu4_main.log
D,631,0.471,/workspace/PVB/outputs/pvb_origin_baselines/dynamic_retrain/baseline_d_train_gpu4_main.log
D,632,0.329,/workspace/PVB/outputs/pvb_origin_baselines/dynamic_retrain/baseline_d_train_gpu4_main.log
D,633,0.592,/workspace/PVB/outputs/pvb_origin_baselines/dynamic_retrain/baseline_d_train_gpu4_main.log
D,634,0.466,/workspace/PVB/outputs/pvb_origin_baselines/dynamic_retrain/baseline_d_train_gpu4_main.log
D,635,0.69,/workspace/PVB/outputs/pvb_origin_baselines/dynamic_retrain/baseline_d_train_gpu4_main.log
D,636,1.55,/workspace/PVB/outputs/pvb_origin_baselines/dynamic_retrain/baseline_d_train_gpu4_main.log
D,637,1.31,/workspace/PVB/outputs/pvb_origin_baselines/dynamic_retrain/baseline_d_train_gpu4_main.log
D,638,0.658,/workspace/PVB/outputs/pvb_origin_baselines/dynamic_retrain/baseline_d_train_gpu4_main.log
D,639,0.614,/workspace/PVB/outputs/pvb_origin_baselines/dynamic_retrain/baseline_d_train_gpu4_main.log
D,640,0.613,/workspace/PVB/outputs/pvb_origin_baselines/dynamic_retrain/baseline_d_train_gpu4_main.log
D,641,0.625,/workspace/PVB/outputs/pvb_origin_baselines/dynamic_retrain/baseline_d_train_gpu4_main.log
D,642,0.695,/workspace/PVB/outputs/pvb_origin_baselines/dynamic_retrain/baseline_d_train_gpu4_main.log
D,643,0.484,/workspace/PVB/outputs/pvb_origin_baselines/dynamic_retrain/baseline_d_train_gpu4_main.log
D,644,0.864,/workspace/PVB/outputs/pvb_origin_baselines/dynamic_retrain/baseline_d_train_gpu4_main.log
D,645,1.48,/workspace/PVB/outputs/pvb_origin_baselines/dynamic_retrain/baseline_d_train_gpu4_main.log
D,646,0.888,/workspace/PVB/outputs/pvb_origin_baselines/dynamic_retrain/baseline_d_train_gpu4_main.log
D,647,1.77,/workspace/PVB/outputs/pvb_origin_baselines/dynamic_retrain/baseline_d_train_gpu4_main.log
D,648,0.748,/workspace/PVB/outputs/pvb_origin_baselines/dynamic_retrain/baseline_d_train_gpu4_main.log
D,649,1.1,/workspace/PVB/outputs/pvb_origin_baselines/dynamic_retrain/baseline_d_train_gpu4_main.log
D,650,0.801,/workspace/PVB/outputs/pvb_origin_baselines/dynamic_retrain/baseline_d_train_gpu4_main.log
D,651,0.927,/workspace/PVB/outputs/pvb_origin_baselines/dynamic_retrain/baseline_d_train_gpu4_main.log
D,652,1.0,/workspace/PVB/outputs/pvb_origin_baselines/dynamic_retrain/baseline_d_train_gpu4_main.log
D,653,1.22,/workspace/PVB/outputs/pvb_origin_baselines/dynamic_retrain/baseline_d_train_gpu4_main.log
D,654,0.877,/workspace/PVB/outputs/pvb_origin_baselines/dynamic_retrain/baseline_d_train_gpu4_main.log
D,655,0.277,/workspace/PVB/outputs/pvb_origin_baselines/dynamic_retrain/baseline_d_train_gpu4_main.log
D,656,0.659,/workspace/PVB/outputs/pvb_origin_baselines/dynamic_retrain/baseline_d_train_gpu4_main.log
D,657,1.03,/workspace/PVB/outputs/pvb_origin_baselines/dynamic_retrain/baseline_d_train_gpu4_main.log
D,658,1.1,/workspace/PVB/outputs/pvb_origin_baselines/dynamic_retrain/baseline_d_train_gpu4_main.log
D,659,1.73,/workspace/PVB/outputs/pvb_origin_baselines/dynamic_retrain/baseline_d_train_gpu4_main.log
D,660,3.14,/workspace/PVB/outputs/pvb_origin_baselines/dynamic_retrain/baseline_d_train_gpu4_main.log
D,661,1.14,/workspace/PVB/outputs/pvb_origin_baselines/dynamic_retrain/baseline_d_train_gpu4_main.log
D,662,0.354,/workspace/PVB/outputs/pvb_origin_baselines/dynamic_retrain/baseline_d_train_gpu4_main.log
D,663,0.744,/workspace/PVB/outputs/pvb_origin_baselines/dynamic_retrain/baseline_d_train_gpu4_main.log
D,664,0.973,/workspace/PVB/outputs/pvb_origin_baselines/dynamic_retrain/baseline_d_train_gpu4_main.log
D,665,9.0,/workspace/PVB/outputs/pvb_origin_baselines/dynamic_retrain/baseline_d_train_gpu4_main.log
D,666,3.73,/workspace/PVB/outputs/pvb_origin_baselines/dynamic_retrain/baseline_d_train_gpu4_main.log
D,667,0.401,/workspace/PVB/outputs/pvb_origin_baselines/dynamic_retrain/baseline_d_train_gpu4_main.log
D,668,0.522,/workspace/PVB/outputs/pvb_origin_baselines/dynamic_retrain/baseline_d_train_gpu4_main.log
D,669,0.46,/workspace/PVB/outputs/pvb_origin_baselines/dynamic_retrain/baseline_d_train_gpu4_main.log
D,670,0.866,/workspace/PVB/outputs/pvb_origin_baselines/dynamic_retrain/baseline_d_train_gpu4_main.log
D,671,3.1,/workspace/PVB/outputs/pvb_origin_baselines/dynamic_retrain/baseline_d_train_gpu4_main.log
D,672,0.645,/workspace/PVB/outputs/pvb_origin_baselines/dynamic_retrain/baseline_d_train_gpu4_main.log
D,673,0.423,/workspace/PVB/outputs/pvb_origin_baselines/dynamic_retrain/baseline_d_train_gpu4_main.log
D,674,0.479,/workspace/PVB/outputs/pvb_origin_baselines/dynamic_retrain/baseline_d_train_gpu4_main.log
D,675,0.798,/workspace/PVB/outputs/pvb_origin_baselines/dynamic_retrain/baseline_d_train_gpu4_main.log
D,676,1.77,/workspace/PVB/outputs/pvb_origin_baselines/dynamic_retrain/baseline_d_train_gpu4_main.log
D,677,0.745,/workspace/PVB/outputs/pvb_origin_baselines/dynamic_retrain/baseline_d_train_gpu4_main.log
D,678,0.475,/workspace/PVB/outputs/pvb_origin_baselines/dynamic_retrain/baseline_d_train_gpu4_main.log
D,679,0.611,/workspace/PVB/outputs/pvb_origin_baselines/dynamic_retrain/baseline_d_train_gpu4_main.log
D,680,1.24,/workspace/PVB/outputs/pvb_origin_baselines/dynamic_retrain/baseline_d_train_gpu4_main.log
D,681,0.698,/workspace/PVB/outputs/pvb_origin_baselines/dynamic_retrain/baseline_d_train_gpu4_main.log
D,682,0.617,/workspace/PVB/outputs/pvb_origin_baselines/dynamic_retrain/baseline_d_train_gpu4_main.log
D,683,0.821,/workspace/PVB/outputs/pvb_origin_baselines/dynamic_retrain/baseline_d_train_gpu4_main.log
D,684,0.691,/workspace/PVB/outputs/pvb_origin_baselines/dynamic_retrain/baseline_d_train_gpu4_main.log
D,685,0.492,/workspace/PVB/outputs/pvb_origin_baselines/dynamic_retrain/baseline_d_train_gpu4_main.log
D,686,0.925,/workspace/PVB/outputs/pvb_origin_baselines/dynamic_retrain/baseline_d_train_gpu4_main.log
D,687,0.386,/workspace/PVB/outputs/pvb_origin_baselines/dynamic_retrain/baseline_d_train_gpu4_main.log
D,688,1.12,/workspace/PVB/outputs/pvb_origin_baselines/dynamic_retrain/baseline_d_train_gpu4_main.log
D,689,0.637,/workspace/PVB/outputs/pvb_origin_baselines/dynamic_retrain/baseline_d_train_gpu4_main.log
D,690,1.18,/workspace/PVB/outputs/pvb_origin_baselines/dynamic_retrain/baseline_d_train_gpu4_main.log
D,691,0.337,/workspace/PVB/outputs/pvb_origin_baselines/dynamic_retrain/baseline_d_train_gpu4_main.log
D,692,0.87,/workspace/PVB/outputs/pvb_origin_baselines/dynamic_retrain/baseline_d_train_gpu4_main.log
D,693,0.745,/workspace/PVB/outputs/pvb_origin_baselines/dynamic_retrain/baseline_d_train_gpu4_main.log
D,694,0.378,/workspace/PVB/outputs/pvb_origin_baselines/dynamic_retrain/baseline_d_train_gpu4_main.log
D,695,1.25,/workspace/PVB/outputs/pvb_origin_baselines/dynamic_retrain/baseline_d_train_gpu4_main.log
D,696,0.392,/workspace/PVB/outputs/pvb_origin_baselines/dynamic_retrain/baseline_d_train_gpu4_main.log
D,697,0.944,/workspace/PVB/outputs/pvb_origin_baselines/dynamic_retrain/baseline_d_train_gpu4_main.log
D,698,0.39,/workspace/PVB/outputs/pvb_origin_baselines/dynamic_retrain/baseline_d_train_gpu4_main.log
D,699,2.2,/workspace/PVB/outputs/pvb_origin_baselines/dynamic_retrain/baseline_d_train_gpu4_main.log
D,700,0.477,/workspace/PVB/outputs/pvb_origin_baselines/dynamic_retrain/baseline_d_train_gpu4_main.log
D,701,0.919,/workspace/PVB/outputs/pvb_origin_baselines/dynamic_retrain/baseline_d_train_gpu4_main.log
D,702,3.81,/workspace/PVB/outputs/pvb_origin_baselines/dynamic_retrain/baseline_d_train_gpu4_main.log
D,703,0.846,/workspace/PVB/outputs/pvb_origin_baselines/dynamic_retrain/baseline_d_train_gpu4_main.log
D,704,0.916,/workspace/PVB/outputs/pvb_origin_baselines/dynamic_retrain/baseline_d_train_gpu4_main.log
D,705,0.436,/workspace/PVB/outputs/pvb_origin_baselines/dynamic_retrain/baseline_d_train_gpu4_main.log
D,706,1.27,/workspace/PVB/outputs/pvb_origin_baselines/dynamic_retrain/baseline_d_train_gpu4_main.log
D,707,1.26,/workspace/PVB/outputs/pvb_origin_baselines/dynamic_retrain/baseline_d_train_gpu4_main.log
D,708,0.454,/workspace/PVB/outputs/pvb_origin_baselines/dynamic_retrain/baseline_d_train_gpu4_main.log
D,709,1.15,/workspace/PVB/outputs/pvb_origin_baselines/dynamic_retrain/baseline_d_train_gpu4_main.log
D,710,0.462,/workspace/PVB/outputs/pvb_origin_baselines/dynamic_retrain/baseline_d_train_gpu4_main.log
D,711,0.89,/workspace/PVB/outputs/pvb_origin_baselines/dynamic_retrain/baseline_d_train_gpu4_main.log
D,712,1.06,/workspace/PVB/outputs/pvb_origin_baselines/dynamic_retrain/baseline_d_train_gpu4_main.log
D,713,1.07,/workspace/PVB/outputs/pvb_origin_baselines/dynamic_retrain/baseline_d_train_gpu4_main.log
D,714,1.04,/workspace/PVB/outputs/pvb_origin_baselines/dynamic_retrain/baseline_d_train_gpu4_main.log
D,715,16.4,/workspace/PVB/outputs/pvb_origin_baselines/dynamic_retrain/baseline_d_train_gpu4_main.log
D,716,1.14,/workspace/PVB/outputs/pvb_origin_baselines/dynamic_retrain/baseline_d_train_gpu4_main.log
D,717,0.798,/workspace/PVB/outputs/pvb_origin_baselines/dynamic_retrain/baseline_d_train_gpu4_main.log
D,718,1.86,/workspace/PVB/outputs/pvb_origin_baselines/dynamic_retrain/baseline_d_train_gpu4_main.log
D,719,0.489,/workspace/PVB/outputs/pvb_origin_baselines/dynamic_retrain/baseline_d_train_gpu4_main.log
D,720,1.03,/workspace/PVB/outputs/pvb_origin_baselines/dynamic_retrain/baseline_d_train_gpu4_main.log
D,721,0.863,/workspace/PVB/outputs/pvb_origin_baselines/dynamic_retrain/baseline_d_train_gpu4_main.log
D,722,1.67,/workspace/PVB/outputs/pvb_origin_baselines/dynamic_retrain/baseline_d_train_gpu4_main.log
D,723,0.468,/workspace/PVB/outputs/pvb_origin_baselines/dynamic_retrain/baseline_d_train_gpu4_main.log
D,724,2.19,/workspace/PVB/outputs/pvb_origin_baselines/dynamic_retrain/baseline_d_train_gpu4_main.log
D,725,2.46,/workspace/PVB/outputs/pvb_origin_baselines/dynamic_retrain/baseline_d_train_gpu4_main.log
D,726,0.814,/workspace/PVB/outputs/pvb_origin_baselines/dynamic_retrain/baseline_d_train_gpu4_main.log
D,727,1.46,/workspace/PVB/outputs/pvb_origin_baselines/dynamic_retrain/baseline_d_train_gpu4_main.log
D,728,11.0,/workspace/PVB/outputs/pvb_origin_baselines/dynamic_retrain/baseline_d_train_gpu4_main.log
D,729,0.66,/workspace/PVB/outputs/pvb_origin_baselines/dynamic_retrain/baseline_d_train_gpu4_main.log
D,730,1.1,/workspace/PVB/outputs/pvb_origin_baselines/dynamic_retrain/baseline_d_train_gpu4_main.log
D,731,1.37,/workspace/PVB/outputs/pvb_origin_baselines/dynamic_retrain/baseline_d_train_gpu4_main.log
D,732,0.77,/workspace/PVB/outputs/pvb_origin_baselines/dynamic_retrain/baseline_d_train_gpu4_main.log
D,733,0.753,/workspace/PVB/outputs/pvb_origin_baselines/dynamic_retrain/baseline_d_train_gpu4_main.log
D,734,0.623,/workspace/PVB/outputs/pvb_origin_baselines/dynamic_retrain/baseline_d_train_gpu4_main.log
D,735,0.706,/workspace/PVB/outputs/pvb_origin_baselines/dynamic_retrain/baseline_d_train_gpu4_main.log
D,736,1.09,/workspace/PVB/outputs/pvb_origin_baselines/dynamic_retrain/baseline_d_train_gpu4_main.log
D,737,0.503,/workspace/PVB/outputs/pvb_origin_baselines/dynamic_retrain/baseline_d_train_gpu4_main.log
D,738,1.09,/workspace/PVB/outputs/pvb_origin_baselines/dynamic_retrain/baseline_d_train_gpu4_main.log
D,739,0.731,/workspace/PVB/outputs/pvb_origin_baselines/dynamic_retrain/baseline_d_train_gpu4_main.log
D,740,0.902,/workspace/PVB/outputs/pvb_origin_baselines/dynamic_retrain/baseline_d_train_gpu4_main.log
D,741,0.781,/workspace/PVB/outputs/pvb_origin_baselines/dynamic_retrain/baseline_d_train_gpu4_main.log
D,742,0.596,/workspace/PVB/outputs/pvb_origin_baselines/dynamic_retrain/baseline_d_train_gpu4_main.log
D,743,0.923,/workspace/PVB/outputs/pvb_origin_baselines/dynamic_retrain/baseline_d_train_gpu4_main.log
D,744,0.657,/workspace/PVB/outputs/pvb_origin_baselines/dynamic_retrain/baseline_d_train_gpu4_main.log
D,745,0.577,/workspace/PVB/outputs/pvb_origin_baselines/dynamic_retrain/baseline_d_train_gpu4_main.log
D,746,0.905,/workspace/PVB/outputs/pvb_origin_baselines/dynamic_retrain/baseline_d_train_gpu4_main.log
D,747,1.39,/workspace/PVB/outputs/pvb_origin_baselines/dynamic_retrain/baseline_d_train_gpu4_main.log
D,748,0.611,/workspace/PVB/outputs/pvb_origin_baselines/dynamic_retrain/baseline_d_train_gpu4_main.log
D,749,6.37,/workspace/PVB/outputs/pvb_origin_baselines/dynamic_retrain/baseline_d_train_gpu4_main.log
D,750,0.471,/workspace/PVB/outputs/pvb_origin_baselines/dynamic_retrain/baseline_d_train_gpu4_main.log
D,751,0.355,/workspace/PVB/outputs/pvb_origin_baselines/dynamic_retrain/baseline_d_train_gpu4_main.log
D,752,1.08,/workspace/PVB/outputs/pvb_origin_baselines/dynamic_retrain/baseline_d_train_gpu4_main.log
D,753,0.858,/workspace/PVB/outputs/pvb_origin_baselines/dynamic_retrain/baseline_d_train_gpu4_main.log
D,754,0.996,/workspace/PVB/outputs/pvb_origin_baselines/dynamic_retrain/baseline_d_train_gpu4_main.log
D,755,1.38,/workspace/PVB/outputs/pvb_origin_baselines/dynamic_retrain/baseline_d_train_gpu4_main.log
D,756,0.739,/workspace/PVB/outputs/pvb_origin_baselines/dynamic_retrain/baseline_d_train_gpu4_main.log
D,757,0.718,/workspace/PVB/outputs/pvb_origin_baselines/dynamic_retrain/baseline_d_train_gpu4_main.log
D,758,0.473,/workspace/PVB/outputs/pvb_origin_baselines/dynamic_retrain/baseline_d_train_gpu4_main.log
D,759,1.32,/workspace/PVB/outputs/pvb_origin_baselines/dynamic_retrain/baseline_d_train_gpu4_main.log
D,760,0.566,/workspace/PVB/outputs/pvb_origin_baselines/dynamic_retrain/baseline_d_train_gpu4_main.log
D,761,1.14,/workspace/PVB/outputs/pvb_origin_baselines/dynamic_retrain/baseline_d_train_gpu4_main.log
D,762,1.04,/workspace/PVB/outputs/pvb_origin_baselines/dynamic_retrain/baseline_d_train_gpu4_main.log
D,763,1.11,/workspace/PVB/outputs/pvb_origin_baselines/dynamic_retrain/baseline_d_train_gpu4_main.log
D,764,0.989,/workspace/PVB/outputs/pvb_origin_baselines/dynamic_retrain/baseline_d_train_gpu4_main.log
D,765,0.914,/workspace/PVB/outputs/pvb_origin_baselines/dynamic_retrain/baseline_d_train_gpu4_main.log
D,766,5.28,/workspace/PVB/outputs/pvb_origin_baselines/dynamic_retrain/baseline_d_train_gpu4_main.log
D,767,0.42,/workspace/PVB/outputs/pvb_origin_baselines/dynamic_retrain/baseline_d_train_gpu4_main.log
D,768,1.46,/workspace/PVB/outputs/pvb_origin_baselines/dynamic_retrain/baseline_d_train_gpu4_main.log
D,769,0.426,/workspace/PVB/outputs/pvb_origin_baselines/dynamic_retrain/baseline_d_train_gpu4_main.log
D,770,1.88,/workspace/PVB/outputs/pvb_origin_baselines/dynamic_retrain/baseline_d_train_gpu4_main.log
D,771,0.518,/workspace/PVB/outputs/pvb_origin_baselines/dynamic_retrain/baseline_d_train_gpu4_main.log
D,772,1.08,/workspace/PVB/outputs/pvb_origin_baselines/dynamic_retrain/baseline_d_train_gpu4_main.log
D,773,0.807,/workspace/PVB/outputs/pvb_origin_baselines/dynamic_retrain/baseline_d_train_gpu4_main.log
D,774,0.327,/workspace/PVB/outputs/pvb_origin_baselines/dynamic_retrain/baseline_d_train_gpu4_main.log
D,775,0.763,/workspace/PVB/outputs/pvb_origin_baselines/dynamic_retrain/baseline_d_train_gpu4_main.log
D,776,1.12,/workspace/PVB/outputs/pvb_origin_baselines/dynamic_retrain/baseline_d_train_gpu4_main.log
D,777,0.768,/workspace/PVB/outputs/pvb_origin_baselines/dynamic_retrain/baseline_d_train_gpu4_main.log
D,778,0.534,/workspace/PVB/outputs/pvb_origin_baselines/dynamic_retrain/baseline_d_train_gpu4_main.log
D,779,1.03,/workspace/PVB/outputs/pvb_origin_baselines/dynamic_retrain/baseline_d_train_gpu4_main.log
D,780,0.33,/workspace/PVB/outputs/pvb_origin_baselines/dynamic_retrain/baseline_d_train_gpu4_main.log
D,781,1.06,/workspace/PVB/outputs/pvb_origin_baselines/dynamic_retrain/baseline_d_train_gpu4_main.log
D,782,0.517,/workspace/PVB/outputs/pvb_origin_baselines/dynamic_retrain/baseline_d_train_gpu4_main.log
D,783,0.442,/workspace/PVB/outputs/pvb_origin_baselines/dynamic_retrain/baseline_d_train_gpu4_main.log
D,784,0.386,/workspace/PVB/outputs/pvb_origin_baselines/dynamic_retrain/baseline_d_train_gpu4_main.log
D,785,0.461,/workspace/PVB/outputs/pvb_origin_baselines/dynamic_retrain/baseline_d_train_gpu4_main.log
D,786,0.635,/workspace/PVB/outputs/pvb_origin_baselines/dynamic_retrain/baseline_d_train_gpu4_main.log
D,787,0.851,/workspace/PVB/outputs/pvb_origin_baselines/dynamic_retrain/baseline_d_train_gpu4_main.log
D,788,0.578,/workspace/PVB/outputs/pvb_origin_baselines/dynamic_retrain/baseline_d_train_gpu4_main.log
D,789,0.757,/workspace/PVB/outputs/pvb_origin_baselines/dynamic_retrain/baseline_d_train_gpu4_main.log
D,790,1.05,/workspace/PVB/outputs/pvb_origin_baselines/dynamic_retrain/baseline_d_train_gpu4_main.log
D,791,0.326,/workspace/PVB/outputs/pvb_origin_baselines/dynamic_retrain/baseline_d_train_gpu4_main.log
D,792,1.42,/workspace/PVB/outputs/pvb_origin_baselines/dynamic_retrain/baseline_d_train_gpu4_main.log
D,793,0.762,/workspace/PVB/outputs/pvb_origin_baselines/dynamic_retrain/baseline_d_train_gpu4_main.log
D,794,0.249,/workspace/PVB/outputs/pvb_origin_baselines/dynamic_retrain/baseline_d_train_gpu4_main.log
D,795,0.565,/workspace/PVB/outputs/pvb_origin_baselines/dynamic_retrain/baseline_d_train_gpu4_main.log
D,796,1.47,/workspace/PVB/outputs/pvb_origin_baselines/dynamic_retrain/baseline_d_train_gpu4_main.log
D,797,1.31,/workspace/PVB/outputs/pvb_origin_baselines/dynamic_retrain/baseline_d_train_gpu4_main.log
D,798,0.635,/workspace/PVB/outputs/pvb_origin_baselines/dynamic_retrain/baseline_d_train_gpu4_main.log
D,799,1.34,/workspace/PVB/outputs/pvb_origin_baselines/dynamic_retrain/baseline_d_train_gpu4_main.log
D,800,1.45,/workspace/PVB/outputs/pvb_origin_baselines/dynamic_retrain/baseline_d_train_gpu4_main.log
D,801,1.65,/workspace/PVB/outputs/pvb_origin_baselines/dynamic_retrain/baseline_d_train_gpu4_main.log
D,802,0.667,/workspace/PVB/outputs/pvb_origin_baselines/dynamic_retrain/baseline_d_train_gpu4_main.log
D,803,0.81,/workspace/PVB/outputs/pvb_origin_baselines/dynamic_retrain/baseline_d_train_gpu4_main.log
D,804,0.9,/workspace/PVB/outputs/pvb_origin_baselines/dynamic_retrain/baseline_d_train_gpu4_main.log
D,805,0.903,/workspace/PVB/outputs/pvb_origin_baselines/dynamic_retrain/baseline_d_train_gpu4_main.log
D,806,0.562,/workspace/PVB/outputs/pvb_origin_baselines/dynamic_retrain/baseline_d_train_gpu4_main.log
D,807,0.753,/workspace/PVB/outputs/pvb_origin_baselines/dynamic_retrain/baseline_d_train_gpu4_main.log
D,808,0.85,/workspace/PVB/outputs/pvb_origin_baselines/dynamic_retrain/baseline_d_train_gpu4_main.log
D,809,0.637,/workspace/PVB/outputs/pvb_origin_baselines/dynamic_retrain/baseline_d_train_gpu4_main.log
D,810,0.407,/workspace/PVB/outputs/pvb_origin_baselines/dynamic_retrain/baseline_d_train_gpu4_main.log
D,811,1.03,/workspace/PVB/outputs/pvb_origin_baselines/dynamic_retrain/baseline_d_train_gpu4_main.log
D,812,0.292,/workspace/PVB/outputs/pvb_origin_baselines/dynamic_retrain/baseline_d_train_gpu4_main.log
D,813,0.797,/workspace/PVB/outputs/pvb_origin_baselines/dynamic_retrain/baseline_d_train_gpu4_main.log
D,814,0.493,/workspace/PVB/outputs/pvb_origin_baselines/dynamic_retrain/baseline_d_train_gpu4_main.log
D,815,0.626,/workspace/PVB/outputs/pvb_origin_baselines/dynamic_retrain/baseline_d_train_gpu4_main.log
D,816,0.746,/workspace/PVB/outputs/pvb_origin_baselines/dynamic_retrain/baseline_d_train_gpu4_main.log
D,817,0.575,/workspace/PVB/outputs/pvb_origin_baselines/dynamic_retrain/baseline_d_train_gpu4_main.log
D,818,0.801,/workspace/PVB/outputs/pvb_origin_baselines/dynamic_retrain/baseline_d_train_gpu4_main.log
D,819,1.14,/workspace/PVB/outputs/pvb_origin_baselines/dynamic_retrain/baseline_d_train_gpu4_main.log
D,820,0.443,/workspace/PVB/outputs/pvb_origin_baselines/dynamic_retrain/baseline_d_train_gpu4_main.log
D,821,0.539,/workspace/PVB/outputs/pvb_origin_baselines/dynamic_retrain/baseline_d_train_gpu4_main.log
D,822,0.75,/workspace/PVB/outputs/pvb_origin_baselines/dynamic_retrain/baseline_d_train_gpu4_main.log
D,823,0.625,/workspace/PVB/outputs/pvb_origin_baselines/dynamic_retrain/baseline_d_train_gpu4_main.log
D,824,0.795,/workspace/PVB/outputs/pvb_origin_baselines/dynamic_retrain/baseline_d_train_gpu4_main.log
D,825,0.404,/workspace/PVB/outputs/pvb_origin_baselines/dynamic_retrain/baseline_d_train_gpu4_main.log
D,826,1.74,/workspace/PVB/outputs/pvb_origin_baselines/dynamic_retrain/baseline_d_train_gpu4_main.log
D,827,0.591,/workspace/PVB/outputs/pvb_origin_baselines/dynamic_retrain/baseline_d_train_gpu4_main.log
D,828,1.5,/workspace/PVB/outputs/pvb_origin_baselines/dynamic_retrain/baseline_d_train_gpu4_main.log
D,829,0.471,/workspace/PVB/outputs/pvb_origin_baselines/dynamic_retrain/baseline_d_train_gpu4_main.log
D,830,0.517,/workspace/PVB/outputs/pvb_origin_baselines/dynamic_retrain/baseline_d_train_gpu4_main.log
D,831,0.53,/workspace/PVB/outputs/pvb_origin_baselines/dynamic_retrain/baseline_d_train_gpu4_main.log
D,832,0.722,/workspace/PVB/outputs/pvb_origin_baselines/dynamic_retrain/baseline_d_train_gpu4_main.log
D,833,0.87,/workspace/PVB/outputs/pvb_origin_baselines/dynamic_retrain/baseline_d_train_gpu4_main.log
D,834,1.21,/workspace/PVB/outputs/pvb_origin_baselines/dynamic_retrain/baseline_d_train_gpu4_main.log
D,835,0.568,/workspace/PVB/outputs/pvb_origin_baselines/dynamic_retrain/baseline_d_train_gpu4_main.log
D,836,0.416,/workspace/PVB/outputs/pvb_origin_baselines/dynamic_retrain/baseline_d_train_gpu4_main.log
D,837,0.294,/workspace/PVB/outputs/pvb_origin_baselines/dynamic_retrain/baseline_d_train_gpu4_main.log
D,838,0.613,/workspace/PVB/outputs/pvb_origin_baselines/dynamic_retrain/baseline_d_train_gpu4_main.log
D,839,0.499,/workspace/PVB/outputs/pvb_origin_baselines/dynamic_retrain/baseline_d_train_gpu4_main.log
D,840,1.76,/workspace/PVB/outputs/pvb_origin_baselines/dynamic_retrain/baseline_d_train_gpu4_main.log
D,841,0.456,/workspace/PVB/outputs/pvb_origin_baselines/dynamic_retrain/baseline_d_train_gpu4_main.log
D,842,1.96,/workspace/PVB/outputs/pvb_origin_baselines/dynamic_retrain/baseline_d_train_gpu4_main.log
D,843,5.07,/workspace/PVB/outputs/pvb_origin_baselines/dynamic_retrain/baseline_d_train_gpu4_main.log
D,844,0.498,/workspace/PVB/outputs/pvb_origin_baselines/dynamic_retrain/baseline_d_train_gpu4_main.log
D,845,0.584,/workspace/PVB/outputs/pvb_origin_baselines/dynamic_retrain/baseline_d_train_gpu4_main.log
D,846,0.618,/workspace/PVB/outputs/pvb_origin_baselines/dynamic_retrain/baseline_d_train_gpu4_main.log
D,847,0.963,/workspace/PVB/outputs/pvb_origin_baselines/dynamic_retrain/baseline_d_train_gpu4_main.log
D,848,0.996,/workspace/PVB/outputs/pvb_origin_baselines/dynamic_retrain/baseline_d_train_gpu4_main.log
D,849,0.459,/workspace/PVB/outputs/pvb_origin_baselines/dynamic_retrain/baseline_d_train_gpu4_main.log
D,850,0.434,/workspace/PVB/outputs/pvb_origin_baselines/dynamic_retrain/baseline_d_train_gpu4_main.log
D,851,1.01,/workspace/PVB/outputs/pvb_origin_baselines/dynamic_retrain/baseline_d_train_gpu4_main.log
D,852,9.75,/workspace/PVB/outputs/pvb_origin_baselines/dynamic_retrain/baseline_d_train_gpu4_main.log
D,853,0.475,/workspace/PVB/outputs/pvb_origin_baselines/dynamic_retrain/baseline_d_train_gpu4_main.log
D,854,1.52,/workspace/PVB/outputs/pvb_origin_baselines/dynamic_retrain/baseline_d_train_gpu4_main.log
D,855,0.556,/workspace/PVB/outputs/pvb_origin_baselines/dynamic_retrain/baseline_d_train_gpu4_main.log
D,856,1.0,/workspace/PVB/outputs/pvb_origin_baselines/dynamic_retrain/baseline_d_train_gpu4_main.log
D,857,1.01,/workspace/PVB/outputs/pvb_origin_baselines/dynamic_retrain/baseline_d_train_gpu4_main.log
D,858,0.679,/workspace/PVB/outputs/pvb_origin_baselines/dynamic_retrain/baseline_d_train_gpu4_main.log
D,859,0.813,/workspace/PVB/outputs/pvb_origin_baselines/dynamic_retrain/baseline_d_train_gpu4_main.log
D,860,0.529,/workspace/PVB/outputs/pvb_origin_baselines/dynamic_retrain/baseline_d_train_gpu4_main.log
D,861,1.08,/workspace/PVB/outputs/pvb_origin_baselines/dynamic_retrain/baseline_d_train_gpu4_main.log
D,862,0.732,/workspace/PVB/outputs/pvb_origin_baselines/dynamic_retrain/baseline_d_train_gpu4_main.log
D,863,4.94,/workspace/PVB/outputs/pvb_origin_baselines/dynamic_retrain/baseline_d_train_gpu4_main.log
D,864,0.412,/workspace/PVB/outputs/pvb_origin_baselines/dynamic_retrain/baseline_d_train_gpu4_main.log
D,865,0.956,/workspace/PVB/outputs/pvb_origin_baselines/dynamic_retrain/baseline_d_train_gpu4_main.log
D,866,1.23,/workspace/PVB/outputs/pvb_origin_baselines/dynamic_retrain/baseline_d_train_gpu4_main.log
D,867,0.915,/workspace/PVB/outputs/pvb_origin_baselines/dynamic_retrain/baseline_d_train_gpu4_main.log
D,868,0.519,/workspace/PVB/outputs/pvb_origin_baselines/dynamic_retrain/baseline_d_train_gpu4_main.log
D,869,1.25,/workspace/PVB/outputs/pvb_origin_baselines/dynamic_retrain/baseline_d_train_gpu4_main.log
D,870,0.559,/workspace/PVB/outputs/pvb_origin_baselines/dynamic_retrain/baseline_d_train_gpu4_main.log
D,871,0.741,/workspace/PVB/outputs/pvb_origin_baselines/dynamic_retrain/baseline_d_train_gpu4_main.log
D,872,0.433,/workspace/PVB/outputs/pvb_origin_baselines/dynamic_retrain/baseline_d_train_gpu4_main.log
D,873,1.91,/workspace/PVB/outputs/pvb_origin_baselines/dynamic_retrain/baseline_d_train_gpu4_main.log
D,874,0.802,/workspace/PVB/outputs/pvb_origin_baselines/dynamic_retrain/baseline_d_train_gpu4_main.log
D,875,1.27,/workspace/PVB/outputs/pvb_origin_baselines/dynamic_retrain/baseline_d_train_gpu4_main.log
D,876,0.632,/workspace/PVB/outputs/pvb_origin_baselines/dynamic_retrain/baseline_d_train_gpu4_main.log
D,877,1.0,/workspace/PVB/outputs/pvb_origin_baselines/dynamic_retrain/baseline_d_train_gpu4_main.log
D,878,0.696,/workspace/PVB/outputs/pvb_origin_baselines/dynamic_retrain/baseline_d_train_gpu4_main.log
D,879,0.598,/workspace/PVB/outputs/pvb_origin_baselines/dynamic_retrain/baseline_d_train_gpu4_main.log
D,880,0.298,/workspace/PVB/outputs/pvb_origin_baselines/dynamic_retrain/baseline_d_train_gpu4_main.log
D,881,1.83,/workspace/PVB/outputs/pvb_origin_baselines/dynamic_retrain/baseline_d_train_gpu4_main.log
D,882,0.759,/workspace/PVB/outputs/pvb_origin_baselines/dynamic_retrain/baseline_d_train_gpu4_main.log
D,883,5.32,/workspace/PVB/outputs/pvb_origin_baselines/dynamic_retrain/baseline_d_train_gpu4_main.log
D,884,0.498,/workspace/PVB/outputs/pvb_origin_baselines/dynamic_retrain/baseline_d_train_gpu4_main.log
D,885,1.25,/workspace/PVB/outputs/pvb_origin_baselines/dynamic_retrain/baseline_d_train_gpu4_main.log
D,886,1.03,/workspace/PVB/outputs/pvb_origin_baselines/dynamic_retrain/baseline_d_train_gpu4_main.log
D,887,0.577,/workspace/PVB/outputs/pvb_origin_baselines/dynamic_retrain/baseline_d_train_gpu4_main.log
D,888,0.629,/workspace/PVB/outputs/pvb_origin_baselines/dynamic_retrain/baseline_d_train_gpu4_main.log
D,889,0.976,/workspace/PVB/outputs/pvb_origin_baselines/dynamic_retrain/baseline_d_train_gpu4_main.log
D,890,0.328,/workspace/PVB/outputs/pvb_origin_baselines/dynamic_retrain/baseline_d_train_gpu4_main.log
D,891,0.557,/workspace/PVB/outputs/pvb_origin_baselines/dynamic_retrain/baseline_d_train_gpu4_main.log
D,892,1.04,/workspace/PVB/outputs/pvb_origin_baselines/dynamic_retrain/baseline_d_train_gpu4_main.log
D,893,0.614,/workspace/PVB/outputs/pvb_origin_baselines/dynamic_retrain/baseline_d_train_gpu4_main.log
D,894,0.626,/workspace/PVB/outputs/pvb_origin_baselines/dynamic_retrain/baseline_d_train_gpu4_main.log
D,895,0.478,/workspace/PVB/outputs/pvb_origin_baselines/dynamic_retrain/baseline_d_train_gpu4_main.log
D,896,1.44,/workspace/PVB/outputs/pvb_origin_baselines/dynamic_retrain/baseline_d_train_gpu4_main.log
D,897,1.14,/workspace/PVB/outputs/pvb_origin_baselines/dynamic_retrain/baseline_d_train_gpu4_main.log
D,898,1.49,/workspace/PVB/outputs/pvb_origin_baselines/dynamic_retrain/baseline_d_train_gpu4_main.log
D,899,0.847,/workspace/PVB/outputs/pvb_origin_baselines/dynamic_retrain/baseline_d_train_gpu4_main.log
D,900,0.897,/workspace/PVB/outputs/pvb_origin_baselines/dynamic_retrain/baseline_d_train_gpu4_main.log
D,901,0.769,/workspace/PVB/outputs/pvb_origin_baselines/dynamic_retrain/baseline_d_train_gpu4_main.log
D,902,0.598,/workspace/PVB/outputs/pvb_origin_baselines/dynamic_retrain/baseline_d_train_gpu4_main.log
D,903,1.1,/workspace/PVB/outputs/pvb_origin_baselines/dynamic_retrain/baseline_d_train_gpu4_main.log
D,904,1.38,/workspace/PVB/outputs/pvb_origin_baselines/dynamic_retrain/baseline_d_train_gpu4_main.log
D,905,1.22,/workspace/PVB/outputs/pvb_origin_baselines/dynamic_retrain/baseline_d_train_gpu4_main.log
D,906,0.457,/workspace/PVB/outputs/pvb_origin_baselines/dynamic_retrain/baseline_d_train_gpu4_main.log
D,907,1.07,/workspace/PVB/outputs/pvb_origin_baselines/dynamic_retrain/baseline_d_train_gpu4_main.log
D,908,0.69,/workspace/PVB/outputs/pvb_origin_baselines/dynamic_retrain/baseline_d_train_gpu4_main.log
D,909,0.692,/workspace/PVB/outputs/pvb_origin_baselines/dynamic_retrain/baseline_d_train_gpu4_main.log
D,910,1.16,/workspace/PVB/outputs/pvb_origin_baselines/dynamic_retrain/baseline_d_train_gpu4_main.log
D,911,0.786,/workspace/PVB/outputs/pvb_origin_baselines/dynamic_retrain/baseline_d_train_gpu4_main.log
D,912,0.576,/workspace/PVB/outputs/pvb_origin_baselines/dynamic_retrain/baseline_d_train_gpu4_main.log
D,913,4.83,/workspace/PVB/outputs/pvb_origin_baselines/dynamic_retrain/baseline_d_train_gpu4_main.log
D,914,0.7,/workspace/PVB/outputs/pvb_origin_baselines/dynamic_retrain/baseline_d_train_gpu4_main.log
D,915,0.647,/workspace/PVB/outputs/pvb_origin_baselines/dynamic_retrain/baseline_d_train_gpu4_main.log
D,916,0.565,/workspace/PVB/outputs/pvb_origin_baselines/dynamic_retrain/baseline_d_train_gpu4_main.log
D,917,0.524,/workspace/PVB/outputs/pvb_origin_baselines/dynamic_retrain/baseline_d_train_gpu4_main.log
D,918,0.438,/workspace/PVB/outputs/pvb_origin_baselines/dynamic_retrain/baseline_d_train_gpu4_main.log
D,919,0.708,/workspace/PVB/outputs/pvb_origin_baselines/dynamic_retrain/baseline_d_train_gpu4_main.log
D,920,0.37,/workspace/PVB/outputs/pvb_origin_baselines/dynamic_retrain/baseline_d_train_gpu4_main.log
D,921,1.03,/workspace/PVB/outputs/pvb_origin_baselines/dynamic_retrain/baseline_d_train_gpu4_main.log
D,922,1.0,/workspace/PVB/outputs/pvb_origin_baselines/dynamic_retrain/baseline_d_train_gpu4_main.log
D,923,1.02,/workspace/PVB/outputs/pvb_origin_baselines/dynamic_retrain/baseline_d_train_gpu4_main.log
D,924,0.758,/workspace/PVB/outputs/pvb_origin_baselines/dynamic_retrain/baseline_d_train_gpu4_main.log
D,925,2.19,/workspace/PVB/outputs/pvb_origin_baselines/dynamic_retrain/baseline_d_train_gpu4_main.log
D,926,2.89,/workspace/PVB/outputs/pvb_origin_baselines/dynamic_retrain/baseline_d_train_gpu4_main.log
D,927,1.34,/workspace/PVB/outputs/pvb_origin_baselines/dynamic_retrain/baseline_d_train_gpu4_main.log
D,928,0.859,/workspace/PVB/outputs/pvb_origin_baselines/dynamic_retrain/baseline_d_train_gpu4_main.log
D,929,2.31,/workspace/PVB/outputs/pvb_origin_baselines/dynamic_retrain/baseline_d_train_gpu4_main.log
D,930,0.774,/workspace/PVB/outputs/pvb_origin_baselines/dynamic_retrain/baseline_d_train_gpu4_main.log
D,931,1.13,/workspace/PVB/outputs/pvb_origin_baselines/dynamic_retrain/baseline_d_train_gpu4_main.log
D,932,0.779,/workspace/PVB/outputs/pvb_origin_baselines/dynamic_retrain/baseline_d_train_gpu4_main.log
D,933,0.84,/workspace/PVB/outputs/pvb_origin_baselines/dynamic_retrain/baseline_d_train_gpu4_main.log
D,934,0.841,/workspace/PVB/outputs/pvb_origin_baselines/dynamic_retrain/baseline_d_train_gpu4_main.log
D,935,0.591,/workspace/PVB/outputs/pvb_origin_baselines/dynamic_retrain/baseline_d_train_gpu4_main.log
D,936,0.775,/workspace/PVB/outputs/pvb_origin_baselines/dynamic_retrain/baseline_d_train_gpu4_main.log
D,937,0.702,/workspace/PVB/outputs/pvb_origin_baselines/dynamic_retrain/baseline_d_train_gpu4_main.log
D,938,0.895,/workspace/PVB/outputs/pvb_origin_baselines/dynamic_retrain/baseline_d_train_gpu4_main.log
D,939,0.626,/workspace/PVB/outputs/pvb_origin_baselines/dynamic_retrain/baseline_d_train_gpu4_main.log
D,940,0.397,/workspace/PVB/outputs/pvb_origin_baselines/dynamic_retrain/baseline_d_train_gpu4_main.log
D,941,0.666,/workspace/PVB/outputs/pvb_origin_baselines/dynamic_retrain/baseline_d_train_gpu4_main.log
D,942,1.01,/workspace/PVB/outputs/pvb_origin_baselines/dynamic_retrain/baseline_d_train_gpu4_main.log
D,943,0.606,/workspace/PVB/outputs/pvb_origin_baselines/dynamic_retrain/baseline_d_train_gpu4_main.log
D,944,1.5,/workspace/PVB/outputs/pvb_origin_baselines/dynamic_retrain/baseline_d_train_gpu4_main.log
D,945,1.1,/workspace/PVB/outputs/pvb_origin_baselines/dynamic_retrain/baseline_d_train_gpu4_main.log
D,946,0.84,/workspace/PVB/outputs/pvb_origin_baselines/dynamic_retrain/baseline_d_train_gpu4_main.log
D,947,1.7,/workspace/PVB/outputs/pvb_origin_baselines/dynamic_retrain/baseline_d_train_gpu4_main.log
D,948,0.605,/workspace/PVB/outputs/pvb_origin_baselines/dynamic_retrain/baseline_d_train_gpu4_main.log
D,949,0.94,/workspace/PVB/outputs/pvb_origin_baselines/dynamic_retrain/baseline_d_train_gpu4_main.log
D,950,1.1,/workspace/PVB/outputs/pvb_origin_baselines/dynamic_retrain/baseline_d_train_gpu4_main.log
D,951,0.557,/workspace/PVB/outputs/pvb_origin_baselines/dynamic_retrain/baseline_d_train_gpu4_main.log
D,952,1.08,/workspace/PVB/outputs/pvb_origin_baselines/dynamic_retrain/baseline_d_train_gpu4_main.log
D,953,0.53,/workspace/PVB/outputs/pvb_origin_baselines/dynamic_retrain/baseline_d_train_gpu4_main.log
D,954,0.517,/workspace/PVB/outputs/pvb_origin_baselines/dynamic_retrain/baseline_d_train_gpu4_main.log
D,955,1.64,/workspace/PVB/outputs/pvb_origin_baselines/dynamic_retrain/baseline_d_train_gpu4_main.log
D,956,0.844,/workspace/PVB/outputs/pvb_origin_baselines/dynamic_retrain/baseline_d_train_gpu4_main.log
D,957,2.75,/workspace/PVB/outputs/pvb_origin_baselines/dynamic_retrain/baseline_d_train_gpu4_main.log
D,958,0.96,/workspace/PVB/outputs/pvb_origin_baselines/dynamic_retrain/baseline_d_train_gpu4_main.log
D,959,0.554,/workspace/PVB/outputs/pvb_origin_baselines/dynamic_retrain/baseline_d_train_gpu4_main.log
D,960,0.611,/workspace/PVB/outputs/pvb_origin_baselines/dynamic_retrain/baseline_d_train_gpu4_main.log
D,961,0.334,/workspace/PVB/outputs/pvb_origin_baselines/dynamic_retrain/baseline_d_train_gpu4_main.log
D,962,0.541,/workspace/PVB/outputs/pvb_origin_baselines/dynamic_retrain/baseline_d_train_gpu4_main.log
D,963,1.64,/workspace/PVB/outputs/pvb_origin_baselines/dynamic_retrain/baseline_d_train_gpu4_main.log
D,964,0.509,/workspace/PVB/outputs/pvb_origin_baselines/dynamic_retrain/baseline_d_train_gpu4_main.log
D,965,0.803,/workspace/PVB/outputs/pvb_origin_baselines/dynamic_retrain/baseline_d_train_gpu4_main.log
D,966,0.365,/workspace/PVB/outputs/pvb_origin_baselines/dynamic_retrain/baseline_d_train_gpu4_main.log
D,967,0.647,/workspace/PVB/outputs/pvb_origin_baselines/dynamic_retrain/baseline_d_train_gpu4_main.log
D,968,1.82,/workspace/PVB/outputs/pvb_origin_baselines/dynamic_retrain/baseline_d_train_gpu4_main.log
D,969,0.849,/workspace/PVB/outputs/pvb_origin_baselines/dynamic_retrain/baseline_d_train_gpu4_main.log
D,970,0.31,/workspace/PVB/outputs/pvb_origin_baselines/dynamic_retrain/baseline_d_train_gpu4_main.log
D,971,0.453,/workspace/PVB/outputs/pvb_origin_baselines/dynamic_retrain/baseline_d_train_gpu4_main.log
D,972,0.498,/workspace/PVB/outputs/pvb_origin_baselines/dynamic_retrain/baseline_d_train_gpu4_main.log
D,973,0.93,/workspace/PVB/outputs/pvb_origin_baselines/dynamic_retrain/baseline_d_train_gpu4_main.log
D,974,0.645,/workspace/PVB/outputs/pvb_origin_baselines/dynamic_retrain/baseline_d_train_gpu4_main.log
D,975,0.472,/workspace/PVB/outputs/pvb_origin_baselines/dynamic_retrain/baseline_d_train_gpu4_main.log
D,976,0.612,/workspace/PVB/outputs/pvb_origin_baselines/dynamic_retrain/baseline_d_train_gpu4_main.log
D,977,0.623,/workspace/PVB/outputs/pvb_origin_baselines/dynamic_retrain/baseline_d_train_gpu4_main.log
D,978,0.424,/workspace/PVB/outputs/pvb_origin_baselines/dynamic_retrain/baseline_d_train_gpu4_main.log
D,979,0.622,/workspace/PVB/outputs/pvb_origin_baselines/dynamic_retrain/baseline_d_train_gpu4_main.log
D,980,1.84,/workspace/PVB/outputs/pvb_origin_baselines/dynamic_retrain/baseline_d_train_gpu4_main.log
D,981,0.72,/workspace/PVB/outputs/pvb_origin_baselines/dynamic_retrain/baseline_d_train_gpu4_main.log
D,982,0.468,/workspace/PVB/outputs/pvb_origin_baselines/dynamic_retrain/baseline_d_train_gpu4_main.log
D,983,0.394,/workspace/PVB/outputs/pvb_origin_baselines/dynamic_retrain/baseline_d_train_gpu4_main.log
D,984,1.43,/workspace/PVB/outputs/pvb_origin_baselines/dynamic_retrain/baseline_d_train_gpu4_main.log
D,985,0.596,/workspace/PVB/outputs/pvb_origin_baselines/dynamic_retrain/baseline_d_train_gpu4_main.log
D,986,1.44,/workspace/PVB/outputs/pvb_origin_baselines/dynamic_retrain/baseline_d_train_gpu4_main.log
D,987,0.777,/workspace/PVB/outputs/pvb_origin_baselines/dynamic_retrain/baseline_d_train_gpu4_main.log
D,988,0.687,/workspace/PVB/outputs/pvb_origin_baselines/dynamic_retrain/baseline_d_train_gpu4_main.log
D,989,0.371,/workspace/PVB/outputs/pvb_origin_baselines/dynamic_retrain/baseline_d_train_gpu4_main.log
D,990,0.443,/workspace/PVB/outputs/pvb_origin_baselines/dynamic_retrain/baseline_d_train_gpu4_main.log
D,991,0.381,/workspace/PVB/outputs/pvb_origin_baselines/dynamic_retrain/baseline_d_train_gpu4_main.log
D,992,0.683,/workspace/PVB/outputs/pvb_origin_baselines/dynamic_retrain/baseline_d_train_gpu4_main.log
D,993,1.77,/workspace/PVB/outputs/pvb_origin_baselines/dynamic_retrain/baseline_d_train_gpu4_main.log
D,994,1.17,/workspace/PVB/outputs/pvb_origin_baselines/dynamic_retrain/baseline_d_train_gpu4_main.log
D,995,1.67,/workspace/PVB/outputs/pvb_origin_baselines/dynamic_retrain/baseline_d_train_gpu4_main.log
D,996,0.759,/workspace/PVB/outputs/pvb_origin_baselines/dynamic_retrain/baseline_d_train_gpu4_main.log
D,997,0.475,/workspace/PVB/outputs/pvb_origin_baselines/dynamic_retrain/baseline_d_train_gpu4_main.log
D,998,1.04,/workspace/PVB/outputs/pvb_origin_baselines/dynamic_retrain/baseline_d_train_gpu4_main.log
D,999,3.24,/workspace/PVB/outputs/pvb_origin_baselines/dynamic_retrain/baseline_d_train_gpu4_main.log
D,1000,3.24,/workspace/PVB/outputs/pvb_origin_baselines/dynamic_retrain/baseline_d_train_gpu4_main.log
